repo	query	anchor	truth	recv
next.js	CssImport	packages/next/src/build/webpack/loaders/lightningcss-loader/src/loader.ts:8:8	packages/next/src/build/webpack/loaders/lightningcss-loader/src/codegen.ts:8	import
next.js	usage	turbopack/crates/turbopack-tests/tests/execution/turbopack/code-gen/exports-info/input/index.js:1:15	turbopack/crates/turbopack-tests/tests/execution/turbopack/code-gen/exports-info/input/module.js:4	import
next.js	NEXT_ROUTER_PREFETCH_HEADER	packages/next/src/server/route-modules/app-page/parse-request-headers.ts:5:3	packages/next/src/client/components/app-router-headers.ts:7	import
next.js	NEXT_ROUTER_PREFETCH_HEADER	packages/next/src/client/components/router-reducer/set-cache-busting-search-param.ts:8:3	packages/next/src/client/components/app-router-headers.ts:7	import
next.js	NEXT_ROUTER_PREFETCH_HEADER	packages/next/src/server/app-render/action-handler.ts:14:3	packages/next/src/client/components/app-router-headers.ts:7	import
next.js	Hero	examples/cms-payload/app/(site)/[slug]/page.tsx:4:10	examples/cms-payload/components/Hero/index.tsx:15	import
next.js	Hero	examples/with-chakra-ui/src/pages/index.tsx:11:10	examples/with-chakra-ui/src/components/Hero.tsx:3	import
next.js	RequestInsight	packages/next/src/next-devtools/dev-overlay.browser.tsx:63:3	packages/next/src/next-devtools/shared/request-insights.ts:54	import
next.js	RequestInsight	packages/next/src/next-devtools/dev-overlay/components/request-insights/trace-viewer.ts:2:3	packages/next/src/next-devtools/shared/request-insights.ts:54	import
next.js	RequestInsight	packages/next/src/next-devtools/dev-overlay/components/request-insights/trace-viewer.test.ts:1:15	packages/next/src/next-devtools/shared/request-insights.ts:54	import
next.js	handlers	examples/with-msw/mocks/server.ts:2:10	examples/with-msw/mocks/handlers.ts:4	import
next.js	handlers	examples/with-msw/mocks/browser.ts:2:10	examples/with-msw/mocks/handlers.ts:4	import
next.js	submitLargePayload	test/e2e/app-dir/actions/app/body-finalize/page.js:4:10	test/e2e/app-dir/actions/app/body-finalize/actions.js:6	import
next.js	submitLargePayload	test/production/app-dir/actions/app/body-finalize/page.js:4:10	test/production/app-dir/actions/app/body-finalize/actions.js:6	import
next.js	NextLogo	examples/with-supabase/components/hero.tsx:1:10	examples/with-supabase/components/next-logo.tsx:1	import
next.js	NextLogo	packages/next/src/next-devtools/dev-overlay/components/devtools-indicator/next-logo.stories.tsx:2:10	packages/next/src/next-devtools/dev-overlay/components/devtools-indicator/next-logo.tsx:69	import
next.js	NextLogo	packages/next/src/next-devtools/dev-overlay/components/devtools-indicator/devtools-indicator.tsx:4:10	packages/next/src/next-devtools/dev-overlay/components/devtools-indicator/next-logo.tsx:69	import
next.js	dep	turbopack/crates/turbopack-tracing/tests/node-file-trace/test/unit/tsx-input/input.tsx:1:10	turbopack/crates/turbopack-tracing/tests/node-file-trace/test/unit/tsx-input/dep.tsx:1	import
next.js	dep	turbopack/crates/turbopack-tests/tests/execution/turbopack/async-modules/cycle/input/a-sync.js:2:10	turbopack/crates/turbopack-tests/tests/execution/turbopack/async-modules/cycle/input/dep-async.js:3	import
next.js	dep	turbopack/crates/turbopack-tracing/tests/node-file-trace/test/unit/top-level-await/input.js:1:10	turbopack/crates/turbopack-tracing/tests/node-file-trace/test/unit/top-level-await/module.js:1	import
next.js	Bar	turbopack/crates/turbopack-tests/tests/execution/webpack/scope-hoisting/inside-class/input/index.js:2:28	turbopack/crates/turbopack-tests/tests/execution/webpack/scope-hoisting/inside-class/input/second.js:8	import
next.js	Bar	turbopack/crates/turbopack-tests/tests/execution/webpack/scope-hoisting/inside-class/input/index.js:1:15	turbopack/crates/turbopack-tests/tests/execution/webpack/scope-hoisting/inside-class/input/first.js:8	import
next.js	Bar	test/production/app-dir/reference-tree-shaking/library/index.js:11:10	test/production/app-dir/reference-tree-shaking/library/action.js:1	import
next.js	invalidateCaches	packages/next/src/server/dev/dev-validation-worker-pool.ts:5:3	packages/next/src/server/dev/dev-validation-worker.ts:285	import
next.js	C1	turbopack/crates/turbopack-tests/tests/execution/webpack/inner-graph/__skipped__/extend-class2/input/module-expr.js:1:14	turbopack/crates/turbopack-tests/tests/execution/webpack/inner-graph/__skipped__/extend-class2/input/dep-expr.js:28	import
next.js	C1	turbopack/crates/turbopack-tests/tests/execution/webpack/inner-graph/__skipped__/extend-class2/input/module-decl.js:1:14	turbopack/crates/turbopack-tests/tests/execution/webpack/inner-graph/__skipped__/extend-class2/input/dep-decl.js:39	import
next.js	DynamicSrcImage	test/e2e/next-image-legacy/typescript/pages/valid.tsx:7:10	test/e2e/next-image-legacy/typescript/components/image-dynamic-src.tsx:9	import
next.js	DynamicSrcImage	test/e2e/next-image-new/typescript/pages/valid.tsx:7:10	test/e2e/next-image-new/typescript/components/image-dynamic-src.tsx:9	import
next.js	Search	test/e2e/app-dir/searchparams-reuse-loading/app/search/page.tsx:2:10	test/e2e/app-dir/searchparams-reuse-loading/app/search/search.tsx:5	import
next.js	Search	test/development/app-dir/segment-explorer/app/search/page.tsx:1:10	test/development/app-dir/segment-explorer/app/search/search.tsx:5	import
next.js	domains	bench/basic-app/app/dashboard/page.js:117:3	bench/basic-app/app/lib/data.js:644	import
next.js	Server	test/production/app-dir/reference-tree-shaking/app/page.js:1:10	test/production/app-dir/reference-tree-shaking/library/index.js:1	import
next.js	Server	test/e2e/app-dir/actions/app/shared/page.js:1:10	test/e2e/app-dir/actions/app/shared/server.js:3	import
next.js	requestStore	packages/next/src/server/web/sandbox/sandbox.ts:6:3	packages/next/src/server/web/sandbox/context.ts:249	import
next.js	ClientIO	test/e2e/app-dir/ensure-static-navigation-runtime/app/default/client-io/page.tsx:3:10	test/e2e/app-dir/ensure-static-navigation-runtime/app/default/client-io/client.tsx:6	import
next.js	ClientIO	test/e2e/app-dir/ensure-static-navigation/app/default/use-io/page.tsx:2:10	test/e2e/app-dir/ensure-static-navigation/app/default/use-io/client.tsx:5	import
next.js	ClientIO	test/e2e/app-dir/ensure-static-navigation/app/default/blocking-use-io/page.tsx:2:10	test/e2e/app-dir/ensure-static-navigation/app/default/blocking-use-io/client.tsx:5	import
next.js	esmModuleTypeAction	test/production/app-dir/actions-tree-shaking/mixed-module-actions/app/mixed-module/esm/page.js:1:10	test/production/app-dir/actions-tree-shaking/mixed-module-actions/app/mixed-module/esm/actions.js:3	import
next.js	getUncachedRandomData	test/e2e/app-dir/app-static/app/no-store/dynamic/page.tsx:1:10	test/e2e/app-dir/app-static/app/no-store/no-store-fn.ts:3	import
next.js	getUncachedRandomData	test/e2e/app-dir/app-static/app/no-store/static/page.tsx:2:10	test/e2e/app-dir/app-static/app/no-store/no-store-fn.ts:3	import
next.js	shortFn	turbopack/crates/turbopack-tests/tests/execution/turbopack/exports/mangle-off/input/index.js:10:3	turbopack/crates/turbopack-tests/tests/execution/turbopack/exports/mangle-off/input/named-exports.js:10	import
next.js	shortFn	turbopack/crates/turbopack-tests/tests/execution/turbopack/exports/mangle-minify-off/input/index.js:11:3	turbopack/crates/turbopack-tests/tests/execution/turbopack/exports/mangle-minify-off/input/named-exports.js:10	import
next.js	shortFn	turbopack/crates/turbopack-tests/tests/execution/turbopack/exports/mangle-basic/input/index.js:7:3	turbopack/crates/turbopack-tests/tests/execution/turbopack/exports/mangle-basic/input/named-exports.js:10	import
next.js	createHangingInputAbortSignal	packages/next/src/server/app-render/encryption.ts:26:10	packages/next/src/server/app-render/dynamic-rendering.ts:470	import
next.js	createHangingInputAbortSignal	packages/next/src/server/use-cache/use-cache-wrapper.ts:116:3	packages/next/src/server/app-render/dynamic-rendering.ts:470	import
next.js	createHangingInputAbortSignal	packages/next/src/server/og/cache-image-response.ts:7:10	packages/next/src/server/app-render/dynamic-rendering.ts:470	import
next.js	Tooltip	packages/next/src/next-devtools/dev-overlay/components/tooltip/tooltip.stories.tsx:2:10	packages/next/src/next-devtools/dev-overlay/components/tooltip/tooltip.tsx:18	import
next.js	Tooltip	packages/next/src/next-devtools/dev-overlay/components/overview/segment-explorer.tsx:8:10	packages/next/src/next-devtools/dev-overlay/components/tooltip/tooltip.tsx:18	import
next.js	Tooltip	packages/next/src/next-devtools/dev-overlay/components/overview/segment-suggestion.tsx:1:10	packages/next/src/next-devtools/dev-overlay/components/tooltip/tooltip.tsx:18	import
next.js	findUser	examples/with-passport/lib/password-local.js:2:10	examples/with-passport/lib/user.js:32	import
next.js	findUser	examples/with-passport/pages/api/user.js:2:10	examples/with-passport/lib/user.js:32	import
next.js	findUser	examples/api-routes-apollo-server-and-client-auth/apollo/resolvers.ts:1:22	examples/api-routes-apollo-server-and-client-auth/lib/user.ts:32	import
next.js	A	turbopack/crates/turbopack-tests/tests/execution/turbopack/side-effect-optimization/reexport-cycle-async-deadlock/input/index.js:20:24	turbopack/crates/turbopack-tests/tests/execution/turbopack/side-effect-optimization/reexport-cycle-async-deadlock/input/A.ts:8	import
next.js	A	turbopack/crates/turbopack-tests/tests/execution/webpack/inner-graph/class-dynamic-props/input/unused1.js:1:28	turbopack/crates/turbopack-tests/tests/execution/webpack/inner-graph/class-dynamic-props/input/module.js:2	import
next.js	A	turbopack/crates/turbopack-tests/tests/execution/turbopack/async-modules/cycle-2/input/C.ts:1:10	turbopack/crates/turbopack-tests/tests/execution/turbopack/async-modules/cycle-2/input/A.ts:3	import
next.js	exportNumber13	turbopack/crates/turbopack-tests/tests/execution/turbopack/exports/mangle-many-exports/input/consume.js:15:3	turbopack/crates/turbopack-tests/tests/execution/turbopack/exports/mangle-many-exports/input/many-named.js:14	import
next.js	logic	test/production/app-dir/use-cache-code-hash/app/env-dynamic/page.tsx:1:10	test/production/app-dir/use-cache-code-hash/app/env-dynamic/logic.tsx:7	import
next.js	logic	test/production/app-dir/use-cache-code-hash/app/use-cache/page.tsx:1:10	test/production/app-dir/use-cache-code-hash/app/use-cache/logic.tsx:5	import
next.js	omit	packages/next/src/client/resolve-href.ts:5:10	packages/next/src/shared/lib/router/utils/omit.ts:1	import
next.js	omit	packages/next/src/shared/lib/router/router.ts:42:10	packages/next/src/shared/lib/router/utils/omit.ts:1	import
next.js	Feature	examples/with-redis/app/form.tsx:6:10	examples/with-redis/app/types.tsx:1	import
next.js	Feature	examples/with-redis/app/page.tsx:4:10	examples/with-redis/app/types.tsx:1	import
next.js	Feature	packages/next/src/build/webpack-config.ts:58:3	packages/next/src/build/webpack/plugins/telemetry-plugin/telemetry-plugin.ts:25	import
next.js	evaluate	test/lib/gate/runtime.ts:47:10	test/lib/gate/expr.ts:227	import
next.js	evaluate	test/unit/gate/expr.test.ts:1:10	test/lib/gate/expr.ts:227	import
next.js	Animated	examples/with-emotion/pages/index.tsx:3:3	examples/with-emotion/shared/styles.tsx:78	import
next.js	Animated	test/development/basic/emotion-swc/fixture/pages/index.js:3:3	test/development/basic/emotion-swc/fixture/shared/styles.js:76	import
next.js	d	turbopack/crates/turbopack-tests/tests/execution/webpack/inner-graph/class-dynamic-props/input/unused1.js:1:19	turbopack/crates/turbopack-tests/tests/execution/webpack/inner-graph/class-dynamic-props/input/module.js:7	import
next.js	isLocalSpanRecordingEnabled	packages/next/src/server/lib/trace/span-store.test.ts:6:3	packages/next/src/server/lib/trace/span-store.ts:70	import
next.js	isLocalSpanRecordingEnabled	packages/next/src/server/lib/trace/local-span-recorder.ts:9:3	packages/next/src/server/lib/trace/span-store.ts:70	import
next.js	normalizePath	packages/next/src/build/turbopack-build/impl.ts:20:10	packages/next/src/lib/normalize-path.ts:3	import
next.js	normalizePath	packages/next/src/build/webpack/loaders/css-loader/src/utils.ts:14:10	packages/next/src/lib/normalize-path.ts:3	import
next.js	normalizePath	packages/next/src/server/dev/hot-reloader-turbopack.ts:128:10	packages/next/src/lib/normalize-path.ts:3	import
next.js	values	turbopack/crates/turbopack-tests/tests/execution/turbopack/exports/mangle-many-exports/input/index.js:2:10	turbopack/crates/turbopack-tests/tests/execution/turbopack/exports/mangle-many-exports/input/consume.js:65	import
next.js	Meta	test/e2e/next-head/app/pages/index.js:2:10	test/e2e/next-head/app/components/meta.js:3	import
next.js	renderToHTMLImpl	packages/next/src/server/route-modules/pages/module.ts:24:10	packages/next/src/server/render.tsx:457	import
next.js	ReactLoadableManifest	packages/next/src/build/webpack/plugins/react-loadable-plugin.ts:26:3	packages/next/src/server/load-components.ts:43	import
next.js	ReactLoadableManifest	packages/next/src/server/route-modules/route-module.ts:45:15	packages/next/src/server/load-components.ts:43	import
next.js	MemoryEvictionMode	packages/next/src/build/swc/types.ts:15:3	packages/next/src/build/swc/generated-native.d.ts:176	import
next.js	collectResult	test/e2e/turbopack-emit-collect/src/app/rsc/c/page.js:3:10	test/e2e/turbopack-emit-collect/src/collect-result.js:1	import
next.js	collectResult	test/e2e/turbopack-emit-collect/src/pages/pages/client-only.js:2:10	test/e2e/turbopack-emit-collect/src/collect-result.js:1	import
next.js	collectResult	test/e2e/turbopack-emit-collect/src/app/client/b/page.js:2:10	test/e2e/turbopack-emit-collect/src/collect-result.js:1	import
next.js	DEFAULT_SERIF_FONT	packages/next/src/server/font-utils.ts:2:3	packages/next/src/shared/lib/constants.ts:161	import
next.js	Shared	test/production/app-dir/turbopack-chunking/components/bulky-e.tsx:3:10	test/production/app-dir/turbopack-chunking/components/shared.tsx:8	import
next.js	Shared	test/production/app-dir/turbopack-chunking/components/bulky-b.tsx:3:10	test/production/app-dir/turbopack-chunking/components/shared.tsx:8	import
next.js	Shared	test/production/app-dir/turbopack-chunking/components/bulky-a.tsx:3:10	test/production/app-dir/turbopack-chunking/components/shared.tsx:8	import
next.js	Expensive	test/e2e/worker-webpack5/pages/index.js:2:10	test/e2e/worker-webpack5/lib/sharedCode.js:1	import
next.js	Expensive	test/e2e/worker-webpack5/lib/worker.js:1:10	test/e2e/worker-webpack5/lib/sharedCode.js:1	import
next.js	Bundler	packages/next/src/build/index.ts:101:10	packages/next/src/lib/bundler.ts:4	import
next.js	Bundler	packages/next/src/build/turbopack-build/impl.ts:22:10	packages/next/src/lib/bundler.ts:4	import
next.js	Bundler	packages/next/src/build/webpack-build/impl.ts:47:10	packages/next/src/lib/bundler.ts:4	import
next.js	evaluatedAt	test/development/app-dir/server-hmr/app/module-preservation/page.tsx:1:10	test/development/app-dir/server-hmr/app/unmodified-module.ts:2	import
next.js	evaluatedAt	test/development/app-dir/server-hmr/app/child-accept/page.tsx:1:19	test/development/app-dir/server-hmr/app/child-module.ts:2	import
next.js	EntryKey	packages/next/src/shared/lib/turbopack/utils.ts:10:15	packages/next/src/shared/lib/turbopack/entry-key.ts:11	import
next.js	EntryKey	packages/next/src/shared/lib/turbopack/manifest-loader.ts:30:43	packages/next/src/shared/lib/turbopack/entry-key.ts:11	import
next.js	EntryKey	packages/next/src/server/dev/turbopack-utils.ts:23:8	packages/next/src/shared/lib/turbopack/entry-key.ts:11	import
next.js	isHmrRefresh	packages/next/src/server/use-cache/use-cache-wrapper.ts:36:3	packages/next/src/server/app-render/work-unit-async-storage.external.ts:524	import
next.js	ImageProps	examples/with-vercel-blob/components/Modal.tsx:6:15	examples/with-vercel-blob/utils/types.ts:2	import
next.js	ImageProps	packages/next/src/shared/lib/image-external-get-image-props.ts:5:15	packages/next/src/shared/lib/get-img-props.ts:26	import
next.js	ImageProps	packages/next/src/shared/lib/image-external.tsx:3:15	packages/next/src/shared/lib/get-img-props.ts:26	import
next.js	cleanup	packages/next/src/client/components/segment-cache/scheduler.ts:48:10	packages/next/src/client/components/segment-cache/lru.ts:109	import
next.js	BUILDING	packages/next/src/server/dev/hot-reloader-webpack.ts:50:3	packages/next/src/server/dev/on-demand-entry-handler.ts:173	import
next.js	build	test/e2e/app-dir/segment-cache/deployment-skew/build.mjs:1:10	test/e2e/app-dir/segment-cache/deployment-skew/servers.mjs:70	import
next.js	build	test/e2e/app-dir/segment-cache/deployment-skew/deployment-skew.test.ts:5:10	test/e2e/app-dir/segment-cache/deployment-skew/servers.mjs:70	import
next.js	Client	test/production/deterministic-build/standard/app/app-page/page.js:1:10	test/production/deterministic-build/standard/app/app-page/client.js:3	import
next.js	Client	bench/module-cost/app/app/page.js:1:10	bench/module-cost/components/client.js:48	import
next.js	Client	test/e2e/app-dir/actions/app/identity/page.js:1:10	test/e2e/app-dir/actions/app/identity/client.js:3	import
next.js	wait	packages/next/src/server/load-components.ts:32:10	packages/next/src/lib/wait.ts:6	import
next.js	wait	packages/next/src/lib/recursive-delete.ts:5:10	packages/next/src/lib/wait.ts:6	import
next.js	exportNumber26	turbopack/crates/turbopack-tests/tests/execution/turbopack/exports/mangle-many-exports/input/consume.js:28:3	turbopack/crates/turbopack-tests/tests/execution/turbopack/exports/mangle-many-exports/input/many-named.js:27	import
next.js	StyledString	packages/next/src/shared/lib/turbopack/utils.ts:4:3	packages/next/src/build/swc/types.ts:117	import
next.js	StyledString	packages/next/src/server/mcp/tools/utils/format-compilation-issues.ts:1:22	packages/next/src/build/swc/types.ts:117	import
next.js	StyledString	packages/next/src/shared/lib/turbopack/utils.test.ts:5:3	packages/next/src/build/swc/types.ts:117	import
next.js	NapiTurboEngineOptions	packages/next/src/build/swc/types.ts:6:3	packages/next/src/build/swc/generated-native.d.ts:506	import
next.js	IndirectionThree	test/e2e/app-dir/cache-components-errors/fixtures/default/app/sync-random-with-fallback/page.tsx:3:42	test/e2e/app-dir/cache-components-errors/fixtures/default/app/sync-random-with-fallback/indirection.tsx:11	import
next.js	IndirectionThree	test/e2e/app-dir/cache-components-errors/fixtures/default/app/sync-random-without-fallback/page.tsx:3:42	test/e2e/app-dir/cache-components-errors/fixtures/default/app/sync-random-without-fallback/indirection.tsx:11	import
next.js	IndirectionThree	test/e2e/app-dir/cache-components-errors/fixtures/default/app/dynamic-boundary/page.tsx:3:42	test/e2e/app-dir/cache-components-errors/fixtures/default/app/dynamic-boundary/indirection.tsx:11	import
next.js	createExportServer	test/e2e/app-dir/segment-cache/export/segment-cache-output-export.test.ts:7:10	test/e2e/app-dir/segment-cache/export/server.mjs:15	import
next.js	createExportServer	test/e2e/app-dir/static-export-skew-trailing-slash/static-export-skew-trailing-slash.test.ts:6:10	test/e2e/app-dir/static-export-skew-trailing-slash/server.mjs:6	import
next.js	RouteHas	packages/next/src/server/config-schema.ts:21:3	packages/next/src/lib/load-custom-routes.ts:11	import
next.js	RouteHas	packages/next/src/build/adapter/build-complete.ts:9:15	packages/next/src/lib/load-custom-routes.ts:11	import
next.js	RouteHas	packages/next/src/build/segment-config/middleware/middleware-config.ts:4:15	packages/next/src/lib/load-custom-routes.ts:11	import
next.js	tokenize	bench/basic-app/app/docs/page.js:38:10	bench/basic-app/app/lib/tokenize.js:24	import
next.js	defaultConfig	packages/next/src/server/config.ts:20:3	packages/next/src/server/config-shared.ts:2291	import
next.js	defaultConfig	packages/next/src/server/dev/next-dev-server.ts:60:10	packages/next/src/server/config-shared.ts:2291	import
next.js	defaultConfig	packages/next/src/build/index.ts:27:10	packages/next/src/server/config-shared.ts:2291	import
next.js	Input	test/e2e/app-dir/ppr-history-replace-state/app/page.tsx:2:10	test/e2e/app-dir/ppr-history-replace-state/app/input.tsx:5	import
next.js	exportNumber05	turbopack/crates/turbopack-tests/tests/execution/turbopack/exports/mangle-many-exports/input/consume.js:7:3	turbopack/crates/turbopack-tests/tests/execution/turbopack/exports/mangle-many-exports/input/many-named.js:6	import
next.js	qux	test/development/app-dir/source-mapping/app/client/page.tsx:4:41	test/development/app-dir/source-mapping/app/actions1.ts:15	import
next.js	qux	test/development/app-dir/source-mapping/app/page.tsx:2:41	test/development/app-dir/source-mapping/app/actions1.ts:15	import
next.js	query	examples/convex/convex/messages.ts:1:10	examples/convex/convex/_generated/server.js:30	import
next.js	keep	turbopack/crates/turbopack-tests/tests/execution/turbopack/cjs-remove-unused-imports/sibling-declarator/input/index.js:1:10	turbopack/crates/turbopack-tests/tests/execution/turbopack/cjs-remove-unused-imports/sibling-declarator/input/lib.js:4	import
next.js	Reporter	packages/next/src/trace/report/to-json.ts:6:15	packages/next/src/trace/report/types.ts:3	import
next.js	Reporter	packages/next/src/trace/trace.test.ts:10:15	packages/next/src/trace/report/types.ts:3	import
next.js	Reporter	packages/next/src/trace/report/index.ts:5:15	packages/next/src/trace/report/types.ts:3	import
next.js	exportNumber40	turbopack/crates/turbopack-tests/tests/execution/turbopack/exports/mangle-many-exports/input/consume.js:42:3	turbopack/crates/turbopack-tests/tests/execution/turbopack/exports/mangle-many-exports/input/many-named.js:41	import
next.js	exportNumber47	turbopack/crates/turbopack-tests/tests/execution/turbopack/exports/mangle-many-exports/input/consume.js:49:3	turbopack/crates/turbopack-tests/tests/execution/turbopack/exports/mangle-many-exports/input/many-named.js:48	import
next.js	step	packages/next/src/experimental/testmode/playwright/report.ts:3:10	packages/next/src/experimental/testmode/playwright/step.ts:13	import
next.js	step	packages/next-playwright/src/index.ts:1:10	packages/next-playwright/src/step.ts:8	import
next.js	Data	examples/with-temporal/pages/index.tsx:3:10	examples/with-temporal/pages/api/orders/index.ts:5	import
next.js	normalizeAppPath	packages/next/src/build/templates/app-route.ts:22:10	packages/next/src/shared/lib/router/utils/app-paths.ts:23	import
next.js	normalizeAppPath	packages/next/src/build/webpack/loaders/next-root-params-loader.ts:4:10	packages/next/src/shared/lib/router/utils/app-paths.ts:23	import
next.js	normalizeAppPath	packages/next/src/client/components/layout-router.tsx:46:10	packages/next/src/shared/lib/router/utils/app-paths.ts:23	import
next.js	BuildError	packages/next/src/next-devtools/dev-overlay/container/build-error.stories.tsx:2:10	packages/next/src/next-devtools/dev-overlay/container/build-error.tsx:29	import
next.js	BuildError	packages/next/src/next-devtools/dev-overlay/components/errors/error-overlay/error-overlay.tsx:8:10	packages/next/src/next-devtools/dev-overlay/container/build-error.tsx:29	import
next.js	exportNumber59	turbopack/crates/turbopack-tests/tests/execution/turbopack/exports/mangle-many-exports/input/consume.js:61:3	turbopack/crates/turbopack-tests/tests/execution/turbopack/exports/mangle-many-exports/input/many-named.js:60	import
next.js	ReadonlyRequestCookies	packages/next/src/server/app-render/work-unit-async-storage.external.ts:5:15	packages/next/src/server/web/spec-extension/adapters/request-cookies.ts:30	import
next.js	ReadonlyRequestCookies	packages/next/src/server/app-render/instant-validation/instant-samples.ts:2:15	packages/next/src/server/web/spec-extension/adapters/request-cookies.ts:30	import
next.js	ReadonlyRequestCookies	packages/next/src/server/route-modules/app-route/module.ts:33:8	packages/next/src/server/web/spec-extension/adapters/request-cookies.ts:30	import
next.js	NativeClass	turbopack/crates/turbopack-tests/tests/execution/webpack/inner-graph/static-of-class/input/import-module.js:2:10	turbopack/crates/turbopack-tests/tests/execution/webpack/inner-graph/static-of-class/input/module-used.js:3	import
next.js	ReactServerRequests	test/development/app-dir/react-performance-track/app/layout.tsx:2:10	test/development/app-dir/react-performance-track/app/ReactServerRequests.tsx:18	import
next.js	SegmentTrieNode	packages/next/src/shared/lib/mcp-page-metadata-types.ts:1:15	packages/next/src/next-devtools/dev-overlay/segment-explorer-trie.ts:164	import
next.js	SegmentTrieNode	packages/next/src/server/mcp/tools/get-page-metadata.ts:16:15	packages/next/src/next-devtools/dev-overlay/segment-explorer-trie.ts:164	import
next.js	SegmentTrieNode	packages/next/src/next-devtools/dev-overlay/components/overview/segment-explorer.tsx:4:8	packages/next/src/next-devtools/dev-overlay/segment-explorer-trie.ts:164	import
next.js	CssResource	packages/next/src/server/app-render/get-css-inlined-link-tags.tsx:1:15	packages/next/src/build/webpack/plugins/flight-manifest-plugin.ts:86	import
next.js	CssResource	packages/next/src/server/app-render/render-css-resource.tsx:1:15	packages/next/src/build/webpack/plugins/flight-manifest-plugin.ts:86	import
next.js	NodeJsPartialHmrUpdate	packages/next/src/server/dev/hot-reloader-turbopack.ts:34:3	packages/next/src/build/swc/types.ts:269	import
next.js	NodeJsPartialHmrUpdate	packages/next/src/server/dev/dev-validation-worker.ts:6:15	packages/next/src/build/swc/types.ts:269	import
next.js	NodeJsPartialHmrUpdate	packages/next/src/server/dev/dev-validation-worker-pool.ts:2:15	packages/next/src/build/swc/types.ts:269	import
next.js	getPnpmMajorVersion	packages/create-next-app/templates/index.ts:6:3	packages/create-next-app/helpers/get-pkg-manager.ts:60	import
next.js	getPnpmMajorVersion	packages/next-codemod/bin/upgrade.ts:15:3	packages/next-codemod/lib/handle-package.ts:49	import
next.js	accumulateMetadata	packages/next/src/lib/metadata/resolve-metadata.test.ts:3:3	packages/next/src/lib/metadata/resolve-metadata.ts:480	import
next.js	report	turbopack/crates/turbopack-tests/tests/execution/webpack/async-modules/micro-ticks-parents/input/case-a/a.js:1:10	turbopack/crates/turbopack-tests/tests/execution/webpack/async-modules/micro-ticks-parents/input/tick.js:21	import
next.js	report	turbopack/crates/turbopack-tests/tests/execution/webpack/async-modules/micro-ticks-parents/input/case-b/c.js:1:10	turbopack/crates/turbopack-tests/tests/execution/webpack/async-modules/micro-ticks-parents/input/tick.js:21	import
next.js	report	turbopack/crates/turbopack-tests/tests/execution/webpack/async-modules/micro-ticks-parents/input/case-c/a.js:1:10	turbopack/crates/turbopack-tests/tests/execution/webpack/async-modules/micro-ticks-parents/input/tick.js:21	import
next.js	Readable	test/e2e/cancel-request/pages/api/node-api.ts:3:10	test/e2e/cancel-request/readable.ts:4	import
next.js	baz	test/development/app-dir/source-mapping/app/page.tsx:2:36	test/development/app-dir/source-mapping/app/actions1.ts:11	import
next.js	baz	test/development/app-dir/source-mapping/app/client/page.tsx:4:36	test/development/app-dir/source-mapping/app/actions1.ts:11	import
next.js	baz	test/e2e/app-dir/next-config-ts/nested-imports/bar.ts:1:10	test/e2e/app-dir/next-config-ts/nested-imports/baz.ts:1	import
next.js	handleFetch	packages/next/src/experimental/testmode/httpget.ts:2:10	packages/next/src/experimental/testmode/fetch.ts:97	import
next.js	handleFetch	packages/next/src/experimental/testmode/proxy/server.ts:6:10	packages/next/src/experimental/testmode/proxy/fetch-api.ts:52	import
next.js	ComponentSelectorsExtended	test/development/basic/emotion-swc/fixture/pages/index.js:9:3	test/development/basic/emotion-swc/fixture/shared/styles.js:69	import
next.js	ComponentSelectorsExtended	examples/with-emotion/pages/index.tsx:9:3	examples/with-emotion/shared/styles.tsx:71	import
next.js	patch	turbopack/crates/turbopack-tests/tests/execution/turbopack/scope-hoisting/renaming-2/input/internal/index.js:2:10	turbopack/crates/turbopack-tests/tests/execution/turbopack/scope-hoisting/renaming-2/input/internal/patch.js:1	import
next.js	createRenderResumeDataCache	packages/next/src/server/resume-data-cache/resume-data-cache.test.ts:4:3	packages/next/src/server/resume-data-cache/resume-data-cache.ts:240	import
next.js	createRenderResumeDataCache	packages/next/src/server/app-render/app-render.tsx:275:3	packages/next/src/server/resume-data-cache/resume-data-cache.ts:240	import
next.js	createRenderResumeDataCache	packages/next/src/server/app-render/postponed-state.ts:4:3	packages/next/src/server/resume-data-cache/resume-data-cache.ts:240	import
next.js	useRouter	packages/next/src/client/with-router.tsx:8:10	packages/next/src/client/router.ts:138	import
next.js	useRouter	packages/next/src/client/components/redirect-boundary.tsx:4:10	packages/next/src/client/components/navigation.ts:166	import
next.js	useRouter	packages/next/src/client/route-announcer.tsx:2:10	packages/next/src/client/router.ts:138	import
next.js	streamToString	packages/next/src/server/render-result.ts:12:3	packages/next/src/server/stream-utils/node-web-streams-helper.ts:218	import
next.js	streamToString	packages/next/src/server/render.tsx:84:3	packages/next/src/server/stream-utils/node-web-streams-helper.ts:218	import
next.js	streamToString	packages/next/src/server/app-render/make-get-server-inserted-html.tsx:15:3	packages/next/src/server/app-render/stream-ops.ts:51	import
next.js	Layout	test/e2e/app-dir/ppr-full/pages/pages.jsx:2:10	test/e2e/app-dir/ppr-full/components/layout.jsx:4	import
next.js	Layout	test/e2e/app-dir/ppr-full/app/layout.jsx:1:10	test/e2e/app-dir/ppr-full/components/layout.jsx:4	import
next.js	turbopackBuild	packages/next/src/build/turbopack-build/index.ts:3:10	packages/next/src/build/turbopack-build/impl.ts:25	import
next.js	turbopackBuild	packages/next/src/build/index.ts:225:10	packages/next/src/build/turbopack-build/index.ts:5	import
next.js	IndirectionOne	test/e2e/app-dir/cache-components-errors/fixtures/default/app/sync-random-with-fallback/page.tsx:3:10	test/e2e/app-dir/cache-components-errors/fixtures/default/app/sync-random-with-fallback/indirection.tsx:3	import
next.js	IndirectionOne	test/e2e/app-dir/cache-components-errors/fixtures/default/app/dynamic-boundary/page.tsx:3:10	test/e2e/app-dir/cache-components-errors/fixtures/default/app/dynamic-boundary/indirection.tsx:3	import
next.js	IndirectionOne	test/e2e/app-dir/cache-components-errors/fixtures/default/app/sync-random-without-fallback/page.tsx:3:10	test/e2e/app-dir/cache-components-errors/fixtures/default/app/sync-random-without-fallback/indirection.tsx:3	import
next.js	hydrate	packages/next/src/client/page-bootstrap.ts:2:10	packages/next/src/client/index.tsx:832	import
next.js	hydrate	packages/next/src/client/next.ts:5:22	packages/next/src/client/index.tsx:832	import
next.js	hydrate	packages/next/src/client/next-turbopack.ts:8:48	packages/next/src/client/index.tsx:832	import
next.js	DialogHeader	packages/next/src/next-devtools/dev-overlay/components/errors/dialog/header.tsx:1:10	packages/next/src/next-devtools/dev-overlay/components/dialog/dialog-header.tsx:3	import
next.js	screenshots	bench/basic-app/app/dashboard/page.js:120:3	bench/basic-app/app/lib/data.js:688	import
next.js	Collector	test/e2e/app-dir/otel-parent-span-propagation/otel-parent-span-propagation.test.ts:3:15	test/e2e/app-dir/otel-parent-span-propagation/collector.ts:4	import
next.js	Collector	test/e2e/opentelemetry/instrumentation/opentelemetry.test.ts:9:15	test/e2e/opentelemetry/instrumentation/collector.ts:4	import
next.js	Form	test/e2e/app-dir/use-cache/app/(partially-static)/use-action-state-separate-export/page.tsx:1:10	test/e2e/app-dir/use-cache/app/(partially-static)/use-action-state-separate-export/form.tsx:6	import
next.js	Form	test/e2e/app-dir/use-cache-with-server-function-props/app/server-action/page.tsx:3:10	test/e2e/app-dir/use-cache-with-server-function-props/app/server-action/form.tsx:5	import
next.js	Form	test/e2e/app-dir/use-cache/app/(partially-static)/use-action-state/page.tsx:1:10	test/e2e/app-dir/use-cache/app/(partially-static)/use-action-state/form.tsx:6	import
next.js	getPkgManager	packages/next/src/lib/helpers/get-registry.ts:2:10	packages/next/src/lib/helpers/get-pkg-manager.ts:7	import
next.js	getPkgManager	packages/next-codemod/transforms/next-lint-to-eslint-cli.ts:5:10	packages/next-codemod/lib/handle-package.ts:56	import
next.js	getPkgManager	packages/next/src/lib/helpers/get-npx-command.ts:2:10	packages/next/src/lib/helpers/get-pkg-manager.ts:7	import
next.js	ParamMatching	packages/next/src/build/utils.ts:68:3	packages/next/src/build/segment-config/app/app-segments.ts:36	import
next.js	ParamMatching	packages/next/src/build/static-paths/types.ts:4:15	packages/next/src/build/segment-config/app/app-segments.ts:36	import
next.js	ParamMatching	packages/next/src/build/index.ts:158:15	packages/next/src/build/segment-config/app/app-segments.ts:36	import
next.js	Child	turbopack/crates/turbopack-tests/tests/execution/turbopack/side-effects-optimization/side-effect-import/input/ui/src/index.js:1:10	turbopack/crates/turbopack-tests/tests/execution/turbopack/side-effects-optimization/side-effect-import/input/ui/src/Child.js:3	import
next.js	exportNumber23	turbopack/crates/turbopack-tests/tests/execution/turbopack/exports/mangle-many-exports/input/consume.js:25:3	turbopack/crates/turbopack-tests/tests/execution/turbopack/exports/mangle-many-exports/input/many-named.js:24	import
next.js	RequestInit	packages/next/src/server/web/adapter.ts:2:15	packages/next/src/server/web/spec-extension/request.ts:107	import
next.js	HistoryIndex	apps/bundle-analyzer/lib/analyzer-data.ts:3:15	apps/bundle-analyzer/lib/snapshot.ts:22	import
next.js	Used	turbopack/crates/turbopack-tests/tests/execution/turbopack/scope-hoisting/pure-comments/input/index.js:1:10	turbopack/crates/turbopack-tests/tests/execution/turbopack/scope-hoisting/pure-comments/input/a.ts:5	import
next.js	ClientHooks	test/e2e/app-dir/app-esm-js/app/app/hooks.js:2:10	test/e2e/app-dir/app-esm-js/app/app/client-hooks.js:5	import
next.js	ClientHooks	test/e2e/app-dir/app-esm-js/app/app/hooks-ext.js:2:10	test/e2e/app-dir/app-esm-js/app/app/client-hooks-ext.js:5	import
next.js	MAX_AGE	examples/with-magic/lib/auth.js:2:10	examples/with-magic/lib/auth-cookies.js:5	import
next.js	MAX_AGE	examples/with-passport/lib/auth.js:2:10	examples/with-passport/lib/auth-cookies.js:5	import
next.js	MAX_AGE	examples/api-routes-apollo-server-and-client-auth/lib/auth.ts:2:10	examples/api-routes-apollo-server-and-client-auth/lib/auth-cookies.ts:5	import
next.js	exportsInfoForA	turbopack/crates/turbopack-tests/tests/execution/webpack/inner-graph/__skipped__/extend-class/input/index.js:2:3	turbopack/crates/turbopack-tests/tests/execution/webpack/inner-graph/__skipped__/extend-class/input/dep2.js:34	import
next.js	Button	test/production/app-dir/route-handler-manifest-size/app/page.tsx:1:10	test/production/app-dir/route-handler-manifest-size/app/components/Button.tsx:3	import
next.js	Button	test/e2e/app-dir/app-css/app/css/css-conflict-layers/blue-button.js:1:10	test/e2e/app-dir/app-css/app/css/css-conflict-layers/button.js:3	import
next.js	Button	test/e2e/app-dir/app-css/app/css/css-conflict-layers/page.js:3:10	test/e2e/app-dir/app-css/app/css/css-conflict-layers/button.js:3	import
next.js	dec	test/e2e/app-dir/actions/app/client/edge/page.js:5:23	test/e2e/app-dir/actions/app/client/actions.js:22	import
next.js	dec	test/e2e/app-dir/actions/app/client/page.js:7:3	test/e2e/app-dir/actions/app/client/actions.js:22	import
next.js	AdjustFontFallback	packages/next/src/build/webpack/loaders/next-font-loader/postcss-next-font.ts:1:15	packages/next/font/index.d.ts:1	import
next.js	detectDomainLocale	packages/next/src/server/web/next-url.ts:5:10	packages/next/src/shared/lib/i18n/detect-domain-locale.ts:3	import
next.js	detectDomainLocale	packages/next/src/server/lib/router-server.ts:49:10	packages/next/src/shared/lib/i18n/detect-domain-locale.ts:3	import
next.js	detectDomainLocale	packages/next/src/server/lib/router-utils/resolve-routes.ts:29:10	packages/next/src/shared/lib/i18n/detect-domain-locale.ts:3	import
next.js	useStore	examples/with-rematch/pages/_app.js:2:10	examples/with-rematch/shared/store.js:44	import
next.js	useStore	examples/with-mobx-state-tree/pages/_app.tsx:2:10	examples/with-mobx-state-tree/store.ts:58	import
next.js	useStore	examples/with-mobx/components/Page.js:5:10	examples/with-mobx/components/StoreProvider.js:7	import
next.js	getTracer	packages/next/src/server/load-components.ts:29:10	packages/next/src/server/lib/trace/tracer.ts:735	import
next.js	getTracer	packages/next/src/build/templates/edge-ssr-app.ts:15:3	packages/next/src/server/lib/trace/tracer.ts:735	import
next.js	getTracer	packages/next/src/server/lib/patch-fetch.ts:12:10	packages/next/src/server/lib/trace/tracer.ts:735	import
next.js	SearchParamsDisplay	test/e2e/app-dir/segment-cache/search-params/app/search-params-shared-loading-state/target-page/page.tsx:2:10	test/e2e/app-dir/segment-cache/search-params/app/search-params-shared-loading-state/target-page/client.tsx:4	import
next.js	Test	test/development/app-dir/hmr-deleted-page/app/page/page.tsx:3:10	test/development/app-dir/hmr-deleted-page/app/page/test.tsx:3	import
next.js	deepMerge	packages/next/src/next-devtools/dev-overlay/utils/save-devtools-config.ts:3:10	packages/next/src/next-devtools/shared/deepmerge.ts:1	import
next.js	deepMerge	packages/next/src/next-devtools/server/devtools-config-middleware.ts:10:10	packages/next/src/next-devtools/shared/deepmerge.ts:1	import
next.js	createRequestsListener	test/e2e/app-dir/app-client-cache/client-cache.original.test.ts:5:3	test/e2e/app-dir/app-client-cache/test-utils.ts:53	import
next.js	createRequestsListener	test/e2e/app-dir/app-client-cache/client-cache.defaults.test.ts:5:3	test/e2e/app-dir/app-client-cache/test-utils.ts:53	import
next.js	PI	test/production/jest/rsc/lib/utils.test.ts:1:10	test/production/jest/rsc/lib/utils.js:2	import
next.js	PI	test/production/jest/rsc/app/page.jsx:1:10	test/production/jest/rsc/lib/utils.js:2	import
next.js	generateUniqueIdentifier	packages/next-codemod/transforms/lib/async-request-api/next-async-dynamic-prop.ts:10:3	packages/next-codemod/transforms/lib/async-request-api/utils.ts:236	import
next.js	SavedSpan	test/e2e/opentelemetry/instrumentation/opentelemetry.test.ts:8:10	test/e2e/opentelemetry/instrumentation/constants.ts:3	import
next.js	SavedSpan	test/e2e/app-dir/otel-parent-span-propagation/collector.ts:2:10	test/e2e/app-dir/otel-parent-span-propagation/constants.ts:3	import
next.js	SavedSpan	test/e2e/opentelemetry/instrumentation/collector.ts:2:10	test/e2e/opentelemetry/instrumentation/constants.ts:3	import
next.js	resolvers	examples/api-routes-apollo-server-and-client/apollo/schema.ts:3:10	examples/api-routes-apollo-server-and-client/apollo/resolvers.ts:1	import
next.js	resolvers	examples/api-routes-apollo-server-and-client-auth/apollo/schema.ts:3:10	examples/api-routes-apollo-server-and-client-auth/apollo/resolvers.ts:6	import
next.js	exportNumber42	turbopack/crates/turbopack-tests/tests/execution/turbopack/exports/mangle-many-exports/input/consume.js:44:3	turbopack/crates/turbopack-tests/tests/execution/turbopack/exports/mangle-many-exports/input/many-named.js:43	import
next.js	dogRef	turbopack/crates/turbopack-tests/tests/snapshot/basic-tree-shake/import-named-all/input/index.js:1:20	turbopack/crates/turbopack-tests/tests/snapshot/basic-tree-shake/import-named-all/input/lib.js:23	import
next.js	NextConfig	packages/next/src/experimental/testing/server/config-testing-utils.ts:11:32	packages/next/src/server/config-shared.ts:1757	import
next.js	NextConfig	packages/next/src/experimental/testing/server/middleware-testing-utils.ts:4:15	packages/next/src/server/config-shared.ts:1757	import
next.js	NextConfig	packages/next/src/build/webpack/loaders/next-app-loader/index.ts:25:15	packages/next/src/server/config-shared.ts:1757	import
next.js	NapiProjectOptions	packages/next/src/build/swc/types.ts:8:3	packages/next/src/build/swc/generated-native.d.ts:386	import
next.js	NapiProjectOptions	packages/next/src/build/swc/index.ts:18:3	packages/next/src/build/swc/generated-native.d.ts:386	import
next.js	UseSearchParams	test/e2e/app-dir/cache-components-errors/fixtures/client-hook-abort-reasons/app/client-hook-abort-reasons/sync-io/use-search-params/[id]/page.tsx:1:18	test/e2e/app-dir/cache-components-errors/fixtures/client-hook-abort-reasons/app/client-hook-abort-reasons/client.tsx:26	import
next.js	UseSearchParams	test/e2e/app-dir/cache-components-errors/fixtures/client-hook-abort-reasons/app/client-hook-abort-reasons/normal/use-search-params/[id]/page.tsx:1:10	test/e2e/app-dir/cache-components-errors/fixtures/client-hook-abort-reasons/app/client-hook-abort-reasons/client.tsx:26	import
next.js	TurbopackInternalErrorOpts	packages/next/src/shared/lib/turbopack/internal-error.ts:1:15	packages/next/src/build/swc/generated-native.d.ts:1017	import
next.js	exportNumber52	turbopack/crates/turbopack-tests/tests/execution/turbopack/exports/mangle-many-exports/input/consume.js:54:3	turbopack/crates/turbopack-tests/tests/execution/turbopack/exports/mangle-many-exports/input/many-named.js:53	import
next.js	isBot	packages/next/src/client/components/error-boundary.tsx:8:10	packages/next/src/shared/lib/router/utils/is-bot.ts:21	import
next.js	isBot	packages/next/src/client/components/app-router-utils.ts:1:10	packages/next/src/shared/lib/router/utils/is-bot.ts:21	import
next.js	isBot	packages/next/src/server/route-modules/pages/pages-handler.ts:42:10	packages/next/src/shared/lib/router/utils/is-bot.ts:21	import
next.js	value	turbopack/crates/turbopack-tracing/tests/node-file-trace/integration/ts-package/index.ts:2:10	turbopack/crates/turbopack-tracing/tests/node-file-trace/integration/ts-package/module.ts:1	import
next.js	value	turbopack/crates/turbopack-tests/tests/execution/turbopack/remove-unused-imports/simple-used/input/index.js:1:10	turbopack/crates/turbopack-tests/tests/execution/turbopack/remove-unused-imports/simple-used/input/module.js:6	import
next.js	value	test/development/app-dir/hmr-dep-accept/app/dep-decline/page.tsx:4:10	test/development/app-dir/hmr-dep-accept/app/dep-decline/dep.ts:3	import
next.js	Main	examples/with-chakra-ui/src/pages/index.tsx:13:10	examples/with-chakra-ui/src/components/Main.tsx:3	import
next.js	Main	examples/with-styled-components/app/about/page.tsx:6:3	examples/with-styled-components/app/_components/sharedstyles.tsx:12	import
next.js	Main	examples/with-styled-components/app/page.tsx:5:3	examples/with-styled-components/app/_components/sharedstyles.tsx:12	import
next.js	refreshAction	test/e2e/app-dir/router-autoscroll/app/server-action-refresh/page.tsx:1:10	test/e2e/app-dir/router-autoscroll/app/server-action-refresh/actions.ts:5	import
next.js	refreshAction	test/e2e/app-dir/resume-data-cache/app/server-action/page.tsx:3:10	test/e2e/app-dir/resume-data-cache/app/actions.ts:5	import
next.js	refreshAction	test/e2e/app-dir/use-router-bfcache-id/app/[group]/[page]/leaf-content.tsx:6:10	test/e2e/app-dir/use-router-bfcache-id/app/actions.ts:5	import
next.js	dset	packages/next/src/server/config.ts:48:10	packages/next/src/shared/lib/dset.js:17	import
next.js	FetchesClientData	test/e2e/app-dir/instant-validation/app/suspense-in-root/static/invalid-client-data-blocks-validation/layout.tsx:2:10	test/e2e/app-dir/instant-validation/app/suspense-in-root/static/invalid-client-data-blocks-validation/client.tsx:6	import
next.js	FetchesClientData	test/e2e/app-dir/instant-validation/app/suspense-in-root/static/valid-client-data-does-not-block-validation/layout.tsx:2:10	test/e2e/app-dir/instant-validation/app/suspense-in-root/static/valid-client-data-does-not-block-validation/client.tsx:6	import
next.js	font	test/e2e/app-dir/app-inline-css/app/page.tsx:1:10	test/e2e/app-dir/app-inline-css/app/font.ts:3	import
next.js	font	test/e2e/app-dir/app-inline-css/app/layout.tsx:3:10	test/e2e/app-dir/app-inline-css/app/font.ts:3	import
next.js	font	test/e2e/app-dir/next-font/app/navigation/page-with-same-font/page.js:1:10	test/e2e/app-dir/next-font/app/navigation/font.js:3	import
next.js	getState	turbopack/crates/turbopack-tests/tests/execution/turbopack/tree-shaking/no-write-access/input/index.js:1:10	turbopack/crates/turbopack-tests/tests/execution/turbopack/tree-shaking/no-write-access/input/esm.js:3	import
next.js	getState	turbopack/crates/turbopack-tests/tests/execution/turbopack/tree-shaking/duplicate-modules/input/index.js:2:10	turbopack/crates/turbopack-tests/tests/execution/turbopack/tree-shaking/duplicate-modules/input/esm.js:3	import
next.js	reallyLongExportName	turbopack/crates/turbopack-tests/tests/execution/turbopack/exports/mangle-basic/input/index.js:5:3	turbopack/crates/turbopack-tests/tests/execution/turbopack/exports/mangle-basic/input/named-exports.js:7	import
next.js	reallyLongExportName	turbopack/crates/turbopack-tests/tests/execution/turbopack/exports/mangle-off/input/index.js:8:3	turbopack/crates/turbopack-tests/tests/execution/turbopack/exports/mangle-off/input/named-exports.js:7	import
next.js	reallyLongExportName	turbopack/crates/turbopack-tests/tests/execution/turbopack/exports/mangle-minify-off/input/index.js:9:3	turbopack/crates/turbopack-tests/tests/execution/turbopack/exports/mangle-minify-off/input/named-exports.js:7	import
next.js	StoreProvider	examples/with-mobx/pages/_app.js:1:10	examples/with-mobx/components/StoreProvider.js:32	import
next.js	StoreProvider	examples/with-redux/app/layout.tsx:3:10	examples/with-redux/app/StoreProvider.tsx:13	import
next.js	getLayoutOrPageModule	packages/next/src/server/app-render/create-component-tree.tsx:22:10	packages/next/src/server/lib/app-dir-module.ts:31	import
next.js	getLayoutOrPageModule	packages/next/src/server/app-render/instant-validation/instant-config.tsx:1:10	packages/next/src/server/lib/app-dir-module.ts:31	import
next.js	getLayoutOrPageModule	packages/next/src/lib/metadata/resolve-metadata.ts:25:3	packages/next/src/server/lib/app-dir-module.ts:31	import
next.js	relativeRedirect	test/e2e/app-dir/server-actions-relative-redirect/app/subdir/page.tsx:7:3	test/e2e/app-dir/server-actions-relative-redirect/app/actions.ts:5	import
next.js	relativeRedirect	test/e2e/app-dir/server-actions-relative-redirect/app/page.tsx:4:28	test/e2e/app-dir/server-actions-relative-redirect/app/actions.ts:5	import
next.js	GetStaticProps	packages/next/src/server/load-components.ts:12:3	packages/next/src/types.ts:211	import
next.js	GetStaticProps	packages/next/src/server/route-modules/pages/module.ts:5:3	packages/next/src/types.ts:211	import
next.js	GetStaticProps	packages/next/src/server/route-modules/pages/pages-handler.ts:50:3	packages/next/src/types.ts:211	import
next.js	getAllPostsForHome	examples/cms-takeshape/pages/index.js:6:10	examples/cms-takeshape/lib/api.js:57	import
next.js	getAllPostsForHome	examples/cms-umbraco/pages/index.tsx:9:10	examples/cms-umbraco/lib/api.ts:96	import
next.js	getAllPostsForHome	examples/cms-webiny/pages/index.tsx:6:10	examples/cms-webiny/lib/api.ts:48	import
next.js	P	test/development/acceptance-app/fixtures/app-hmr-changes/app/(post)/components/footnotes.tsx:2:10	test/development/acceptance-app/fixtures/app-hmr-changes/app/(post)/components/p.tsx:1	import
next.js	A1	turbopack/crates/turbopack-tests/tests/execution/webpack/inner-graph/__skipped__/extend-class/input/module1.js:1:10	turbopack/crates/turbopack-tests/tests/execution/webpack/inner-graph/__skipped__/extend-class/input/dep1.js:3	import
next.js	A1	turbopack/crates/turbopack-tests/tests/execution/webpack/inner-graph/__skipped__/extend-class/input/a.js:2:10	turbopack/crates/turbopack-tests/tests/execution/webpack/inner-graph/__skipped__/extend-class/input/dep1.js:3	import
next.js	A1	turbopack/crates/turbopack-tests/tests/execution/webpack/inner-graph/__skipped__/extend-class2/input/module-decl.js:1:10	turbopack/crates/turbopack-tests/tests/execution/webpack/inner-graph/__skipped__/extend-class2/input/dep-decl.js:26	import
next.js	depEvalTime	test/development/app-dir/server-hmr/app/client-component-hmr/page.tsx:1:10	test/development/app-dir/server-hmr/app/client-component-hmr/dep.ts:3	import
next.js	depEvalTime	test/development/app-dir/server-hmr/app/new-import/page.tsx:1:10	test/development/app-dir/server-hmr/app/new-import/dep.ts:5	import
next.js	depEvalTime	test/development/app-dir/server-hmr/app/dynamic-import/page.tsx:1:10	test/development/app-dir/server-hmr/app/dynamic-import/dep.ts:5	import
jest	Options	packages/jest-jasmine2/src/jasmine/Spec.ts:40:8	packages/jest-jasmine2/src/expectationResultFactory.ts:62	import
jest	Options	packages/jest-transform/src/__tests__/shouldInstrument.test.ts:11:14	packages/jest-transform/src/types.ts:20	import
jest	Options	packages/jest-transform/src/ScriptTransformer.ts:40:3	packages/jest-transform/src/types.ts:20	import
jest	AssertionResult	packages/jest-test-result/src/__tests__/formatTestResults.test.ts:9:32	packages/jest-test-result/src/types.ts:43	import
jest	AssertionResult	packages/jest-test-result/src/__tests__/helpers.test.ts:9:14	packages/jest-test-result/src/types.ts:43	import
jest	AssertionResult	packages/jest-test-result/src/helpers.ts:10:3	packages/jest-test-result/src/types.ts:43	import
jest	Reporter	packages/jest-jasmine2/src/jasmine/JsApiReporter.ts:32:14	packages/jest-jasmine2/src/types.ts:33	import
jest	Reporter	packages/jest-jasmine2/src/jasmine/Env.ts:46:3	packages/jest-jasmine2/src/types.ts:33	import
jest	Reporter	packages/jest-jasmine2/src/jasmine/ReportDispatcher.ts:32:14	packages/jest-jasmine2/src/types.ts:33	import
jest	PACKAGE_JSON	packages/jest-config/src/resolveConfigPath.ts:16:3	packages/jest-config/src/constants.ts:12	import
jest	PACKAGE_JSON	packages/jest-config/src/readConfigFileAndSetRootDir.ts:20:3	packages/jest-config/src/constants.ts:12	import
jest	DoneFn	packages/jest-jasmine2/src/jasmineAsyncInstall.ts:20:14	packages/jest-jasmine2/src/queueRunner.ts:21	import
jest	TransformResult	packages/jest-transform/src/ScriptTransformer.ts:46:3	packages/jest-transform/src/types.ts:35	import
jest	SerializableError	packages/jest-test-result/src/helpers.ts:11:3	packages/jest-test-result/src/types.ts:22	import
jest	Attributes	packages/jest-jasmine2/src/__tests__/Suite.test.ts:9:21	packages/jest-jasmine2/src/jasmine/Suite.ts:50	import
jest	Attributes	packages/jest-jasmine2/src/setup_jest_globals.ts:17:3	packages/jest-jasmine2/src/jasmine/Spec.ts:45	import
jest	printReceived	packages/jest-snapshot/src/index.ts:32:3	packages/jest-snapshot/src/printSnapshot.ts:197	import
jest	supportsTypeStripping	e2e/__tests__/nativeTypescriptStrip.test.ts:9:39	e2e/runJest.ts:28	import
jest	supportsTypeStripping	packages/jest-transform/src/__tests__/ScriptTransformer.test.ts:22:9	packages/jest-transform/src/stripTypeScriptTypes.ts:19	import
jest	relative	packages/jest-haste-map/src/lib/__tests__/fast_path.test.ts:9:9	packages/jest-haste-map/src/lib/fast_path.ts:11	import
jest	MatcherUtils	packages/expect/src/index.ts:50:3	packages/expect/src/types.ts:55	import
jest	ALL_EVENT	packages/jest-haste-map/src/watchers/ParcelWatcher.ts:21:3	packages/jest-haste-map/src/watchers/common.ts:13	import
jest	Context	packages/jest-snapshot/src/index.ts:35:14	packages/jest-snapshot/src/types.ts:14	import
jest	Context	packages/jest-jasmine2/src/jasmine/createSpy.ts:34:27	packages/jest-jasmine2/src/jasmine/CallTracker.ts:32	import
jest	peekA	packages/jest-runtime/src/__tests__/test_esm_sync_graph_root/import-diamond.mjs:9:9	packages/jest-runtime/src/__tests__/test_esm_sync_graph_root/c.mjs:12	import
jest	peekA	e2e/native-esm-sync-linker/__tests__/sync-linker.test.js:9:9	e2e/native-esm-sync-linker/c.mjs:12	import
jest	subsetEquality	packages/expect-utils/src/__tests__/utils.test.ts:19:3	packages/expect-utils/src/utils.ts:374	import
jest	noop	packages/jest-runtime/src/internals/EsmLoader.ts:19:9	packages/jest-runtime/src/helpers.ts:74	import
jest	noop	packages/jest-runtime/src/internals/syntheticBuilders.ts:10:9	packages/jest-runtime/src/helpers.ts:74	import
jest	getState	packages/expect/src/extractExpectedAssertionsErrors.ts:15:9	packages/expect/src/jestMatchersObject.ts:44	import
jest	getState	packages/jest-circus/src/__tests__/eventHandler.test.ts:12:19	packages/jest-circus/src/state.ts:54	import
jest	getState	packages/jest-circus/src/__tests__/run.test.ts:20:9	packages/jest-circus/src/state.ts:54	import
jest	pluralize	packages/jest-matcher-utils/src/__tests__/index.test.ts:19:3	packages/jest-matcher-utils/src/index.ts:493	import
jest	NODE_MODULES	packages/jest-config/src/Defaults.ts:12:9	packages/jest-config/src/constants.ts:10	import
jest	NODE_MODULES	packages/jest-config/src/ValidConfig.ts:12:9	packages/jest-config/src/constants.ts:10	import
jest	getType	packages/jest-get-type/src/__tests__/getType.test.ts:9:9	packages/jest-get-type/src/index.ts:26	import
jest	deprecatedConfig	packages/jest-validate/src/__tests__/validate.test.ts:15:3	packages/jest-validate/src/__tests__/__fixtures__/jestConfig.ts:128	import
jest	DOCUMENTATION_NOTE	packages/jest-config/src/normalize.ts:55:3	packages/jest-config/src/utils.ts:21	import
jest	DOCUMENTATION_NOTE	packages/jest-config/src/ReporterValidationErrors.ts:12:17	packages/jest-config/src/utils.ts:21	import
jest	DOCUMENTATION_NOTE	packages/jest-config/src/resolveConfigPath.ts:18:17	packages/jest-config/src/utils.ts:21	import
jest	baseResolver	packages/jest-resolve/src/resolver.ts:19:3	packages/jest-resolve/src/defaultResolver.ts:122	import
jest	eventHandler	packages/jest-circus/src/legacy-code-todo-rewrite/__tests__/jestAdapterInit.test.ts:10:9	packages/jest-circus/src/legacy-code-todo-rewrite/jestAdapterInit.ts:354	import
jest	toMatchInlineSnapshot	packages/jest-snapshot/src/__tests__/printSnapshot.test.ts:15:3	packages/jest-snapshot/src/index.ts:214	import
jest	toMatchInlineSnapshot	packages/jest-snapshot/src/__tests__/matcher.test.ts:8:23	packages/jest-snapshot/src/index.ts:214	import
jest	createTransformer	packages/babel-jest/src/__tests__/index.ts:14:20	packages/babel-jest/src/index.ts:163	import
jest	Worker	packages/jest-worker/src/__tests__/thread-integration.test.ts:10:30	packages/jest-worker/src/index.ts:83	import
jest	Worker	packages/jest-worker/src/__tests__/index.test.ts:9:30	packages/jest-worker/src/index.ts:83	import
jest	Worker	packages/jest-worker/src/__tests__/process-integration.test.ts:9:30	packages/jest-worker/src/index.ts:83	import
jest	Config	packages/pretty-format/src/plugins/DOMElement.ts:8:14	packages/pretty-format/src/types.ts:45	import
jest	Config	packages/pretty-format/src/plugins/ReactTestComponent.ts:8:14	packages/pretty-format/src/types.ts:45	import
jest	Config	packages/pretty-format/src/plugins/Immutable.ts:9:14	packages/pretty-format/src/types.ts:45	import
jest	valueB	e2e/native-esm-sync-linker/a.mjs:8:9	e2e/native-esm-sync-linker/b.mjs:10	import
jest	valueB	packages/jest-runtime/src/__tests__/test_esm_sync_graph_root/a.mjs:8:9	packages/jest-runtime/src/__tests__/test_esm_sync_graph_root/b.mjs:10	import
jest	getConfig	e2e/__tests__/typescriptConfigFile.test.ts:12:18	e2e/runJest.ts:293	import
jest	getConfig	e2e/__tests__/esmConfigFile.test.ts:8:9	e2e/runJest.ts:293	import
jest	getConfig	e2e/__tests__/tsIntegration.test.ts:10:18	e2e/runJest.ts:293	import
jest	any	packages/expect/src/index.ts:15:3	packages/expect/src/asymmetricMatchers.ts:402	import
jest	any	packages/expect/src/__tests__/asymmetricMatchers.test.ts:12:3	packages/expect/src/asymmetricMatchers.ts:402	import
jest	runtimeSupportsVmModules	packages/jest-runtime/src/internals/EsmLoader.ts:40:3	packages/jest-runtime/src/internals/nodeCapabilities.ts:10	import
jest	runtimeSupportsVmModules	packages/jest-runtime/src/internals/ModuleExecutor.ts:34:9	packages/jest-runtime/src/internals/nodeCapabilities.ts:10	import
jest	runtimeSupportsVmModules	packages/jest-runtime/src/index.ts:55:3	packages/jest-runtime/src/internals/nodeCapabilities.ts:10	import
jest	closeTo	packages/expect/src/index.ts:20:3	packages/expect/src/asymmetricMatchers.ts:425	import
jest	closeTo	packages/expect/src/__tests__/asymmetricMatchers.test.ts:17:3	packages/expect/src/asymmetricMatchers.ts:425	import
jest	SnapshotFormat	packages/jest-snapshot/src/State.ts:19:30	packages/jest-snapshot/src/types.ts:77	import
jest	SnapshotFormat	packages/jest-snapshot/src/printSnapshot.ts:44:35	packages/jest-snapshot/src/types.ts:77	import
jest	afterAll	packages/jest-circus/src/__tests__/describeRetry.test.ts:12:3	packages/jest-circus/src/index.ts:118	import
jest	afterAll	packages/jest-circus/src/__tests__/run.test.ts:12:3	packages/jest-circus/src/index.ts:118	import
jest	readConfig	packages/jest-config/src/__tests__/readConfig.test.ts:8:9	packages/jest-config/src/index.ts:80	import
jest	isError	packages/expect-utils/src/__tests__/isError.test.ts:12:9	packages/expect-utils/src/utils.ts:559	import
jest	isError	packages/jest-util/src/__tests__/isError.test.ts:9:9	packages/jest-util/src/isError.ts:10	import
jest	CallerTransformOptions	packages/jest-transform/src/ScriptTransformer.ts:38:3	packages/jest-transform/src/types.ts:37	import
jest	generateMock	packages/jest-runtime/src/index.ts:37:20	packages/jest-runtime/src/internals/MockState.ts:525	import
jest	generateMock	packages/jest-runtime/src/internals/__tests__/MockState.test.ts:11:20	packages/jest-runtime/src/internals/MockState.ts:525	import
jest	AssertionErrorWithStack	packages/jest-jasmine2/src/jasmine/Spec.ts:43:14	packages/jest-jasmine2/src/types.ts:24	import
jest	AssertionErrorWithStack	packages/jest-jasmine2/src/jasmine/Env.ts:44:3	packages/jest-jasmine2/src/types.ts:24	import
jest	AssertionErrorWithStack	packages/jest-jasmine2/src/assertionErrorMessage.ts:15:14	packages/jest-jasmine2/src/types.ts:24	import
jest	stringMatching	packages/expect/src/index.ts:26:3	packages/expect/src/asymmetricMatchers.ts:421	import
jest	stringMatching	packages/expect/src/__tests__/asymmetricMatchers.test.ts:23:3	packages/expect/src/asymmetricMatchers.ts:421	import
jest	multiply	e2e/native-esm-cjs-require/__tests__/cjs-esm-interop.test.js:9:23	e2e/native-esm-cjs-require/plain-cjs.cjs:12	import
jest	afterEach	packages/jest-circus/src/__tests__/run.test.ts:13:3	packages/jest-circus/src/index.ts:116	import
jest	noColor	packages/jest-diff/src/__tests__/joinAlignedDiffs.test.ts:13:9	packages/jest-diff/src/normalizeDiffOptions.ts:12	import
jest	noColor	packages/jest-snapshot/src/__tests__/printSnapshot.test.ts:34:3	packages/jest-snapshot/src/printSnapshot.ts:88	import
jest	noColor	packages/jest-snapshot/src/index.ts:29:3	packages/jest-snapshot/src/printSnapshot.ts:88	import
jest	arrayOf	packages/expect/src/__tests__/asymmetricMatchers.test.ts:16:3	packages/expect/src/asymmetricMatchers.ts:408	import
jest	arrayOf	packages/expect/src/index.ts:19:3	packages/expect/src/asymmetricMatchers.ts:408	import
jest	defineTests	packages/babel-plugin-jest-hoist/src/__tests__/hoistPlugin.nodejs20plus.test.ts:20:9	packages/babel-plugin-jest-hoist/src/__tests__/hoistPlugin.nodejs18.test.ts:31	import
jest	ReducedTransformOptions	packages/jest-transform/src/__tests__/ScriptTransformer.test.ts:15:3	packages/jest-transform/src/types.ts:39	import
jest	ReducedTransformOptions	packages/jest-transform/src/ScriptTransformer.ts:41:3	packages/jest-transform/src/types.ts:39	import
jest	replaceRootDirInPath	packages/jest-config/src/index.ts:18:23	packages/jest-config/src/utils.ts:57	import
jest	replaceRootDirInPath	packages/jest-config/src/normalize.ts:58:3	packages/jest-config/src/utils.ts:57	import
jest	anything	packages/expect/src/index.ts:16:3	packages/expect/src/asymmetricMatchers.ts:403	import
jest	anything	packages/expect/src/__tests__/asymmetricMatchers.test.ts:13:3	packages/expect/src/asymmetricMatchers.ts:403	import
jest	resolve	packages/jest-config/src/normalize.ts:59:3	packages/jest-config/src/utils.ts:30	import
jest	resolve	packages/jest-haste-map/src/lib/__tests__/fast_path.test.ts:9:19	packages/jest-haste-map/src/lib/fast_path.ts:21	import
jest	HasteMap	packages/jest-haste-map/src/index.ts:35:3	packages/jest-haste-map/src/types.ts:139	import
jest	isDirectory	packages/jest-resolve/src/__tests__/fileWalkers.test.ts:13:3	packages/jest-resolve/src/fileWalkers.ts:176	import
jest	JestGlobals	packages/jest-runtime/src/internals/__tests__/JestGlobals.test.ts:17:9	packages/jest-runtime/src/internals/JestGlobals.ts:57	import
jest	JestGlobals	packages/jest-runtime/src/internals/EsmLoader.ts:22:14	packages/jest-runtime/src/internals/JestGlobals.ts:57	import
jest	JestGlobals	packages/jest-runtime/src/internals/__tests__/ModuleExecutor.test.ts:11:14	packages/jest-runtime/src/internals/JestGlobals.ts:57	import
jest	format	packages/jest-validate/src/warnings.ts:13:3	packages/jest-validate/src/utils.ts:17	import
jest	format	packages/jest-validate/src/validateCLIOptions.ts:20:3	packages/jest-validate/src/utils.ts:17	import
jest	cleanup	e2e/__tests__/globalSetup.test.ts:12:3	e2e/Utils.ts:106	import
jest	cleanup	e2e/__tests__/coverageTransformInstrumented.test.ts:10:9	e2e/Utils.ts:106	import
jest	cleanup	e2e/__tests__/watchModeSymlinks.test.ts:12:9	e2e/Utils.ts:106	import
jest	Mock	packages/jest-mock/src/__tests__/whenCalledWith.test.ts:8:14	packages/jest-mock/src/index.ts:128	import
jest	json	e2e/__tests__/nativeTypescriptStrip.test.ts:9:18	e2e/runJest.ts:167	import
jest	json	e2e/__tests__/focusedTests.test.ts:7:9	e2e/runJest.ts:167	import
jest	json	e2e/__tests__/sandboxInjectedGlobals.test.ts:11:9	e2e/runJest.ts:167	import
jest	beforeEach	packages/jest-circus/src/__tests__/run.test.ts:15:3	packages/jest-circus/src/index.ts:112	import
jest	getResolver	packages/jest-resolve/src/defaultResolver.ts:16:3	packages/jest-resolve/src/fileWalkers.ts:19	import
jest	OK	scripts/build.mjs:18:3	scripts/buildUtils.mjs:25	import
jest	beforeAll	packages/jest-circus/src/__tests__/run.test.ts:14:3	packages/jest-circus/src/index.ts:114	import
jest	beforeAll	packages/jest-circus/src/__tests__/describeRetry.test.ts:13:3	packages/jest-circus/src/index.ts:114	import
jest	defaultAsyncResolver	packages/jest-resolve/src/resolver.ts:20:3	packages/jest-resolve/src/defaultResolver.ts:244	import
jest	defaultAsyncResolver	packages/jest-resolve/src/__tests__/resolve.test.ts:17:26	packages/jest-resolve/src/defaultResolver.ts:244	import
jest	AsymmetricMatcher	packages/expect/src/jestMatchersObject.ts:11:9	packages/expect/src/asymmetricMatchers.ts:59	import
jest	diff	packages/jest-matcher-utils/src/__tests__/index.test.ts:14:3	packages/jest-matcher-utils/src/index.ts:487	import
jest	diff	packages/jest-diff/src/__tests__/diff.test.ts:11:9	packages/jest-diff/src/index.ts:63	import
jest	BULLET	packages/jest-config/src/resolveConfigPath.ts:18:9	packages/jest-config/src/utils.ts:20	import
jest	BULLET	packages/jest-config/src/ReporterValidationErrors.ts:12:9	packages/jest-config/src/utils.ts:20	import
jest	BULLET	packages/jest-config/src/normalize.ts:54:3	packages/jest-config/src/utils.ts:20	import
jest	toThrowErrorMatchingInlineSnapshot	packages/jest-snapshot/src/__tests__/printSnapshot.test.ts:17:3	packages/jest-snapshot/src/index.ts:456	import
jest	TransformOptions	packages/jest-runtime/src/internals/EsmLoader.ts:28:30	packages/jest-runtime/src/internals/TransformCache.ts:18	import
jest	TransformOptions	packages/jest-transform/src/ScriptTransformer.ts:45:3	packages/jest-transform/src/types.ts:47	import
jest	TransformOptions	packages/jest-runtime/src/internals/ModuleExecutor.ts:26:30	packages/jest-runtime/src/internals/TransformCache.ts:18	import
jest	isLocalhost	examples/manual-mocks/__tests__/utils.test.js:1:9	examples/manual-mocks/utils.js:1	import
jest	isLocalhost	examples/typescript/__tests__/utils.test.ts:4:9	examples/typescript/utils.ts:3	import
jest	TestResult	packages/jest-test-result/src/formatTestResults.ts:14:3	packages/jest-test-result/src/types.ts:88	import
jest	TestResult	packages/jest-test-result/src/helpers.ts:12:3	packages/jest-test-result/src/types.ts:88	import
jest	run	e2e/__tests__/jestChangedFiles.test.ts:16:3	e2e/Utils.ts:24	import
jest	run	e2e/__tests__/runProgrammaticallyMultipleProjects.test.ts:10:25	e2e/Utils.ts:24	import
jest	run	e2e/__tests__/runProgrammatically.test.ts:9:9	e2e/Utils.ts:24	import
jest	getSha1	packages/jest-haste-map/src/__tests__/worker.test.js:14:9	packages/jest-haste-map/src/worker.ts:101	import
jest	getSha1	packages/jest-haste-map/src/lib/WorkerPool.ts:9:9	packages/jest-haste-map/src/worker.ts:101	import
jest	iterableEquality	packages/expect-utils/src/__tests__/utils.test.ts:18:3	packages/expect-utils/src/utils.ts:175	import
jest	WorkerOptions	packages/jest-worker/src/base/__tests__/BaseWorkerPool.test.ts:11:8	packages/jest-worker/src/types.ts:162	import
jest	WorkerOptions	packages/jest-worker/src/workers/ChildProcessWorker.ts:26:8	packages/jest-worker/src/types.ts:162	import
jest	WorkerOptions	packages/jest-worker/src/workers/__tests__/WorkerEdgeCases.test.ts:14:8	packages/jest-worker/src/types.ts:162	import
jest	SuperTestClass	packages/jest-mock/src/__tests__/__fixtures__/TestClass.ts:9:9	packages/jest-mock/src/__tests__/__fixtures__/SuperTestClass.ts:9	import
jest	SuperTestClass	packages/jest-mock/src/__tests__/class-mocks-dual-import.test.ts:9:9	packages/jest-mock/src/__tests__/__fixtures__/SuperTestClass.ts:9	import
jest	A	e2e/coverage-provider-v8/cjs-with-babel-transformer/module.ts:8:14	e2e/coverage-provider-v8/cjs-with-babel-transformer/types.ts:8	import
jest	A	e2e/coverage-provider-v8/esm-with-custom-transformer/module.ts:8:14	e2e/coverage-provider-v8/esm-with-custom-transformer/types.ts:8	import
jest	ERROR	scripts/build.mjs:17:3	scripts/buildUtils.mjs:26	import
jest	ERROR	packages/jest-validate/src/defaultConfig.ts:12:22	packages/jest-validate/src/utils.ts:14	import
jest	ERROR	packages/jest-validate/src/errors.ts:12:9	packages/jest-validate/src/utils.ts:14	import
jest	test	packages/jest-circus/src/__tests__/run.test.ts:17:3	packages/jest-circus/src/index.ts:121	import
jest	test	packages/jest-circus/src/__tests__/describeRetry.test.ts:15:3	packages/jest-circus/src/index.ts:121	import
jest	plugins	packages/pretty-format/src/__tests__/AsymmetricMatcher.test.ts:8:23	packages/pretty-format/src/index.ts:540	import
jest	plugins	packages/pretty-format/src/__tests__/Immutable.test.ts:12:9	packages/pretty-format/src/index.ts:540	import
jest	plugins	packages/pretty-format/src/__tests__/ReactElement.test.ts:9:9	packages/pretty-format/src/index.ts:540	import
jest	serialize	packages/jest-snapshot/src/index.ts:36:20	packages/jest-snapshot/src/utils.ts:59	import
jest	serialize	packages/jest-snapshot/src/__tests__/utils.test.ts:20:3	packages/jest-snapshot/src/utils.ts:59	import
jest	serialize	packages/jest-snapshot/src/__tests__/printSnapshot.test.ts:38:9	packages/jest-snapshot/src/utils.ts:59	import
jest	WorkerPoolOptions	packages/jest-worker/src/base/BaseWorkerPool.ts:15:8	packages/jest-worker/src/types.ts:151	import
jest	WorkerPoolOptions	packages/jest-worker/src/index.ts:18:3	packages/jest-worker/src/types.ts:151	import
jest	WorkerPoolOptions	packages/jest-worker/src/base/__tests__/BaseWorkerPool.test.ts:12:8	packages/jest-worker/src/types.ts:151	import
jest	check	packages/jest-cli/src/__tests__/args.test.ts:11:9	packages/jest-cli/src/args.ts:12	import
jest	printExpected	packages/jest-snapshot/src/index.ts:30:3	packages/jest-snapshot/src/printSnapshot.ts:195	import
jest	ResolveOptions	packages/jest-runtime/src/internals/__tests__/cjsRequire.test.ts:22:8	packages/jest-runtime/src/internals/cjsRequire.ts:30	import
jest	fn	packages/jest-mock/src/__tests__/index.test.ts:13:23	packages/jest-mock/src/index.ts:1620	import
jest	color	e2e/babel-plugin-jest-hoist/__tests__/typescript.test.ts:9:9	e2e/babel-plugin-jest-hoist/entry.ts:10	import
jest	buildCjsAsEsmSyntheticModule	packages/jest-runtime/src/internals/__tests__/syntheticBuilders.test.ts:12:3	packages/jest-runtime/src/internals/syntheticBuilders.ts:106	import
jest	buildCjsAsEsmSyntheticModule	packages/jest-runtime/src/internals/EsmLoader.ts:44:3	packages/jest-runtime/src/internals/syntheticBuilders.ts:106	import
jest	setState	packages/expect/src/extractExpectedAssertionsErrors.ts:15:19	packages/expect/src/jestMatchersObject.ts:47	import
jest	setState	packages/expect/src/index.ts:38:3	packages/expect/src/jestMatchersObject.ts:47	import
jest	overloaded	packages/jest-types/__typetests__/expect/toHaveBeenNthCalledWith.test.ts:10:14	packages/jest-types/__typetests__/expect/toHaveBeenCalledWith.test.ts:11	import
jest	overloaded	packages/jest-types/__typetests__/expect/toHaveBeenLastCalledWith.test.ts:10:14	packages/jest-types/__typetests__/expect/toHaveBeenCalledWith.test.ts:11	import
jest	worker	packages/jest-haste-map/src/__tests__/worker.test.js:14:18	packages/jest-haste-map/src/worker.ts:28	import
jest	worker	packages/jest-haste-map/src/lib/WorkerPool.ts:9:18	packages/jest-haste-map/src/worker.ts:28	import
jest	value	e2e/coverage-provider-v8/cjs-with-babel-transformer/__tests__/test.ts:8:9	e2e/coverage-provider-v8/cjs-with-babel-transformer/module.ts:10	import
jest	value	packages/jest-runtime/src/__tests__/test_esm_sync_graph_root/import-automock-dep.mjs:8:16	packages/jest-runtime/src/__tests__/test_esm_sync_graph_root/automock-dep.mjs:11	import
jest	value	e2e/coverage-provider-v8/esm-with-custom-transformer/__tests__/test.ts:8:9	e2e/coverage-provider-v8/esm-with-custom-transformer/module.ts:10	import
jest	valueC	e2e/native-esm-sync-linker/a.mjs:9:9	e2e/native-esm-sync-linker/c.mjs:11	import
jest	valueC	e2e/native-esm-sync-linker/b.mjs:8:9	e2e/native-esm-sync-linker/c.mjs:11	import
jest	valueC	packages/jest-runtime/src/__tests__/test_esm_sync_graph_root/a.mjs:9:9	packages/jest-runtime/src/__tests__/test_esm_sync_graph_root/c.mjs:11	import
jest	spyOn	packages/jest-mock/src/__tests__/index.test.ts:13:35	packages/jest-mock/src/index.ts:1621	import
jest	toThrowErrorMatchingSnapshot	packages/jest-snapshot/src/__tests__/throwMatcher.test.ts:8:23	packages/jest-snapshot/src/index.ts:435	import
jest	toThrowErrorMatchingSnapshot	packages/jest-snapshot/src/__tests__/printSnapshot.test.ts:18:3	packages/jest-snapshot/src/index.ts:435	import
jest	arrayContaining	packages/expect/src/index.ts:17:3	packages/expect/src/asymmetricMatchers.ts:404	import
jest	arrayContaining	packages/expect/src/__tests__/asymmetricMatchers.test.ts:14:3	packages/expect/src/asymmetricMatchers.ts:404	import
jest	describe	packages/jest-circus/src/__tests__/run.test.ts:16:3	packages/jest-circus/src/index.ts:28	import
jest	describe	packages/jest-circus/src/__tests__/describeRetry.test.ts:14:3	packages/jest-circus/src/index.ts:28	import
jest	Resolver	packages/jest-resolve/src/resolver.ts:17:8	packages/jest-resolve/src/defaultResolver.ts:59	import
jest	equals	packages/expect-utils/src/__tests__/utils.test.ts:12:9	packages/expect-utils/src/jasmineUtils.ts:35	import
jest	equals	packages/expect-utils/src/utils.ts:18:9	packages/expect-utils/src/jasmineUtils.ts:35	import
jest	error	e2e/stack-trace-source-maps-with-coverage/__tests__/fails.ts:7:9	e2e/stack-trace-source-maps-with-coverage/lib.ts:13	import
jest	DELETE_EVENT	packages/jest-haste-map/src/watchers/ParcelWatcher.ts:23:3	packages/jest-haste-map/src/watchers/common.ts:11	import
jest	Color	e2e/babel-plugin-jest-hoist/__tests__/typescript.test.ts:10:14	e2e/babel-plugin-jest-hoist/types.ts:8	import
jest	Color	e2e/babel-plugin-jest-hoist/entry.ts:8:14	e2e/babel-plugin-jest-hoist/types.ts:8	import
jest	getPath	packages/expect-utils/src/__tests__/utils.test.ts:17:3	packages/expect-utils/src/utils.ts:59	import
jest	DiffOptions	packages/jest-diff/src/__tests__/diff.test.ts:16:14	packages/jest-diff/src/types.ts:11	import
jest	DiffOptions	packages/jest-diff/src/diffLines.ts:16:14	packages/jest-diff/src/types.ts:11	import
jest	DiffOptions	packages/jest-diff/src/printDiffs.ts:13:14	packages/jest-diff/src/types.ts:11	import
jest	WorkerPool	packages/jest-haste-map/src/lib/FileProcessor.ts:21:14	packages/jest-haste-map/src/lib/WorkerPool.ts:21	import
jest	WorkerPool	packages/jest-haste-map/src/lib/__tests__/FileProcessor.test.ts:13:9	packages/jest-haste-map/src/lib/WorkerPool.ts:21	import
jest	WorkerPool	packages/jest-haste-map/src/lib/__tests__/WorkerPool.test.ts:9:9	packages/jest-haste-map/src/lib/WorkerPool.ts:21	import
jest	ADD_EVENT	packages/jest-haste-map/src/watchers/ParcelWatcher.ts:20:3	packages/jest-haste-map/src/watchers/common.ts:12	import
jest	objectContaining	packages/expect/src/__tests__/asymmetricMatchers.test.ts:20:3	packages/expect/src/asymmetricMatchers.ts:411	import
jest	objectContaining	packages/expect/src/index.ts:23:3	packages/expect/src/asymmetricMatchers.ts:411	import
jest	formatStackTrace	packages/jest-message-util/src/__tests__/messages.test.ts:19:3	packages/jest-message-util/src/index.ts:392	import
jest	MatcherState	packages/expect/src/asymmetricMatchers.ts:22:3	packages/expect/src/types.ts:65	import
jest	MatcherState	packages/expect/src/index.ts:49:3	packages/expect/src/types.ts:65	import
jest	MatcherState	packages/expect/src/jestMatchersObject.ts:14:3	packages/expect/src/types.ts:65	import
jest	toMatchSnapshot	packages/jest-snapshot/src/__tests__/printSnapshot.test.ts:16:3	packages/jest-snapshot/src/index.ts:157	import
jest	toMatchSnapshot	packages/jest-snapshot/src/__tests__/matcher.test.ts:8:46	packages/jest-snapshot/src/index.ts:157	import
jest	double	e2e/native-esm-typescript/__tests__/double.test.ts:8:9	e2e/native-esm-typescript/double.ts:8	import
jest	double	e2e/native-esm/__tests__/native-esm.test.js:18:9	e2e/native-esm/index.js:8	import
jest	double	e2e/native-typescript-strip/__tests__/esm.test.ts:9:9	e2e/native-typescript-strip/double.mts:8	import
jest	isFile	packages/jest-resolve/src/__tests__/fileWalkers.test.ts:14:3	packages/jest-resolve/src/fileWalkers.ts:172	import
jest	greet	packages/jest-runtime/src/__tests__/test_esm_sync_graph_root/import-automock-dep.mjs:8:9	packages/jest-runtime/src/__tests__/test_esm_sync_graph_root/automock-dep.mjs:8	import
jest	stringContaining	packages/expect/src/index.ts:25:3	packages/expect/src/asymmetricMatchers.ts:417	import
jest	stringContaining	packages/expect/src/__tests__/asymmetricMatchers.test.ts:22:3	packages/expect/src/asymmetricMatchers.ts:417	import
jest	mocked	packages/jest-mock/src/__tests__/index.test.ts:13:27	packages/jest-mock/src/index.ts:1622	import
jest	Callbacks	packages/jest-haste-map/src/watchers/__tests__/ChangeQueue.test.ts:12:14	packages/jest-haste-map/src/watchers/ChangeQueue.ts:28	import
jest	runTest	packages/jest-circus/src/__tests__/afterAll.test.ts:8:9	packages/jest-circus/src/__mocks__/testUtils.ts:22	import
jest	runTest	packages/jest-circus/src/__tests__/hooks.test.ts:8:9	packages/jest-circus/src/__mocks__/testUtils.ts:22	import
jest	runTest	packages/jest-circus/src/__tests__/utils.test.ts:9:9	packages/jest-circus/src/__mocks__/testUtils.ts:22	import
jest	defineConfig	packages/jest-config/src/__tests__/defineConfig.test.ts:10:9	packages/jest-config/src/index.ts:50	import
jest	CHANGE_EVENT	packages/jest-haste-map/src/watchers/ParcelWatcher.ts:22:3	packages/jest-haste-map/src/watchers/common.ts:10	import
jest	fromA	packages/jest-runtime/src/__tests__/test_esm_sync_graph_root/import-diamond.mjs:8:9	packages/jest-runtime/src/__tests__/test_esm_sync_graph_root/a.mjs:12	import
jest	fromA	packages/jest-runtime/src/__tests__/test_esm_sync_graph_root/automock-cycle-b.mjs:8:9	packages/jest-runtime/src/__tests__/test_esm_sync_graph_root/automock-cycle-a.mjs:10	import
jest	fromA	e2e/native-esm-sync-linker/__tests__/sync-linker.test.js:8:9	e2e/native-esm-sync-linker/a.mjs:12	import
zod	Class	packages/zod/src/v4/core/core.ts:3:15	packages/zod/src/v4/core/util.ts:1107	import
zod	parse	packages/zod/src/v4/core/schemas.ts:8:10	packages/zod/src/v4/core/parse.ts:39	import
zod	ZodType	packages/zod/src/v4/classic/compat.ts:4:15	packages/zod/src/v4/classic/schemas.ts:34	import
zod	ZodType	packages/zod/src/v4/classic/from-json-schema.ts:7:37	packages/zod/src/v4/classic/schemas.ts:34	import
zod	ParseContext	packages/zod/src/v3/types.ts:18:8	packages/zod/src/v3/helpers/parseUtil.ts:53	import
zod	Primitive	packages/zod/src/v3/ZodError.ts:1:15	packages/zod/src/v3/helpers/typeAliases.ts:1	import
zod	Primitive	packages/zod/src/v3/types.ts:33:15	packages/zod/src/v3/helpers/typeAliases.ts:1	import
zod	deepPartial	packages/zod/src/v4/classic/tests/deep-partial.test.ts:4:10	packages/zod/src/v4/classic/deep-partial.ts:67	import
zod	ZodArray	packages/zod/src/v3/helpers/partialUtil.ts:2:3	packages/zod/src/v3/types.ts:2236	import
zod	makeSchema	packages/bench/datetime.ts:1:20	packages/bench/benchUtil.ts:8	import
zod	makeSchema	packages/bench/union.ts:1:10	packages/bench/benchUtil.ts:8	import
zod	makeSchema	packages/bench/object-setup.ts:1:20	packages/bench/benchUtil.ts:8	import
zod	ZodIssueCode	packages/zod/src/v3/tests/refine.test.ts:5:10	packages/zod/src/v3/ZodError.ts:15	import
zod	ZodIssueCode	packages/zod/src/v3/locales/en.ts:1:28	packages/zod/src/v3/ZodError.ts:15	import
zod	ZodIssueCode	packages/zod/src/v3/types.ts:8:3	packages/zod/src/v3/ZodError.ts:15	import
zod	$ZodType	packages/zod/src/v4/core/registries.ts:2:15	packages/zod/src/v4/core/schemas.ts:192	import
zod	$ZodType	packages/zod/src/v4/core/checks.ts:1:13	packages/zod/src/v4/core/schemas.ts:192	import
zod	$ZodType	packages/zod/src/v4/core/errors.ts:3:15	packages/zod/src/v4/core/schemas.ts:192	import
zod	DATA	packages/bench/object-safe.ts:2:10	packages/bench/object-setup.ts:12	import
zod	DATA	packages/bench/object-safeasync.ts:2:10	packages/bench/object-setup.ts:12	import
zod	DATA	packages/bench/object-async.ts:2:10	packages/bench/object-setup.ts:12	import
zod	ZodISODateTime	packages/zod/src/v4/classic/iso.ts:2:22	packages/zod/src/v4/classic/schemas.ts:641	import
zod	DIRTY	packages/zod/src/v3/types.ts:15:3	packages/zod/src/v3/helpers/parseUtil.ts:162	import
zod	visit	packages/zod/src/v4/mini/in-out.ts:3:10	packages/zod/src/v4/core/visit.ts:26	import
zod	visit	packages/zod/src/v4/classic/in-out.ts:3:10	packages/zod/src/v4/core/visit.ts:26	import
zod	visit	packages/zod/src/v4/mini/deep-partial.ts:2:10	packages/zod/src/v4/core/visit.ts:26	import
zod	ZodOptional	packages/zod/src/v3/helpers/partialUtil.ts:5:3	packages/zod/src/v3/types.ts:4485	import
zod	IssueData	packages/zod/src/v3/types.ts:2:8	packages/zod/src/v3/ZodError.ts:330	import
zod	IssueData	packages/zod/src/v3/helpers/parseUtil.ts:1:15	packages/zod/src/v3/ZodError.ts:330	import
zod	ZodISOTime	packages/zod/src/v4/classic/iso.ts:2:54	packages/zod/src/v4/classic/schemas.ts:674	import
zod	getErrorMap	packages/zod/src/v3/types.ts:10:27	packages/zod/src/v3/errors.ts:11	import
zod	getErrorMap	packages/zod/src/v3/helpers/parseUtil.ts:2:10	packages/zod/src/v3/errors.ts:11	import
zod	ZodTypeAny	packages/zod/src/v3/helpers/partialUtil.ts:9:3	packages/zod/src/v3/types.ts:50	import
zod	ZodRawShape	packages/zod/src/v3/helpers/partialUtil.ts:6:3	packages/zod/src/v3/types.ts:49	import
zod	StandardJSONSchemaV1	packages/zod/src/v4/core/to-json-schema.ts:5:15	packages/zod/src/v4/core/standard-schema.ts:96	import
zod	ZodISODuration	packages/zod/src/v4/classic/iso.ts:2:38	packages/zod/src/v4/classic/schemas.ts:689	import
zod	parseAsync	packages/zod/src/v4/core/schemas.ts:8:17	packages/zod/src/v4/core/parse.ts:63	import
zod	ZodISODate	packages/zod/src/v4/classic/iso.ts:2:10	packages/zod/src/v4/classic/schemas.ts:659	import
zod	randomString	packages/bench/lazy-box.ts:1:10	packages/bench/benchUtil.ts:16	import
zod	randomString	packages/bench/property-access.ts:1:10	packages/bench/benchUtil.ts:16	import
zod	randomString	packages/bench/single-item-union.ts:1:10	packages/bench/benchUtil.ts:16	import
zod	ZodNullable	packages/zod/src/v3/helpers/partialUtil.ts:3:3	packages/zod/src/v3/types.ts:4525	import
zod	ZodTuple	packages/zod/src/v3/helpers/partialUtil.ts:7:3	packages/zod/src/v3/types.ts:3397	import
zod	ZodError	packages/zod/src/v3/tests/error.test.ts:5:10	packages/zod/src/v3/ZodError.ts:194	import
zod	ZodError	packages/zod/src/v4/classic/parse.ts:2:15	packages/zod/src/v4/classic/errors.ts:9	import
zod	ZodError	packages/zod/src/v3/tests/tuple.test.ts:5:10	packages/zod/src/v3/ZodError.ts:194	import
zod	INVALID	packages/zod/src/v3/types.ts:16:3	packages/zod/src/v3/helpers/parseUtil.ts:157	import
zod	INVALID	packages/zod/src/v4/core/tests/compile.test.ts:5:3	packages/zod/src/v4/core/compile.ts:25	import
zod	INVALID	packages/zod/src/v4/core/tests/compile-differential.test.ts:4:10	packages/zod/src/v4/core/compile.ts:25	import
zod	parsedType	packages/zod/src/v4/core/tests/locales/tk.test.ts:3:10	packages/zod/src/v4/core/util.ts:1011	import
zod	parsedType	packages/zod/src/v4/core/tests/locales/en.test.ts:2:10	packages/zod/src/v4/core/util.ts:1011	import
zod	parsedType	packages/zod/src/v4/core/tests/locales/tr.test.ts:3:10	packages/zod/src/v4/core/util.ts:1011	import
zod	$constructor	packages/zod/src/v4/core/errors.ts:2:10	packages/zod/src/v4/core/core.ts:8	import
zod	SomeType	packages/zod/src/v4/core/compile.ts:21:51	packages/zod/src/v4/core/schemas.ts:190	import
zod	ZodObject	packages/zod/src/v3/helpers/partialUtil.ts:4:3	packages/zod/src/v3/types.ts:2452	import
zod	getParsedType	packages/zod/src/v3/types.ts:34:31	packages/zod/src/v3/helpers/util.ts:175	import
zod	ZodIssue	packages/zod/src/v3/helpers/parseUtil.ts:1:39	packages/zod/src/v3/ZodError.ts:170	import
zod	ZodIssue	packages/zod/src/v3/types.ts:7:8	packages/zod/src/v3/ZodError.ts:170	import
zod	ZodString	packages/zod/src/v4/classic/from-json-schema.ts:7:26	packages/zod/src/v4/classic/schemas.ts:452	import
zod	clone	packages/zod/src/v4/mini/in-out.ts:2:10	packages/zod/src/v4/core/util.ts:645	import
zod	clone	packages/zod/src/v4/core/visit.ts:4:10	packages/zod/src/v4/core/util.ts:645	import
zod	clone	packages/zod/src/v4/classic/in-out.ts:2:10	packages/zod/src/v4/core/util.ts:645	import
zod	ZodNumber	packages/zod/src/v4/classic/from-json-schema.ts:7:15	packages/zod/src/v4/classic/schemas.ts:1144	import
zod	ZodErrorMap	packages/zod/src/v3/locales/en.ts:1:15	packages/zod/src/v3/ZodError.ts:340	import
zod	ZodErrorMap	packages/zod/src/v3/types.ts:6:8	packages/zod/src/v3/ZodError.ts:340	import
zod	ZodErrorMap	packages/zod/src/v3/helpers/parseUtil.ts:1:26	packages/zod/src/v3/ZodError.ts:340	import
zod	mergeValues	packages/zod/src/v4/core/compile.ts:15:3	packages/zod/src/v4/core/schemas.ts:2826	import
zod	$ZodCheck	packages/zod/src/v4/core/errors.ts:1:15	packages/zod/src/v4/core/checks.ts:28	import
zod	ZodParsedType	packages/zod/src/v3/helpers/parseUtil.ts:4:15	packages/zod/src/v3/helpers/util.ts:129	import
zod	ZodParsedType	packages/zod/src/v3/tests/error.test.ts:6:10	packages/zod/src/v3/helpers/util.ts:129	import
zod	ZodParsedType	packages/zod/src/v3/ZodError.ts:2:21	packages/zod/src/v3/helpers/util.ts:129	import
zod	collect	packages/bench/memory/leaks.ts:14:10	packages/bench/memory/harness.ts:8	import
zod	collect	packages/bench/memory/realworld.ts:8:10	packages/bench/memory/harness.ts:8	import
zod	StandardSchemaV1	packages/zod/src/v3/types.ts:35:15	packages/zod/src/v3/standard-schema.ts:4	import
zod	StandardSchemaV1	packages/zod/src/v4/core/schemas.ts:10:15	packages/zod/src/v4/core/standard-schema.ts:34	import
zod	StandardSchemaV1	packages/zod/src/v3/tests/standard-schema.test.ts:7:15	packages/zod/src/v3/standard-schema.ts:4	import
zod	compile	packages/zod/src/v4/core/tests/compile-generative.test.ts:4:10	packages/zod/src/v4/core/compile.ts:126	import
zod	compile	packages/zod/src/compile.ts:13:10	packages/zod/src/v4/core/compile.ts:126	import
zod	compile	packages/zod/src/v4/core/tests/compile.test.ts:8:3	packages/zod/src/v4/core/compile.ts:126	import
zod	table	packages/bench/memory/schema-footprint.ts:3:35	packages/bench/memory/harness.ts:72	import
zod	table	packages/bench/memory/survey.ts:11:10	packages/bench/memory/harness.ts:72	import
zod	table	packages/bench/memory/leaks.ts:14:29	packages/bench/memory/harness.ts:72	import
zod	OK	packages/zod/src/v3/types.ts:17:3	packages/zod/src/v3/helpers/parseUtil.ts:165	import
zod	isValidJWT	packages/zod/src/v4/core/compile.ts:14:3	packages/zod/src/v4/core/schemas.ts:1218	import
zod	version	packages/zod/src/v4/core/schemas.ts:13:10	packages/zod/src/v4/core/versions.ts:1	import
zod	version	scripts/check-versions.ts:4:10	packages/zod/src/v4/core/versions.ts:1	import
react	resolveServerReference	packages/react-server-dom-parcel/src/server/ReactFlightDOMServerNode.js:63:3	packages/react-server-dom-parcel/src/client/ReactFlightClientConfigBundlerParcel.js:53	import
react	resolveServerReference	packages/react-server-dom-parcel/src/server/ReactFlightDOMServerEdge.js:19:3	packages/react-server-dom-parcel/src/client/ReactFlightClientConfigBundlerParcel.js:53	import
react	resolveServerReference	packages/react-server-dom-parcel/src/server/ReactFlightDOMServerBrowser.js:19:3	packages/react-server-dom-parcel/src/client/ReactFlightClientConfigBundlerParcel.js:53	import
react	platform	packages/dom-event-testing-library/index.js:15:43	packages/dom-event-testing-library/domEnvironment.js:45	import
react	platform	packages/dom-event-testing-library/domEventSequences.js:20:26	packages/dom-event-testing-library/domEnvironment.js:45	import
react	DevToolsInstance	packages/react-devtools-shared/src/backend/fiber/renderer.js:184:3	packages/react-devtools-shared/src/backend/fiber/shared/DevToolsFiberTypes.js:77	import
react	SuspenseListComponent	packages/react-reconciler/src/ReactFiber.js:66:3	packages/react-reconciler/src/ReactWorkTags.js:62	import
react	SuspenseListComponent	packages/react-reconciler/src/ReactFiberComponentStack.js:20:3	packages/react-reconciler/src/ReactWorkTags.js:62	import
react	SuspenseListComponent	packages/react-reconciler/src/ReactFiberBeginWork.js:72:3	packages/react-reconciler/src/ReactWorkTags.js:62	import
react	Result	compiler/packages/babel-plugin-react-compiler/src/HIR/Environment.ts:23:18	compiler/packages/babel-plugin-react-compiler/src/Utils/Result.ts:9	import
react	Result	compiler/packages/babel-plugin-react-compiler/src/Entrypoint/Pipeline.ts:13:18	compiler/packages/babel-plugin-react-compiler/src/Utils/Result.ts:9	import
react	Result	compiler/packages/babel-plugin-react-compiler/src/Validation/ValidateNoJSXInTryStatement.ts:11:9	compiler/packages/babel-plugin-react-compiler/src/Utils/Result.ts:9	import
react	logComponentRender	packages/react-client/src/ReactFlightClient.js:80:3	packages/react-client/src/ReactFlightPerformanceTrack.js:75	import
react	logComponentRender	packages/react-reconciler/src/ReactFiberCommitWork.js:141:3	packages/react-reconciler/src/ReactFiberPerformanceTrack.js:221	import
react	RendererTask	packages/react/src/ReactAct.js:11:14	packages/react/src/ReactSharedInternalsClient.js:58	import
react	HostContext	packages/react-noop-renderer/src/createReactNoop.js:34:3	packages/react-noop-renderer/src/ReactFiberConfigNoop.js:19	import
react	ForwardRef	packages/react-reconciler/src/ReactFiber.js:59:3	packages/react-reconciler/src/ReactWorkTags.js:54	import
react	ForwardRef	packages/react-reconciler/src/ReactFiberApplyGesture.js:61:3	packages/react-reconciler/src/ReactWorkTags.js:54	import
react	ForwardRef	packages/react-reconciler/src/ReactFiberCompleteWork.js:60:3	packages/react-reconciler/src/ReactWorkTags.js:54	import
react	useId	packages/react/src/ReactServer.fb.js:29:14	packages/react/src/ReactHooks.js:183	import
react	useId	packages/react/src/ReactServer.experimental.development.js:31:3	packages/react/src/ReactHooks.js:183	import
react	useId	packages/react/src/ReactServer.js:27:14	packages/react/src/ReactHooks.js:183	import
react	AnyNativeEvent	packages/react-native-renderer/src/ReactFabricEventEmitter.js:11:3	packages/react-native-renderer/src/legacy-events/PluginModuleType.js:21	import
react	AnyNativeEvent	packages/react-dom-bindings/src/events/DOMPluginEventSystem.js:12:14	packages/react-dom-bindings/src/events/PluginModuleType.js:10	import
react	AnyNativeEvent	packages/react-dom-bindings/src/events/plugins/ChangeEventPlugin.js:10:14	packages/react-dom-bindings/src/events/PluginModuleType.js:10	import
react	useRef	packages/react/src/ReactClient.js:51:3	packages/react/src/ReactHooks.js:82	import
react	describeClassComponentFrame	packages/react-devtools-shared/src/backend/fiber/DevToolsFiberComponentStack.js:23:3	packages/react-devtools-shared/src/backend/shared/DevToolsComponentStackFrame.js:304	import
react	isComponentDeclaration	compiler/packages/babel-plugin-react-compiler/src/Entrypoint/Program.ts:19:9	compiler/packages/babel-plugin-react-compiler/src/Utils/ComponentDeclaration.ts:14	import
react	scheduleRoot	packages/react-reconciler/src/ReactFiberReconciler.js:104:3	packages/react-reconciler/src/ReactFiberHotReloading.js:197	import
react	serializeToString	packages/react-devtools-shared/src/backend/legacy/renderer.js:23:3	packages/react-devtools-shared/src/backend/utils/index.js:140	import
react	Position	packages/react-devtools-shared/src/hooks/SourceMapMetadataConsumer.js:10:14	packages/react-devtools-shared/src/hooks/astUtils.js:21	import
react	Position	packages/react-devtools-shared/src/hooks/getHookNameForLocation.js:16:14	packages/react-devtools-shared/src/hooks/astUtils.js:21	import
react	requireModule	packages/react-server-dom-parcel/src/server/ReactFlightDOMServerNode.js:62:3	packages/react-server-dom-parcel/src/client/ReactFlightClientConfigBundlerParcel.js:81	import
react	requireModule	packages/react-server-dom-parcel/src/server/ReactFlightDOMServerBrowser.js:18:3	packages/react-server-dom-parcel/src/client/ReactFlightClientConfigBundlerParcel.js:81	import
react	requireModule	packages/react-server-dom-parcel/src/server/ReactFlightDOMServerEdge.js:18:3	packages/react-server-dom-parcel/src/client/ReactFlightClientConfigBundlerParcel.js:81	import
react	Dispatcher	packages/react-reconciler/src/ReactFiberHooks.js:21:3	packages/react-reconciler/src/ReactInternalTypes.js:397	import
react	HostText	packages/react-reconciler/src/ReactFiberHydrationDiffs.js:24:3	packages/react-reconciler/src/ReactWorkTags.js:49	import
react	HostText	packages/react-reconciler/src/ReactFiber.js:55:3	packages/react-reconciler/src/ReactWorkTags.js:49	import
react	HostText	packages/react-reconciler/src/ReactFiberApplyGesture.js:67:3	packages/react-reconciler/src/ReactWorkTags.js:49	import
react	mapErrorSeverityToESlint	compiler/packages/eslint-plugin-react-compiler/__tests__/RustBackendComparison-test.ts:22:3	compiler/packages/eslint-plugin-react-compiler/src/rules/ReactCompilerRule.ts:252	import
react	mapErrorSeverityToESlint	packages/eslint-plugin-react-hooks/src/index.ts:12:3	packages/eslint-plugin-react-hooks/src/shared/ReactCompiler.ts:252	import
react	mapErrorSeverityToESlint	compiler/packages/eslint-plugin-react-compiler/src/index.ts:11:3	compiler/packages/eslint-plugin-react-compiler/src/rules/ReactCompilerRule.ts:252	import
react	Node	packages/react-native-renderer/src/ReactNativePublicCompat.js:10:14	packages/react-native-renderer/src/ReactNativeTypes.js:140	import
react	ObjectMethod	compiler/packages/babel-plugin-react-compiler/src/HIR/PrintHIR.ts:23:3	compiler/packages/babel-plugin-react-compiler/src/HIR/HIR.ts:735	import
react	ObjectMethod	compiler/packages/babel-plugin-react-compiler/src/ReactiveScopes/CodegenReactiveFunction.ts:31:3	compiler/packages/babel-plugin-react-compiler/src/HIR/HIR.ts:735	import
react	ObjectMethod	compiler/packages/babel-plugin-react-compiler/src/HIR/PropagateScopeDependenciesHIR.ts:31:3	compiler/packages/babel-plugin-react-compiler/src/HIR/HIR.ts:735	import
react	printType	compiler/packages/babel-plugin-react-compiler/src/Flood/TypeUtils.ts:11:3	compiler/packages/babel-plugin-react-compiler/src/Flood/Types.ts:262	import
react	printType	compiler/packages/babel-plugin-react-compiler/src/Flood/TypeErrors.ts:5:3	compiler/packages/babel-plugin-react-compiler/src/Flood/Types.ts:262	import
react	printType	compiler/packages/babel-plugin-react-compiler/src/ReactiveScopes/PrintReactiveFunction.ts:26:3	compiler/packages/babel-plugin-react-compiler/src/HIR/PrintHIR.ts:881	import
react	ReactiveValue	compiler/packages/babel-plugin-react-compiler/src/HIR/visitors.ts:21:3	compiler/packages/babel-plugin-react-compiler/src/HIR/HIR.ts:115	import
react	ReactiveValue	compiler/packages/babel-plugin-react-compiler/src/HIR/DebugPrintReactiveFunction.ts:15:3	compiler/packages/babel-plugin-react-compiler/src/HIR/HIR.ts:115	import
react	ReactiveValue	compiler/packages/babel-plugin-react-compiler/src/ReactiveScopes/CodegenReactiveFunction.ts:44:3	compiler/packages/babel-plugin-react-compiler/src/HIR/HIR.ts:115	import
react	ReactiveScopeDeclaration	compiler/packages/babel-plugin-react-compiler/src/ReactiveScopes/CodegenReactiveFunction.ts:41:3	compiler/packages/babel-plugin-react-compiler/src/HIR/HIR.ts:1642	import
react	AliasingEffect	compiler/packages/babel-plugin-react-compiler/src/Inference/InferMutationAliasingEffects.ts:67:3	compiler/packages/babel-plugin-react-compiler/src/Inference/AliasingEffects.ts:29	import
react	AliasingEffect	compiler/packages/babel-plugin-react-compiler/src/HIR/HIR.ts:20:14	compiler/packages/babel-plugin-react-compiler/src/Inference/AliasingEffects.ts:29	import
react	AliasingEffect	compiler/packages/babel-plugin-react-compiler/src/HIR/PrintHIR.ts:37:9	compiler/packages/babel-plugin-react-compiler/src/Inference/AliasingEffects.ts:29	import
react	DebugPrinter	compiler/packages/babel-plugin-react-compiler/src/HIR/DebugPrintReactiveFunction.ts:19:9	compiler/packages/babel-plugin-react-compiler/src/HIR/DebugPrintHIR.ts:51	import
react	LowPriority	packages/scheduler/src/forks/Scheduler.js:31:3	packages/scheduler/src/SchedulerPriorities.js:17	import
react	LowPriority	packages/scheduler/src/forks/SchedulerPostTask.js:28:3	packages/scheduler/src/SchedulerPriorities.js:17	import
react	LowPriority	packages/scheduler/src/forks/SchedulerMock.js:23:3	packages/scheduler/src/SchedulerPriorities.js:17	import
react	SyntheticEvent	packages/react-dom-bindings/src/events/plugins/SelectEventPlugin.js:18:9	packages/react-dom-bindings/src/events/SyntheticEvent.js:159	import
react	SyntheticEvent	packages/react-dom-bindings/src/events/plugins/FormActionEventPlugin.js:24:9	packages/react-dom-bindings/src/events/SyntheticEvent.js:159	import
react	SyntheticEvent	packages/react-dom-bindings/src/events/plugins/SimpleEventPlugin.js:18:3	packages/react-dom-bindings/src/events/SyntheticEvent.js:159	import
react	markWorkInProgressReceivedUpdate	packages/react-reconciler/src/ReactFiberHooks.js:116:3	packages/react-reconciler/src/ReactFiberBeginWork.js:3797	import
react	ModuleLoading	packages/react-server-dom-parcel/src/client/ReactFlightClientConfigTargetParcelBrowser.js:10:14	packages/react-server-dom-parcel/src/client/ReactFlightClientConfigBundlerParcel.js:28	import
react	ModuleLoading	packages/react-server-dom-parcel/src/client/ReactFlightClientConfigTargetParcelServer.js:10:14	packages/react-server-dom-parcel/src/client/ReactFlightClientConfigBundlerParcel.js:28	import
react	trackUsedThenable	packages/react-server/src/ReactFlightHooks.js:18:30	packages/react-server/src/ReactFlightThenable.js:47	import
react	trackUsedThenable	packages/react-server/src/ReactFizzHooks.js:31:3	packages/react-server/src/ReactFizzThenable.js:44	import
react	trackUsedThenable	packages/react-reconciler/src/ReactFiberHooks.js:145:3	packages/react-reconciler/src/ReactFiberThenable.js:125	import
react	hydrateRoot	packages/react-dom/src/client/ReactDOMClient.js:10:21	packages/react-dom/src/client/ReactDOMRoot.js:276	import
react	hydrateRoot	packages/react-dom/src/client/ReactDOMRootFB.js:27:3	packages/react-dom/src/client/ReactDOMRoot.js:276	import
react	recommendedLatestRules	packages/eslint-plugin-react-hooks/src/index.ts:14:3	packages/eslint-plugin-react-hooks/src/shared/ReactCompiler.ts:243	import
react	enableTransitionTracing	packages/shared/getComponentNameFromType.js:31:3	packages/shared/ReactFeatureFlags.js:123	import
react	Item	packages/react-devtools-shell/src/app/ToDoList/ListItem.js:14:14	packages/react-devtools-shell/src/app/ToDoList/List.js:15	import
react	HintModel	packages/react-dom-bindings/src/shared/ReactFlightClientConfigDOM.js:13:24	packages/react-dom-bindings/src/server/ReactFlightServerConfigDOM.js:59	import
react	register	packages/react-devtools-cdt-mcp/src/register.js:10:9	packages/react-devtools-cdt-mcp/src/DevToolsCdtMcp.js:361	import
react	viewAttributeSource	packages/react-devtools-extensions/src/main/index.js:42:9	packages/react-devtools-extensions/src/main/sourceSelection.js:3	import
react	store	fixtures/nesting/src/legacy/Greeting.js:6:9	fixtures/nesting/src/store.js:14	import
react	store	fixtures/nesting/src/modern/index.js:6:9	fixtures/nesting/src/store.js:14	import
react	Ok	compiler/packages/babel-plugin-react-compiler/src/Entrypoint/Imports.ts:20:14	compiler/packages/babel-plugin-react-compiler/src/Utils/Result.ts:88	import
react	Ok	compiler/packages/babel-plugin-react-compiler/src/HIR/HIR.ts:22:14	compiler/packages/babel-plugin-react-compiler/src/Utils/Result.ts:88	import
react	Ok	compiler/packages/babel-plugin-react-compiler/src/__tests__/Result-test.ts:9:14	compiler/packages/babel-plugin-react-compiler/src/Utils/Result.ts:88	import
react	disableLogs	packages/react-devtools-shared/src/backend/shared/DevToolsComponentStackFrame.js:19:9	packages/react-devtools-shared/src/backend/shared/DevToolsConsolePatching.js:31	import
react	completeSegment	packages/react-dom-bindings/src/server/fizz-instruction-set/ReactDOMFizzInstructionSetExternalRuntime.js:9:3	packages/react-dom-bindings/src/server/fizz-instruction-set/ReactDOMFizzInstructionSetShared.js:589	import
react	completeSegment	packages/react-dom-bindings/src/server/fizz-instruction-set/ReactDOMFizzInlineCompleteSegment.js:1:9	packages/react-dom-bindings/src/server/fizz-instruction-set/ReactDOMFizzInstructionSetShared.js:589	import
react	completeSegment	packages/react-dom-bindings/src/server/ReactFizzConfigDOM.js:86:3	packages/react-dom-bindings/src/server/fizz-instruction-set/ReactDOMFizzInstructionSetInlineCodeStrings.js:14	import
react	ServerReference	packages/react-server-dom-turbopack/src/server/ReactFlightServerConfigTurbopackBundler.js:18:3	packages/react-server-dom-turbopack/src/ReactFlightTurbopackReferences.js:12	import
react	ServerReference	packages/react-server-dom-esm/src/server/ReactFlightServerConfigESMBundler.js:14:3	packages/react-server-dom-esm/src/ReactFlightESMReferences.js:12	import
react	ServerReference	packages/react-flight-server-fb/src/server/ReactFlightServerConfigFBBundler.js:14:3	packages/react-flight-server-fb/src/ReactFlightFBReferences.js:12	import
react	getValueDescriptorExpectingObjectForWarning	packages/react-dom-bindings/src/server/ReactFizzConfigDOM.js:91:9	packages/react-dom-bindings/src/shared/ReactDOMResourceValidation.js:65	import
react	getCurrentUpdatePriority	packages/react-dom-bindings/src/events/ReactDOMEventListener.js:47:3	packages/react-dom-bindings/src/client/ReactDOMUpdatePriority.js:31	import
react	PolyType	compiler/packages/babel-plugin-react-compiler/src/HIR/ObjectShape.ts:29:3	compiler/packages/babel-plugin-react-compiler/src/HIR/Types.ts:53	import
react	PolyType	compiler/packages/babel-plugin-react-compiler/src/HIR/Globals.ts:37:34	compiler/packages/babel-plugin-react-compiler/src/HIR/Types.ts:53	import
react	plugins	packages/react-native-renderer/src/ReactFabricEventEmitter.js:23:3	packages/react-native-renderer/src/legacy-events/EventPluginRegistry.js:171	import
react	getViewTransitionName	packages/react-reconciler/src/ReactFiberApplyGesture.js:90:3	packages/react-reconciler/src/ReactFiberViewTransitionComponent.js:28	import
react	getViewTransitionName	packages/react-reconciler/src/ReactFiberWorkLoop.js:38:3	packages/react-reconciler/src/ReactFiberViewTransitionComponent.js:28	import
react	getViewTransitionName	packages/react-server/src/ReactFizzServer.js:155:3	packages/react-server/src/ReactFizzViewTransitionComponent.js:17	import
react	LValuePattern	compiler/packages/babel-plugin-react-compiler/src/SSA/RewriteInstructionKindsBasedOnReassignment.ts:15:3	compiler/packages/babel-plugin-react-compiler/src/HIR/HIR.ts:672	import
react	detachDeletedInstance	packages/react-dom-bindings/src/client/ReactFiberConfigDOM.js:55:3	packages/react-dom-bindings/src/client/ReactDOMComponentTree.js:71	import
react	describeBuiltInComponentFrame	packages/react-devtools-shared/src/backend/flight/DevToolsComponentInfoStack.js:17:9	packages/react-devtools-shared/src/backend/shared/DevToolsComponentStackFrame.js:22	import
react	describeBuiltInComponentFrame	packages/react-devtools-shared/src/backend/fiber/DevToolsFiberComponentStack.js:21:3	packages/react-devtools-shared/src/backend/shared/DevToolsComponentStackFrame.js:22	import
react	TracingMarkerComponent	packages/react-reconciler/src/ReactFiberUnwindWork.js:35:3	packages/react-reconciler/src/ReactWorkTags.js:67	import
react	TracingMarkerComponent	packages/react-reconciler/src/ReactFiberCompleteWork.js:75:3	packages/react-reconciler/src/ReactWorkTags.js:67	import
react	TracingMarkerComponent	packages/react-reconciler/src/ReactFiber.js:75:3	packages/react-reconciler/src/ReactWorkTags.js:67	import
react	reenableLogs	packages/react-devtools-shared/src/backend/shared/DevToolsComponentStackFrame.js:19:22	packages/react-devtools-shared/src/backend/shared/DevToolsConsolePatching.js:62	import
react	SourceLocation	compiler/packages/babel-plugin-react-compiler/src/HIR/PropagateScopeDependenciesHIR.ts:34:3	compiler/packages/babel-plugin-react-compiler/src/HIR/HIR.ts:41	import
react	SourceLocation	compiler/packages/babel-plugin-react-compiler/src/ReactiveScopes/CodegenReactiveFunction.ts:45:3	compiler/packages/babel-plugin-react-compiler/src/HIR/HIR.ts:41	import
react	SourceLocation	compiler/packages/babel-plugin-react-compiler/src/Validation/ValidateHooksUsage.ts:16:3	compiler/packages/babel-plugin-react-compiler/src/HIR/HIR.ts:41	import
react	FormatContext	packages/react-dom-bindings/src/server/ReactFizzConfigDOMLegacy.js:18:3	packages/react-dom-bindings/src/server/ReactFizzConfigDOM.js:822	import
react	Global	compiler/packages/babel-plugin-react-compiler/src/HIR/Environment.ts:27:3	compiler/packages/babel-plugin-react-compiler/src/HIR/Globals.ts:936	import
react	EARLY_RETURN_SENTINEL	compiler/packages/babel-plugin-react-compiler/src/ReactiveScopes/PropagateEarlyReturns.ts:24:9	compiler/packages/babel-plugin-react-compiler/src/ReactiveScopes/CodegenReactiveFunction.ts:63	import
react	CurrentDispatcherRef	packages/react-devtools-shared/src/backend/shared/DevToolsComponentStackFrame.js:15:14	packages/react-devtools-shared/src/backend/types.js:88	import
react	CurrentDispatcherRef	packages/react-devtools-shared/src/backend/shared/DevToolsReactDispatcher.js:10:14	packages/react-devtools-shared/src/backend/types.js:88	import
react	CurrentDispatcherRef	packages/react-devtools-shared/src/backend/fiber/DevToolsFiberComponentStack.js:16:14	packages/react-devtools-shared/src/backend/types.js:88	import
react	getMaskedContext	packages/react-reconciler/src/ReactFiberBeginWork.js:229:3	packages/react-reconciler/src/ReactFiberLegacyContext.js:73	import
react	getMaskedContext	packages/react-reconciler/src/ReactFiberWorkLoop.js:410:9	packages/react-reconciler/src/ReactFiberLegacyContext.js:73	import
react	getMaskedContext	packages/react-reconciler/src/ReactFiberClassComponent.js:51:3	packages/react-reconciler/src/ReactFiberLegacyContext.js:73	import
react	processChildContext	packages/react-server/src/ReactFizzServer.js:112:3	packages/react-server/src/ReactFizzLegacyContext.js:42	import
react	processChildContext	packages/react-reconciler/src/ReactFiberReconciler.js:56:3	packages/react-reconciler/src/ReactFiberLegacyContext.js:167	import
react	Lane	packages/react-reconciler/src/ReactFiberSuspenseComponent.js:13:14	packages/react-reconciler/src/ReactFiberLane.js:18	import
react	Lane	packages/react-reconciler/src/ReactFiberDevToolsHook.js:10:14	packages/react-reconciler/src/ReactFiberLane.js:18	import
react	Lane	packages/react-reconciler/src/ReactFiberReconciler.js:23:14	packages/react-reconciler/src/ReactFiberLane.js:18	import
react	ReactiveStatement	compiler/packages/babel-plugin-react-compiler/src/HIR/DebugPrintReactiveFunction.ts:13:3	compiler/packages/babel-plugin-react-compiler/src/HIR/HIR.ts:85	import
react	ReactiveStatement	compiler/packages/babel-plugin-react-compiler/src/ReactiveScopes/PrintReactiveFunction.ts:16:3	compiler/packages/babel-plugin-react-compiler/src/HIR/HIR.ts:85	import
react	ReactiveStatement	compiler/packages/babel-plugin-react-compiler/src/ReactiveScopes/visitors.ts:17:3	compiler/packages/babel-plugin-react-compiler/src/HIR/HIR.ts:85	import
react	getThenableStateAfterSuspending	packages/react-server/src/ReactFlightServer.js:114:3	packages/react-server/src/ReactFlightHooks.js:45	import
react	getThenableStateAfterSuspending	packages/react-server/src/ReactFizzServer.js:132:3	packages/react-server/src/ReactFizzHooks.js:340	import
react	normalPriorityTimeout	packages/scheduler/src/forks/Scheduler.js:19:3	packages/scheduler/src/SchedulerFeatureFlags.js:14	import
react	PluginName	packages/react-native-renderer/src/legacy-events/EventPluginRegistry.js:13:3	packages/react-native-renderer/src/legacy-events/PluginModuleType.js:23	import
react	updateFiberProps	packages/react-dom-bindings/src/client/ReactFiberConfigDOM.js:48:3	packages/react-dom-bindings/src/client/ReactDOMComponentTree.js:295	import
react	LoggerEvent	compiler/packages/babel-plugin-react-compiler/src/Entrypoint/Imports.ts:21:9	compiler/packages/babel-plugin-react-compiler/src/Entrypoint/Options.ts:245	import
react	DOCUMENT_FRAGMENT_NODE	packages/react-dom-bindings/src/client/ReactDOMContainer.js:16:3	packages/react-dom-bindings/src/client/HTMLNodeType.js:19	import
react	DOCUMENT_FRAGMENT_NODE	packages/react-dom-bindings/src/client/ReactFiberConfigDOM.js:116:3	packages/react-dom-bindings/src/client/HTMLNodeType.js:19	import
react	DEBUG	compiler/packages/babel-plugin-react-compiler/src/Flood/TypeUtils.ts:9:3	compiler/packages/babel-plugin-react-compiler/src/Flood/Types.ts:14	import
react	parseInput	compiler/packages/snap/src/runner.ts:36:9	compiler/packages/snap/src/compiler.ts:105	import
react	parseInput	compiler/packages/snap/src/minimize.ts:14:9	compiler/packages/snap/src/compiler.ts:105	import
react	useReducer	packages/react/src/ReactClient.js:50:3	packages/react/src/ReactHooks.js:73	import
react	requestPaint	packages/react-reconciler/src/ReactFiberWorkLoop.js:74:3	packages/react-reconciler/src/Scheduler.js:19	import
react	getTreeId	packages/react-server/src/ReactFizzViewTransitionComponent.js:14:9	packages/react-server/src/ReactFizzTreeContext.js:73	import
react	getTreeId	packages/react-server/src/ReactFizzHooks.js:28:9	packages/react-server/src/ReactFizzTreeContext.js:73	import
react	getTreeId	packages/react-reconciler/src/ReactFiberHooks.js:142:9	packages/react-reconciler/src/ReactFiberTreeContext.js:99	import
react	LValue	compiler/packages/babel-plugin-react-compiler/src/HIR/DebugPrintHIR.ts:15:3	compiler/packages/babel-plugin-react-compiler/src/HIR/HIR.ts:667	import
react	LValue	compiler/packages/babel-plugin-react-compiler/src/HIR/PrintHIR.ts:20:3	compiler/packages/babel-plugin-react-compiler/src/HIR/HIR.ts:667	import
react	LValue	compiler/packages/babel-plugin-react-compiler/src/SSA/RewriteInstructionKindsBasedOnReassignment.ts:14:3	compiler/packages/babel-plugin-react-compiler/src/HIR/HIR.ts:667	import
react	ActivityComponent	packages/react-reconciler/src/ReactFiberHydrationDiffs.js:17:3	packages/react-reconciler/src/ReactWorkTags.js:73	import
react	ActivityComponent	packages/react-reconciler/src/ReactFiberCommitWork.js:75:3	packages/react-reconciler/src/ReactWorkTags.js:73	import
react	ActivityComponent	packages/react-reconciler/src/ReactFiberBeginWork.js:85:3	packages/react-reconciler/src/ReactWorkTags.js:73	import
react	Phi	compiler/packages/babel-plugin-react-compiler/src/HIR/PrintHIR.ts:26:3	compiler/packages/babel-plugin-react-compiler/src/HIR/HIR.ts:789	import
react	Phi	compiler/packages/babel-plugin-react-compiler/src/SSA/EnterSSA.ts:19:3	compiler/packages/babel-plugin-react-compiler/src/HIR/HIR.ts:789	import
react	Phi	compiler/packages/babel-plugin-react-compiler/src/HIR/DebugPrintHIR.ts:19:3	compiler/packages/babel-plugin-react-compiler/src/HIR/HIR.ts:789	import
react	userBlockingPriorityTimeout	packages/scheduler/src/forks/Scheduler.js:17:3	packages/scheduler/src/SchedulerFeatureFlags.js:13	import
react	callComponentInDEV	packages/react-reconciler/src/ReactFiberHooks.js:163:9	packages/react-reconciler/src/ReactFiberCallUserSpace.js:38	import
react	callComponentInDEV	packages/react-server/src/ReactFizzServer.js:150:3	packages/react-server/src/ReactFizzCallUserSpace.js:25	import
react	callComponentInDEV	packages/react-reconciler/src/ReactFiberBeginWork.js:305:9	packages/react-reconciler/src/ReactFiberCallUserSpace.js:38	import
react	Case	compiler/packages/babel-plugin-react-compiler/src/HIR/BuildHIR.ts:26:3	compiler/packages/babel-plugin-react-compiler/src/HIR/HIR.ts:438	import
react	scheduleRefresh	packages/react-reconciler/src/ReactFiberReconciler.js:103:3	packages/react-reconciler/src/ReactFiberHotReloading.js:177	import
react	getFiberCurrentPropsFromNode	packages/react-dom-bindings/src/events/ReactDOMControlledComponent.js:12:3	packages/react-dom-bindings/src/client/ReactDOMComponentTree.js:281	import
react	getFiberCurrentPropsFromNode	packages/react-dom-bindings/src/client/ReactDOMInput.js:13:9	packages/react-dom-bindings/src/client/ReactDOMComponentTree.js:281	import
react	getFiberCurrentPropsFromNode	packages/react-dom-bindings/src/events/ReactDOMEventReplaying.js:39:3	packages/react-dom-bindings/src/client/ReactDOMComponentTree.js:281	import
react	setRefreshHandler	packages/react-reconciler/src/ReactFiberReconciler.js:105:3	packages/react-reconciler/src/ReactFiberHotReloading.js:58	import
react	TEXT_NODE	packages/react-dom-bindings/src/client/getNodeForCharacterOffset.js:10:9	packages/react-dom-bindings/src/client/HTMLNodeType.js:15	import
react	TEXT_NODE	packages/react-dom-bindings/src/client/ReactFiberConfigDOM.js:112:3	packages/react-dom-bindings/src/client/HTMLNodeType.js:15	import
react	TEXT_NODE	packages/react-dom-bindings/src/events/getEventTarget.js:8:9	packages/react-dom-bindings/src/client/HTMLNodeType.js:15	import
react	ContextMenuItem	packages/react-devtools-shared/src/devtools/ContextMenu/ContextMenuContainer.js:16:14	packages/react-devtools-shared/src/devtools/ContextMenu/types.js:12	import
react	ContextMenuItem	packages/react-devtools-shared/src/devtools/ContextMenu/ContextMenu.js:17:3	packages/react-devtools-shared/src/devtools/ContextMenu/types.js:12	import
react	StyleAndLayout	packages/react-devtools-shared/src/backend/NativeStyleEditor/setupNativeStyleEditor.js:16:14	packages/react-devtools-shared/src/backend/NativeStyleEditor/types.js:30	import
react	StyleAndLayout	packages/react-devtools-shared/src/devtools/views/Components/NativeStyleEditor/context.js:24:14	packages/react-devtools-shared/src/devtools/views/Components/NativeStyleEditor/types.js:17	import
react	Wall	packages/react-devtools-shared/src/bridge.js:12:31	packages/react-devtools-shared/src/frontend/types.js:31	import
react	configs	compiler/packages/eslint-plugin-react-compiler/__tests__/RustBackend-test.ts:16:9	compiler/packages/eslint-plugin-react-compiler/src/index.ts:19	import
react	configs	compiler/packages/eslint-plugin-react-compiler/__tests__/shared-utils.ts:4:9	compiler/packages/eslint-plugin-react-compiler/src/index.ts:19	import
react	configs	compiler/packages/eslint-plugin-react-compiler/__tests__/RustBackendComparison-test.ts:18:9	compiler/packages/eslint-plugin-react-compiler/src/index.ts:19	import
react	IdlePriority	packages/scheduler/src/forks/Scheduler.js:32:3	packages/scheduler/src/SchedulerPriorities.js:18	import
react	IdlePriority	packages/react-reconciler/src/ReactFiberWorkLoop.js:77:3	packages/react-reconciler/src/Scheduler.js:27	import
react	IdlePriority	packages/react-reconciler/src/ReactFiberDevToolsHook.js:35:3	packages/react-reconciler/src/Scheduler.js:27	import
react	clearSingletonProperties	packages/react-dom-bindings/src/client/ReactFiberConfigDOM.js:86:3	packages/react-dom-bindings/src/client/ReactDOMComponent.js:1502	import
react	HookKind	compiler/packages/babel-plugin-react-compiler/src/HIR/HIR.ts:17:14	compiler/packages/babel-plugin-react-compiler/src/HIR/ObjectShape.ts:273	import
react	ReactiveTerminalTargetKind	compiler/packages/babel-plugin-react-compiler/src/ReactiveScopes/BuildReactiveFunction.ts:29:3	compiler/packages/babel-plugin-react-compiler/src/HIR/HIR.ts:183	import
react	ImportManifestEntry	packages/react-server-dom-unbundled/src/server/ReactFlightServerConfigUnbundledBundler.js:13:3	packages/react-server-dom-unbundled/src/shared/ReactFlightImportMetadata.js:10	import
react	ImportManifestEntry	packages/react-server-dom-webpack/src/ReactFlightWebpackPlugin.js:10:14	packages/react-server-dom-webpack/src/shared/ReactFlightImportMetadata.js:10	import
react	ImportManifestEntry	packages/react-server-dom-webpack/src/server/ReactFlightServerConfigWebpackBundler.js:13:3	packages/react-server-dom-webpack/src/shared/ReactFlightImportMetadata.js:10	import
react	ChangeDescription	packages/react-devtools-shared/src/backend/fiber/renderer.js:155:3	packages/react-devtools-shared/src/backend/types.js:187	import
react	ChangeDescription	packages/react-devtools-shared/src/devtools/views/Profiler/HookChangeSummary.js:28:14	packages/react-devtools-shared/src/devtools/views/Profiler/types.js:46	import
react	BlockKind	compiler/packages/babel-plugin-react-compiler/src/HIR/HIRBuilder.ts:20:3	compiler/packages/babel-plugin-react-compiler/src/HIR/HIR.ts:324	import
react	ReactiveTerminal	compiler/packages/babel-plugin-react-compiler/src/ReactiveScopes/visitors.ts:18:3	compiler/packages/babel-plugin-react-compiler/src/HIR/HIR.ts:154	import
react	ReactiveTerminal	compiler/packages/babel-plugin-react-compiler/src/ReactiveScopes/CodegenReactiveFunction.ts:43:3	compiler/packages/babel-plugin-react-compiler/src/HIR/HIR.ts:154	import
react	ReactiveTerminal	compiler/packages/babel-plugin-react-compiler/src/HIR/DebugPrintReactiveFunction.ts:14:3	compiler/packages/babel-plugin-react-compiler/src/HIR/HIR.ts:154	import
react	NormalPriority	packages/react-reconciler/src/ReactFiberDevToolsHook.js:34:3	packages/react-reconciler/src/Scheduler.js:25	import
react	NormalPriority	packages/react-reconciler/src/ReactFiberRootScheduler.js:58:3	packages/react-reconciler/src/Scheduler.js:25	import
react	NormalPriority	packages/scheduler/src/forks/SchedulerMock.js:22:3	packages/scheduler/src/SchedulerPriorities.js:16	import
react	pushSegmentFinale	packages/react-dom-bindings/src/server/ReactFizzConfigDOMLegacy.js:24:3	packages/react-dom-bindings/src/server/ReactFizzConfigDOM.js:1199	import
react	ThenableState	packages/react-reconciler/src/ReactChildFiber.js:23:14	packages/react-reconciler/src/ReactFiberThenable.js:43	import
react	ThenableState	packages/react-reconciler/src/ReactInternalTypes.js:42:14	packages/react-reconciler/src/ReactFiberThenable.js:43	import
react	ThenableState	packages/react-server/src/ReactFizzServer.js:43:14	packages/react-server/src/ReactFizzThenable.js:24	import
react	recommendedRules	packages/eslint-plugin-react-hooks/src/index.ts:13:3	packages/eslint-plugin-react-hooks/src/shared/ReactCompiler.ts:236	import
react	recommendedRules	compiler/packages/eslint-plugin-react-compiler/__tests__/RustBackendComparison-test.ts:21:3	compiler/packages/eslint-plugin-react-compiler/src/rules/ReactCompilerRule.ts:236	import
react	recommendedRules	compiler/packages/eslint-plugin-react-compiler/__tests__/RustBackend-test.ts:15:19	compiler/packages/eslint-plugin-react-compiler/src/rules/ReactCompilerRule.ts:236	import
react	CacheComponent	packages/react-reconciler/src/ReactFiberCompleteWork.js:74:3	packages/react-reconciler/src/ReactWorkTags.js:66	import
react	CacheComponent	packages/react-reconciler/src/ReactFiberCommitWork.js:85:3	packages/react-reconciler/src/ReactWorkTags.js:66	import
react	CacheComponent	packages/react-reconciler/src/ReactFiberHooks.js:83:19	packages/react-reconciler/src/ReactWorkTags.js:66	import
react	mountClassInstance	packages/react-reconciler/src/ReactFiberBeginWork.js:253:3	packages/react-reconciler/src/ReactFiberClassComponent.js:761	import
react	mountClassInstance	packages/react-server/src/ReactFizzServer.js:108:3	packages/react-server/src/ReactFizzClassComponent.js:626	import
react	PrunedReactiveScopeBlock	compiler/packages/babel-plugin-react-compiler/src/ReactiveScopes/PrintReactiveFunction.ts:11:3	compiler/packages/babel-plugin-react-compiler/src/HIR/HIR.ts:77	import
react	PrunedReactiveScopeBlock	compiler/packages/babel-plugin-react-compiler/src/ReactiveScopes/RenameVariables.ts:17:3	compiler/packages/babel-plugin-react-compiler/src/HIR/HIR.ts:77	import
react	PrunedReactiveScopeBlock	compiler/packages/babel-plugin-react-compiler/src/ReactiveScopes/CollectReactiveIdentifiers.ts:12:3	compiler/packages/babel-plugin-react-compiler/src/HIR/HIR.ts:77	import
react	OffscreenComponent	packages/react-reconciler/src/ReactFiberBeginWork.js:79:3	packages/react-reconciler/src/ReactWorkTags.js:64	import
react	OffscreenComponent	packages/react-reconciler/src/ReactFiberConcurrentUpdates.js:29:19	packages/react-reconciler/src/ReactWorkTags.js:64	import
react	OffscreenComponent	packages/react-reconciler/src/ReactFiberCompleteWork.js:72:3	packages/react-reconciler/src/ReactWorkTags.js:64	import
react	SerializedElement	packages/react-devtools-shared/src/backend/fiber/renderer.js:169:3	packages/react-devtools-shared/src/backend/types.js:260	import
react	SerializedElement	packages/react-devtools-shared/src/backend/legacy/renderer.js:57:32	packages/react-devtools-shared/src/backend/types.js:260	import
react	getServerState	fixtures/flight-esm/src/App.js:8:9	fixtures/flight-esm/src/ServerState.js:7	import
react	getServerState	fixtures/flight/src/App.js:28:9	fixtures/flight/src/ServerState.js:7	import
react	COMMENT_NODE	packages/react-dom-bindings/src/client/ReactDOMContainer.js:14:3	packages/react-dom-bindings/src/client/HTMLNodeType.js:16	import
react	COMMENT_NODE	packages/react-dom-bindings/src/events/DOMPluginEventSystem.js:47:9	packages/react-dom-bindings/src/client/HTMLNodeType.js:16	import
react	COMMENT_NODE	packages/react-dom-bindings/src/client/ReactFiberConfigDOM.js:113:3	packages/react-dom-bindings/src/client/HTMLNodeType.js:16	import
react	cancelCallback	packages/react-reconciler/src/ReactFiberRootScheduler.js:60:3	packages/react-reconciler/src/Scheduler.js:17	import
react	completeBoundaryWithStyles	packages/react-dom-bindings/src/server/ReactFizzConfigDOM.js:85:3	packages/react-dom-bindings/src/server/fizz-instruction-set/ReactDOMFizzInstructionSetInlineCodeStrings.js:12	import
react	completeBoundaryWithStyles	packages/react-dom-bindings/src/server/fizz-instruction-set/ReactDOMFizzInstructionSetExternalRuntime.js:8:3	packages/react-dom-bindings/src/server/fizz-instruction-set/ReactDOMFizzInstructionSetShared.js:463	import
react	completeBoundaryWithStyles	packages/react-dom-bindings/src/server/fizz-instruction-set/ReactDOMFizzInlineCompleteBoundaryWithStyles.js:1:9	packages/react-dom-bindings/src/server/fizz-instruction-set/ReactDOMFizzInstructionSetShared.js:463	import
react	Container	packages/react-native-renderer/src/ReactFiberConfigFabricWithViewTransition.js:14:3	packages/react-native-renderer/src/ReactFiberConfigFabric.js:134	import
react	Container	packages/react-noop-renderer/src/createReactNoop.js:33:3	packages/react-noop-renderer/src/ReactFiberConfigNoop.js:44	import
react	Container	packages/react-test-renderer/src/ReactTestRenderer.js:12:3	packages/react-test-renderer/src/ReactFiberConfigTestHost.js:28	import
react	SuspenseNode	packages/react-devtools-shared/src/devtools/views/SuspenseTab/SuspenseTimeline.js:23:14	packages/react-devtools-shared/src/frontend/types.js:235	import
react	SuspenseNode	packages/react-devtools-shared/src/backend/fiber/shared/DevToolsFiberSuspense.js:11:14	packages/react-devtools-shared/src/backend/fiber/shared/DevToolsFiberTypes.js:82	import
react	SuspenseNode	packages/react-devtools-shared/src/backend/fiber/renderer.js:185:3	packages/react-devtools-shared/src/backend/fiber/shared/DevToolsFiberTypes.js:82	import
react	Layout	packages/react-reconciler/src/ReactFiberCommitWork.js:202:3	packages/react-reconciler/src/ReactHookEffectTags.js:19	import
react	Layout	packages/react-devtools-shared/src/devtools/views/Components/NativeStyleEditor/LayoutViewer.js:13:14	packages/react-devtools-shared/src/devtools/views/Components/NativeStyleEditor/types.js:15	import
react	Layout	packages/react-reconciler/src/ReactFiberCommitEffects.js:63:3	packages/react-reconciler/src/ReactHookEffectTags.js:19	import
react	PostDominator	compiler/packages/babel-plugin-react-compiler/src/Inference/ControlDominators.ts:9:9	compiler/packages/babel-plugin-react-compiler/src/HIR/Dominator.ts:108	import
react	runBabelPluginReactCompiler	compiler/packages/babel-plugin-react-compiler/src/__tests__/CodegenReactiveFunction-test.ts:10:9	compiler/packages/babel-plugin-react-compiler/src/Babel/RunReactCompilerBabelPlugin.ts:16	import
react	runBabelPluginReactCompiler	compiler/packages/babel-plugin-react-compiler/src/__tests__/Logger-test.ts:10:9	compiler/packages/babel-plugin-react-compiler/src/Babel/RunReactCompilerBabelPlugin.ts:16	import
react	ReactiveScopeDependency	compiler/packages/babel-plugin-react-compiler/src/HIR/CollectOptionalChainDependencies.ts:14:3	compiler/packages/babel-plugin-react-compiler/src/HIR/HIR.ts:1660	import
react	ReactiveScopeDependency	compiler/packages/babel-plugin-react-compiler/src/HIR/CollectHoistablePropertyLoads.ts:32:3	compiler/packages/babel-plugin-react-compiler/src/HIR/HIR.ts:1660	import
react	ReactiveScopeDependency	compiler/packages/babel-plugin-react-compiler/src/HIR/PropagateScopeDependenciesHIR.ts:13:3	compiler/packages/babel-plugin-react-compiler/src/HIR/HIR.ts:1660	import
react	ReactiveScopeBlock	compiler/packages/babel-plugin-react-compiler/src/ReactiveScopes/PromoteUsedTemporaries.ts:19:3	compiler/packages/babel-plugin-react-compiler/src/HIR/HIR.ts:71	import
react	ReactiveScopeBlock	compiler/packages/babel-plugin-react-compiler/src/HIR/DebugPrintReactiveFunction.ts:16:3	compiler/packages/babel-plugin-react-compiler/src/HIR/HIR.ts:71	import
react	ReactiveScopeBlock	compiler/packages/babel-plugin-react-compiler/src/ReactiveScopes/RenameVariables.ts:20:3	compiler/packages/babel-plugin-react-compiler/src/HIR/HIR.ts:71	import
react	CompilerError	compiler/packages/babel-plugin-react-compiler/src/HIR/Environment.ts:13:3	compiler/packages/babel-plugin-react-compiler/src/CompilerError.ts:302	import
react	CompilerError	compiler/packages/babel-plugin-react-compiler/src/HIR/AssertTerminalBlocksExist.ts:8:9	compiler/packages/babel-plugin-react-compiler/src/CompilerError.ts:302	import
react	CompilerError	compiler/packages/babel-plugin-react-compiler/src/SSA/RewriteInstructionKindsBasedOnReassignment.ts:8:9	compiler/packages/babel-plugin-react-compiler/src/CompilerError.ts:302	import
react	reset	packages/react-dom-bindings/src/events/plugins/BeforeInputEventPlugin.js:23:3	packages/react-dom-bindings/src/events/FallbackCompositionState.js:30	import
react	compile	fixtures/dom/src/components/fixtures/hydration/index.js:5:9	fixtures/dom/src/components/fixtures/hydration/code-transformer.js:16	import
react	compile	compiler/packages/react-forgive/server/src/index.ts:18:9	compiler/packages/react-forgive/server/src/compiler/index.ts:25	import
react	compile	compiler/apps/playground/components/Editor/EditorImpl.tsx:17:9	compiler/apps/playground/lib/compilation.ts:225	import
react	jsxDEV	packages/react/src/jsx/ReactJSX.js:14:3	packages/react/src/jsx/ReactJSXElement.js:441	import
react	jsxDEV	packages/react/src/jsx/ReactJSXServer.js:14:3	packages/react/src/jsx/ReactJSXElement.js:441	import
react	GotoVariant	compiler/packages/babel-plugin-react-compiler/src/HIR/PrintHIR.ts:36:9	compiler/packages/babel-plugin-react-compiler/src/HIR/HIR.ts:470	import
react	GotoVariant	compiler/packages/babel-plugin-react-compiler/src/HIR/BuildHIR.ts:29:3	compiler/packages/babel-plugin-react-compiler/src/HIR/HIR.ts:470	import
react	GotoVariant	compiler/packages/babel-plugin-react-compiler/src/HIR/HIRBuilder.ts:23:3	compiler/packages/babel-plugin-react-compiler/src/HIR/HIR.ts:470	import
react	DefaultAsyncDispatcher	packages/react-server/src/ReactFlightServer.js:118:9	packages/react-server/src/flight/ReactFlightAsyncDispatcher.js:23	import
react	DefaultAsyncDispatcher	packages/react-server/src/ReactFizzServer.js:141:9	packages/react-server/src/ReactFizzAsyncDispatcher.js:23	import
react	DefaultAsyncDispatcher	packages/react-reconciler/src/ReactFiberWorkLoop.js:276:9	packages/react-reconciler/src/ReactFiberAsyncDispatcher.js:33	import
react	EncodeFormActionCallback	packages/react-client/src/ReactFlightClient.js:40:3	packages/react-client/src/ReactFlightReplyClient.js:67	import
react	SnapshotNode	packages/react-devtools-shared/src/devtools/views/Profiler/utils.js:19:3	packages/react-devtools-shared/src/devtools/views/Profiler/types.js:34	import
react	SnapshotNode	packages/react-devtools-shared/src/devtools/ProfilerStore.js:22:3	packages/react-devtools-shared/src/devtools/views/Profiler/types.js:34	import
react	destroy	packages/react-devtools-shared/src/backend/views/TraceUpdates/index.js:11:9	packages/react-devtools-shared/src/backend/views/TraceUpdates/canvas.js:227	import
react	scale	packages/react-devtools-shared/src/devtools/views/Profiler/CommitFlamegraph.js:26:9	packages/react-devtools-shared/src/devtools/views/Profiler/utils.js:243	import
react	scale	packages/react-devtools-shared/src/devtools/views/Profiler/CommitRanked.js:25:9	packages/react-devtools-shared/src/devtools/views/Profiler/utils.js:243	import
react	useInsertionEffect	packages/react/src/ReactClient.js:46:3	packages/react/src/ReactHooks.js:103	import
react	ClientManifest	packages/react-server-dom-turbopack/src/server/ReactFlightDOMServerBrowser.js:15:14	packages/react-server-dom-turbopack/src/server/ReactFlightServerConfigTurbopackBundler.js:23	import
react	ClientManifest	packages/react-server-dom-unbundled/src/server/ReactFlightDOMServerNode.js:15:14	packages/react-server-dom-unbundled/src/server/ReactFlightServerConfigUnbundledBundler.js:23	import
react	ClientManifest	packages/react-server-dom-turbopack/src/server/ReactFlightDOMServerNode.js:15:14	packages/react-server-dom-turbopack/src/server/ReactFlightServerConfigTurbopackBundler.js:23	import
react	completeBoundary	packages/react-dom-bindings/src/server/fizz-instruction-set/ReactDOMFizzInlineCompleteBoundary.js:3:3	packages/react-dom-bindings/src/server/fizz-instruction-set/ReactDOMFizzInstructionSetShared.js:408	import
react	completeBoundary	packages/react-dom-bindings/src/server/ReactFizzConfigDOM.js:83:3	packages/react-dom-bindings/src/server/fizz-instruction-set/ReactDOMFizzInstructionSetInlineCodeStrings.js:8	import
react	completeBoundary	packages/react-dom-bindings/src/server/fizz-instruction-set/ReactDOMFizzInstructionSetExternalRuntime.js:7:3	packages/react-dom-bindings/src/server/fizz-instruction-set/ReactDOMFizzInstructionSetShared.js:408	import
react	ClassComponent	packages/react-reconciler/src/ReactFiber.js:52:3	packages/react-reconciler/src/ReactWorkTags.js:45	import
react	ClassComponent	packages/react-reconciler/src/ReactFiberReconciler.js:36:3	packages/react-reconciler/src/ReactWorkTags.js:45	import
react	ClassComponent	packages/react-reconciler/src/ReactFiberHydrationDiffs.js:23:3	packages/react-reconciler/src/ReactWorkTags.js:45	import
react	getPublicInstanceFromInternalInstanceHandle	packages/react-native-renderer/src/ReactFabric.js:41:9	packages/react-native-renderer/src/ReactFiberConfigFabric.js:336	import
react	PreambleState	packages/react-dom-bindings/src/server/ReactFizzConfigDOMLegacy.js:17:3	packages/react-dom-bindings/src/server/ReactFizzConfigDOM.js:761	import
react	FIXTURES_PATH	compiler/packages/snap/src/fixture-utils.ts:11:9	compiler/packages/snap/src/constants.ts:23	import
react	FIXTURES_PATH	compiler/packages/snap/src/runner-watch.ts:12:3	compiler/packages/snap/src/constants.ts:23	import
react	findNodeHandle	packages/react-native-renderer/src/ReactFabric.js:35:3	packages/react-native-renderer/src/ReactNativePublicCompat.js:83	import
react	increment	fixtures/flight/src/App.js:26:22	fixtures/flight/src/actions.js:28	import
react	Chunk	packages/react-server-dom-turbopack/src/client/ReactFlightClientConfigTargetTurbopackServer.js:12:14	packages/react-server-dom-turbopack/src/shared/ReactFlightImportMetadata.js:13	import
react	Chunk	packages/react-server-dom-turbopack/src/client/ReactFlightClientConfigBundlerTurbopackServer.js:12:14	packages/react-server-dom-turbopack/src/shared/ReactFlightImportMetadata.js:13	import
react	Chunk	packages/react-server-dom-turbopack/src/client/ReactFlightClientConfigBundlerTurbopackBrowser.js:16:14	packages/react-server-dom-turbopack/src/shared/ReactFlightImportMetadata.js:13	import
react	VariableBinding	compiler/packages/babel-plugin-react-compiler/src/HIR/HIRBuilder.ts:31:3	compiler/packages/babel-plugin-react-compiler/src/HIR/HIR.ts:1240	import
react	pushTextInstance	packages/react-dom-bindings/src/server/ReactFizzConfigDOMLegacy.js:23:3	packages/react-dom-bindings/src/server/ReactFizzConfigDOM.js:1180	import
react	pushEndActivityBoundary	packages/react-dom-bindings/src/server/ReactFizzConfigDOMLegacy.js:26:3	packages/react-dom-bindings/src/server/ReactFizzConfigDOM.js:4648	import
react	ShapeRegistry	compiler/packages/babel-plugin-react-compiler/src/HIR/Environment.ts:58:3	compiler/packages/babel-plugin-react-compiler/src/HIR/ObjectShape.ts:363	import
react	ShapeRegistry	compiler/packages/babel-plugin-react-compiler/src/HIR/Globals.ts:32:3	compiler/packages/babel-plugin-react-compiler/src/HIR/ObjectShape.ts:363	import
react	ValueKind	compiler/packages/babel-plugin-react-compiler/src/HIR/Globals.ts:8:17	compiler/packages/babel-plugin-react-compiler/src/HIR/HIR.ts:1493	import
react	ValueKind	compiler/packages/babel-plugin-react-compiler/src/HIR/Environment.ts:46:3	compiler/packages/babel-plugin-react-compiler/src/HIR/HIR.ts:1493	import
react	ValueKind	compiler/packages/babel-plugin-react-compiler/src/HIR/ObjectShape.ts:21:3	compiler/packages/babel-plugin-react-compiler/src/HIR/HIR.ts:1493	import
react	SimpleMemoComponent	packages/react-reconciler/src/ReactFiberThrow.js:29:3	packages/react-reconciler/src/ReactWorkTags.js:58	import
react	SimpleMemoComponent	packages/react-reconciler/src/ReactFiberComponentStack.js:23:3	packages/react-reconciler/src/ReactWorkTags.js:58	import
react	SimpleMemoComponent	packages/react-reconciler/src/ReactFiberHotReloading.js:30:3	packages/react-reconciler/src/ReactWorkTags.js:58	import
react	createRef	packages/react/src/ReactServer.experimental.development.js:28:9	packages/react/src/ReactCreateRef.js:12	import
react	createRef	packages/react/src/ReactServer.fb.js:28:9	packages/react/src/ReactCreateRef.js:12	import
react	createRef	packages/react/src/ReactServer.js:26:9	packages/react/src/ReactCreateRef.js:12	import
react	enableProfiling	packages/scheduler/src/forks/Scheduler.js:15:3	packages/scheduler/src/SchedulerFeatureFlags.js:10	import
react	enableProfiling	packages/scheduler/src/forks/SchedulerMock.js:15:9	packages/scheduler/src/SchedulerFeatureFlags.js:10	import
react	enableProfiling	packages/scheduler/src/SchedulerProfiling.js:11:9	packages/scheduler/src/SchedulerFeatureFlags.js:10	import
react	sendAccessibilityEvent	packages/react-native-renderer/src/ReactFabric.js:37:3	packages/react-native-renderer/src/ReactNativePublicCompat.js:163	import
react	Client	fixtures/flight/src/App.js:17:9	fixtures/flight/src/Client.js:9	import
react	EnvironmentConfig	compiler/scripts/ts-compile-fixture.ts:35:8	compiler/packages/babel-plugin-react-compiler/src/HIR/Environment.ts:512	import
react	EnvironmentConfig	compiler/packages/babel-plugin-react-compiler/src/Entrypoint/Pipeline.ts:30:3	compiler/packages/babel-plugin-react-compiler/src/HIR/Environment.ts:512	import
react	EnvironmentConfig	compiler/packages/babel-plugin-react-compiler/src/Entrypoint/Options.ts:12:3	compiler/packages/babel-plugin-react-compiler/src/HIR/Environment.ts:512	import
react	getNodeFromInternalInstanceHandle	packages/react-native-renderer/src/ReactNativeFiberInspector.js:24:9	packages/react-native-renderer/src/ReactNativePublicCompat.js:178	import
react	getNodeFromInternalInstanceHandle	packages/react-native-renderer/src/__mocks__/react-native/Libraries/ReactPrivate/getNodeFromPublicInstance.js:12:9	packages/react-native-renderer/src/ReactNativePublicCompat.js:178	import
