repo	query	type	source
rails	conpool	hand	
rails	actconn	hand	
rails	usr	hand	
rails	paymnt	hand	
rails	actrec	hand	
rails	hwia	hand	
rails	migctx	hand	
rails	abstadp	hand	
rails	appctrl	hand	
rails	apc	hand	
rails	serlz	hand	
rails	dbcfg	hand	
rails	cnnection_pool	hand	
rails	connectoin_pool	hand	
rails	ActiveRecrod	hand	
rails	find.controller	hand	
rails	Base.new	hand	
rails	ActiveRecord::Base.find	hand	
rails	con*pool	hand	
rails	valdtn	hand	
rails	Validaton	hand	
rails	rdrct	hand	
rails	strparam	hand	
rails	cachestr	hand	
rails	tmzone	hand	
rails	AbstractAdaptr	hand	
rails	rsp	hand	
rails	qry	hand	
rails	hsh	hand	
rails	mdl	hand	
rails	ctrl	hand	
rails	jb	hand	
rails	Conn::Pool	hand	
rails	widget_controller	hand	
rails	respnd	hand	
rails	eagerld	hand	
rails	assoc_refl	hand	
rails	ActionDispatch::Routing.draw	hand	
rails	tesflolim	abbr3	test_float_limits
rails	teflli	abbr2	test_float_limits
rails	teslimits	first+last	test_float_limits
rails	tstflt	consonants	test_float_limits
rails	test_floa_tlimits	typo	test_float_limits
rails	tes*lim	glob	test_float_limits
rails	noninfchaerr	abbr3	NonInferrableChannelError
rails	noincher	abbr2	NonInferrableChannelError
rails	nonerror	first+last	NonInferrableChannelError
rails	nnnfrr	consonants	NonInferrableChannelError
rails	noninfrerablechannelerror	typo	NonInferrableChannelError
rails	non*err	glob	NonInferrableChannelError
rails	cllbck	consonants	Callbacks
rails	callbcaks	typo	Callbacks
rails	tesnomagcomworwitutf8	abbr3	test_no_magic_comment_word_with_utf_8
rails	tenomacowowiut8	abbr2	test_no_magic_comment_word_with_utf_8
rails	tes8	first+last	test_no_magic_comment_word_with_utf_8
rails	tstnmg	consonants	test_no_magic_comment_word_with_utf_8
rails	test_nom_agic_comment_word_with_utf_8	typo	test_no_magic_comment_word_with_utf_8
rails	tes*8	glob	test_no_magic_comment_word_with_utf_8
rails	cusrou	abbr3	custom_routes
rails	curo	abbr2	custom_routes
rails	cusroutes	first+last	custom_routes
rails	cstmrt	consonants	custom_routes
rails	custo_mroutes	typo	custom_routes
rails	cus*rou	glob	custom_routes
rails	canfininvofaut	abbr3	can_find_inverse_of_automatically?
rails	cafiinofau	abbr2	can_find_inverse_of_automatically?
rails	canautomatically	first+last	can_find_inverse_of_automatically?
rails	cnfndn	consonants	can_find_inverse_of_automatically?
rails	can_find_inverse_of_automatcially?	typo	can_find_inverse_of_automatically?
rails	can*aut	glob	can_find_inverse_of_automatically?
rails	asstab	abbr3	associated_table
rails	asta	abbr2	associated_table
rails	asstable	first+last	associated_table
rails	assctd	consonants	associated_table
rails	associated_atble	typo	associated_table
rails	ass*tab	glob	associated_table
rails	relclafil	abbr3	ReloadedClassesFiltering
rails	reclfi	abbr2	ReloadedClassesFiltering
rails	relfiltering	first+last	ReloadedClassesFiltering
rails	rlddcl	consonants	ReloadedClassesFiltering
rails	reloadedclassesfitlering	typo	ReloadedClassesFiltering
rails	rel*fil	glob	ReloadedClassesFiltering
rails	tesnesren	abbr3	test_nested_rendering
rails	tenere	abbr2	test_nested_rendering
rails	tesrendering	first+last	test_nested_rendering
rails	tstnst	consonants	test_nested_rendering
rails	test_netsed_rendering	typo	test_nested_rendering
rails	tes*ren	glob	test_nested_rendering
rails	mdl2	consonants	Model2
rails	mdoel2	typo	Model2
rails	tesinmon	abbr3	test_in_months
rails	teinmo	abbr2	test_in_months
rails	tesmonths	first+last	test_in_months
rails	tstnmn	consonants	test_in_months
rails	test_i_nmonths	typo	test_in_months
rails	tes*mon	glob	test_in_months
rails	tesnoasspipgemwhenodumapp	abbr3	test_no_asset_pipeline_gem_when_no_dummy_application
rails	tenoaspigewhnoduap	abbr2	test_no_asset_pipeline_gem_when_no_dummy_application
rails	tesapplication	first+last	test_no_asset_pipeline_gem_when_no_dummy_application
rails	tstnss	consonants	test_no_asset_pipeline_gem_when_no_dummy_application
rails	test_no_asset_pipeline_gem_when_no_dummy_applicatoin	typo	test_no_asset_pipeline_gem_when_no_dummy_application
rails	tes*app	glob	test_no_asset_pipeline_gem_when_no_dummy_application
rails	testimhavnulconifnotpreinmigofcretab	abbr3	test_timestamps_have_null_constraints_if_not_present_in_migration_of_create_table
rails	tetihanucoifnoprinmiofcrta	abbr2	test_timestamps_have_null_constraints_if_not_present_in_migration_of_create_table
rails	testable	first+last	test_timestamps_have_null_constraints_if_not_present_in_migration_of_create_table
rails	tsttms	consonants	test_timestamps_have_null_constraints_if_not_present_in_migration_of_create_table
rails	test_timestamps_have_unll_constraints_if_not_present_in_migration_of_create_table	typo	test_timestamps_have_null_constraints_if_not_present_in_migration_of_create_table
rails	tes*tab	glob	test_timestamps_have_null_constraints_if_not_present_in_migration_of_create_table
rails	tescolexiwittyp	abbr3	test_column_exists_with_type
rails	tecoexwity	abbr2	test_column_exists_with_type
rails	testype	first+last	test_column_exists_with_type
rails	tstclm	consonants	test_column_exists_with_type
rails	test_column_existsw_ith_type	typo	test_column_exists_with_type
rails	tes*typ	glob	test_column_exists_with_type
rails	invofassnotfouerr	abbr3	InverseOfAssociationNotFoundError
rails	inofasnofoer	abbr2	InverseOfAssociationNotFoundError
rails	inverror	first+last	InverseOfAssociationNotFoundError
rails	invrsf	consonants	InverseOfAssociationNotFoundError
rails	inverseofassociationnotfonuderror	typo	InverseOfAssociationNotFoundError
rails	inv*err	glob	InverseOfAssociationNotFoundError
rails	tesdesass	abbr3	test_destroy_association
rails	tedeas	abbr2	test_destroy_association
rails	tesassociation	first+last	test_destroy_association
rails	tstdst	consonants	test_destroy_association
rails	test_destroy_assoication	typo	test_destroy_association
rails	tes*ass	glob	test_destroy_association
rails	refonass	abbr3	reflect_on_association
rails	reonas	abbr2	reflect_on_association
rails	refassociation	first+last	reflect_on_association
rails	rflctn	consonants	reflect_on_association
rails	rfelect_on_association	typo	reflect_on_association
rails	ref*ass	glob	reflect_on_association
rails	cnct	consonants	Concat
rails	conact	typo	Concat
rails	colradbut	abbr3	CollectionRadioButtons
rails	corabu	abbr2	CollectionRadioButtons
rails	colbuttons	first+last	CollectionRadioButtons
rails	cllctn	consonants	CollectionRadioButtons
rails	collectionrdaiobuttons	typo	CollectionRadioButtons
rails	col*but	glob	CollectionRadioButtons
rails	loates	abbr3	LoadingTest
rails	lote	abbr2	LoadingTest
rails	loatest	first+last	LoadingTest
rails	ldngts	consonants	LoadingTest
rails	loadingtset	typo	LoadingTest
rails	loa*tes	glob	LoadingTest
rails	assnotinloapat	abbr3	assert_not_in_load_path
rails	asnoinlopa	abbr2	assert_not_in_load_path
rails	asspath	first+last	assert_not_in_load_path
rails	assrtn	consonants	assert_not_in_load_path
rails	ass*pat	glob	assert_not_in_load_path
rails	befactren	abbr3	before_action_rendering
rails	beacre	abbr2	before_action_rendering
rails	befrendering	first+last	before_action_rendering
rails	bfrctn	consonants	before_action_rendering
rails	befoer_action_rendering	typo	before_action_rendering
rails	bef*ren	glob	before_action_rendering
rails	tesassperwitwitblofai	abbr3	test_assert_performed_with_without_block_failure
rails	teaspewiwiblfa	abbr2	test_assert_performed_with_without_block_failure
rails	tesfailure	first+last	test_assert_performed_with_without_block_failure
rails	tstssr	consonants	test_assert_performed_with_without_block_failure
rails	test_assert_performed_wiht_without_block_failure	typo	test_assert_performed_with_without_block_failure
rails	tes*fai	glob	test_assert_performed_with_without_block_failure
rails	tesdupmidobj	abbr3	test_duplicate_middle_objects
rails	tedumiob	abbr2	test_duplicate_middle_objects
rails	tesobjects	first+last	test_duplicate_middle_objects
rails	tstdpl	consonants	test_duplicate_middle_objects
rails	test_duplicate_middle_objetcs	typo	test_duplicate_middle_objects
rails	tes*obj	glob	test_duplicate_middle_objects
rails	chaschtes	abbr3	ChangeSchemaTest
rails	chscte	abbr2	ChangeSchemaTest
rails	chatest	first+last	ChangeSchemaTest
rails	chngsc	consonants	ChangeSchemaTest
rails	changsechematest	typo	ChangeSchemaTest
rails	cha*tes	glob	ChangeSchemaTest
rails	tescresymfix	abbr3	test_create_symbol_fixtures
rails	tecrsyfi	abbr2	test_create_symbol_fixtures
rails	tesfixtures	first+last	test_create_symbol_fixtures
rails	tstcrt	consonants	test_create_symbol_fixtures
rails	test_cretae_symbol_fixtures	typo	test_create_symbol_fixtures
rails	tes*fix	glob	test_create_symbol_fixtures
rails	actreq	abbr3	actionable_request?
rails	acre	abbr2	actionable_request?
rails	actrequest	first+last	actionable_request?
rails	actnbl	consonants	actionable_request?
rails	acitonable_request?	typo	actionable_request?
rails	act*req	glob	actionable_request?
rails	tesmetmisdeltocon	abbr3	test_method_missing_delegates_to_connection
rails	tememidetoco	abbr2	test_method_missing_delegates_to_connection
rails	tesconnection	first+last	test_method_missing_delegates_to_connection
rails	tstmth	consonants	test_method_missing_delegates_to_connection
rails	test_method_missnig_delegates_to_connection	typo	test_method_missing_delegates_to_connection
rails	tes*con	glob	test_method_missing_delegates_to_connection
rails	tesgemhasnowhierr	abbr3	test_gemfile_has_no_whitespace_errors
rails	tegehanowher	abbr2	test_gemfile_has_no_whitespace_errors
rails	teserrors	first+last	test_gemfile_has_no_whitespace_errors
rails	tstgmf	consonants	test_gemfile_has_no_whitespace_errors
rails	test_gmefile_has_no_whitespace_errors	typo	test_gemfile_has_no_whitespace_errors
rails	tes*err	glob	test_gemfile_has_no_whitespace_errors
rails	teslazattresto	abbr3	test_lazy_attributes_respond_to?
rails	telaatreto	abbr2	test_lazy_attributes_respond_to?
rails	tstlzy	consonants	test_lazy_attributes_respond_to?
rails	tes_tlazy_attributes_respond_to?	typo	test_lazy_attributes_respond_to?
rails	tes*to	glob	test_lazy_attributes_respond_to?
rails	tescolfietag	abbr3	test_color_field_tag
rails	tecofita	abbr2	test_color_field_tag
rails	testag	first+last	test_color_field_tag
rails	tstclr	consonants	test_color_field_tag
rails	test_color_fieldt_ag	typo	test_color_field_tag
rails	tes*tag	glob	test_color_field_tag
rails	recdefdir	abbr3	recursively_deflate_directory
rails	rededi	abbr2	recursively_deflate_directory
rails	recdirectory	first+last	recursively_deflate_directory
rails	rcrsvl	consonants	recursively_deflate_directory
rails	recrusively_deflate_directory	typo	recursively_deflate_directory
rails	rec*dir	glob	recursively_deflate_directory
rails	assrou	abbr3	assert_routes
rails	asro	abbr2	assert_routes
rails	assroutes	first+last	assert_routes
rails	assrtr	consonants	assert_routes
rails	assert_rotues	typo	assert_routes
rails	ass*rou	glob	assert_routes
rails	secsinuniepo	abbr3	seconds_since_unix_epoch
rails	sesiunep	abbr2	seconds_since_unix_epoch
rails	secepoch	first+last	seconds_since_unix_epoch
rails	scndss	consonants	seconds_since_unix_epoch
rails	seconsd_since_unix_epoch	typo	seconds_since_unix_epoch
rails	sec*epo	glob	seconds_since_unix_epoch
rails	tesdepmetwarwitoptdep	abbr3	test_deprecate_methods_warning_with_optional_deprecator
rails	tedemewawiopde	abbr2	test_deprecate_methods_warning_with_optional_deprecator
rails	tesdeprecator	first+last	test_deprecate_methods_warning_with_optional_deprecator
rails	tstdpr	consonants	test_deprecate_methods_warning_with_optional_deprecator
rails	test_deprceate_methods_warning_with_optional_deprecator	typo	test_deprecate_methods_warning_with_optional_deprecator
rails	tes*dep	glob	test_deprecate_methods_warning_with_optional_deprecator
rails	debpar	abbr3	debug_params
rails	debparams	first+last	debug_params
rails	dbgprm	consonants	debug_params
rails	debug_paarms	typo	debug_params
rails	deb*par	glob	debug_params
rails	tesreqparinrec	abbr3	test_required_part_in_recall
rails	terepainre	abbr2	test_required_part_in_recall
rails	tesrecall	first+last	test_required_part_in_recall
rails	tstrqr	consonants	test_required_part_in_recall
rails	test_required_parti_n_recall	typo	test_required_part_in_recall
rails	tes*rec	glob	test_required_part_in_recall
rails	tesstacacwitstrcasatt	abbr3	test_statement_cache_with_strictly_cast_attribute
rails	testcawistcaat	abbr2	test_statement_cache_with_strictly_cast_attribute
rails	tesattribute	first+last	test_statement_cache_with_strictly_cast_attribute
rails	tststt	consonants	test_statement_cache_with_strictly_cast_attribute
rails	test_statemnet_cache_with_strictly_cast_attribute	typo	test_statement_cache_with_strictly_cast_attribute
rails	tes*att	glob	test_statement_cache_with_strictly_cast_attribute
rails	aftr	consonants	After
rails	tesparstrtodat	abbr3	test_partial_string_to_datetime
rails	tepasttoda	abbr2	test_partial_string_to_datetime
rails	tesdatetime	first+last	test_partial_string_to_datetime
rails	tstprt	consonants	test_partial_string_to_datetime
rails	test_partail_string_to_datetime	typo	test_partial_string_to_datetime
rails	tes*dat	glob	test_partial_string_to_datetime
rails	tesrenutftemwitparwitincenc	abbr3	test_render_utf8_template_with_partial_with_incompatible_encoding
rails	tereuttewipawiinen	abbr2	test_render_utf8_template_with_partial_with_incompatible_encoding
rails	tesencoding	first+last	test_render_utf8_template_with_partial_with_incompatible_encoding
rails	tstrnd	consonants	test_render_utf8_template_with_partial_with_incompatible_encoding
rails	test_render_utf8_template_with_parital_with_incompatible_encoding	typo	test_render_utf8_template_with_partial_with_incompatible_encoding
rails	tes*enc	glob	test_render_utf8_template_with_partial_with_incompatible_encoding
rails	stastamimcon	abbr3	StarStarMimeController
rails	ststmico	abbr2	StarStarMimeController
rails	stacontroller	first+last	StarStarMimeController
rails	strstr	consonants	StarStarMimeController
rails	starstarmimecotnroller	typo	StarStarMimeController
rails	sta*con	glob	StarStarMimeController
rails	teskeedefandnotcononcha	abbr3	test_keeping_default_and_notnull_constraints_on_change
rails	tekedeannocoonch	abbr2	test_keeping_default_and_notnull_constraints_on_change
rails	teschange	first+last	test_keeping_default_and_notnull_constraints_on_change
rails	tstkpn	consonants	test_keeping_default_and_notnull_constraints_on_change
rails	test_keeping_dfeault_and_notnull_constraints_on_change	typo	test_keeping_default_and_notnull_constraints_on_change
rails	tes*cha	glob	test_keeping_default_and_notnull_constraints_on_change
rails	regcup	abbr3	register_cuprite
rails	regcuprite	first+last	register_cuprite
rails	rgstrc	consonants	register_cuprite
rails	register_ucprite	typo	register_cuprite
rails	reg*cup	glob	register_cuprite
rails	hooatttyp	abbr3	hook_attribute_type
rails	hoatty	abbr2	hook_attribute_type
rails	hootype	first+last	hook_attribute_type
rails	hkttrb	consonants	hook_attribute_type
rails	hook_atrtibute_type	typo	hook_attribute_type
rails	hoo*typ	glob	hook_attribute_type
rails	dllc	consonants	dealloc
rails	shamod	abbr3	ShardedModel
rails	shmo	abbr2	ShardedModel
rails	shamodel	first+last	ShardedModel
rails	shrddm	consonants	ShardedModel
rails	shardedomdel	typo	ShardedModel
rails	sha*mod	glob	ShardedModel
rails	assequset	abbr3	assert_equal_sets
rails	aseqse	abbr2	assert_equal_sets
rails	asssets	first+last	assert_equal_sets
rails	assrtq	consonants	assert_equal_sets
rails	assert_equa_lsets	typo	assert_equal_sets
rails	ass*set	glob	assert_equal_sets
rails	unrint	abbr3	unregister_interceptor
rails	unrinterceptor	first+last	unregister_interceptor
rails	unrgst	consonants	unregister_interceptor
rails	unregister_itnerceptor	typo	unregister_interceptor
rails	unr*int	glob	unregister_interceptor
rails	tespicloarelmulcol	abbr3	test_pick_loaded_relation_multiple_columns
rails	tepiloremuco	abbr2	test_pick_loaded_relation_multiple_columns
rails	tescolumns	first+last	test_pick_loaded_relation_multiple_columns
rails	tstpck	consonants	test_pick_loaded_relation_multiple_columns
rails	test_pick_loaded_relation_mulitple_columns	typo	test_pick_loaded_relation_multiple_columns
rails	tes*col	glob	test_pick_loaded_relation_multiple_columns
rails	hasind	abbr3	has_index?
rails	hain	abbr2	has_index?
rails	hasindex	first+last	has_index?
rails	hsndx?	consonants	has_index?
rails	has_idnex?	typo	has_index?
rails	has*ind	glob	has_index?
rails	mixtotitcaswitkeeidsuf	abbr3	MixtureToTitleCaseWithKeepIdSuffix
rails	mitoticawikeidsu	abbr2	MixtureToTitleCaseWithKeepIdSuffix
rails	mixsuffix	first+last	MixtureToTitleCaseWithKeepIdSuffix
rails	mxtrtt	consonants	MixtureToTitleCaseWithKeepIdSuffix
rails	mixturetotitlecsaewithkeepidsuffix	typo	MixtureToTitleCaseWithKeepIdSuffix
rails	mix*suf	glob	MixtureToTitleCaseWithKeepIdSuffix
rails	lintounlcurwitcontes	abbr3	LinkToUnlessCurrentWithControllerTest
rails	litouncuwicote	abbr2	LinkToUnlessCurrentWithControllerTest
rails	lintest	first+last	LinkToUnlessCurrentWithControllerTest
rails	lnktnl	consonants	LinkToUnlessCurrentWithControllerTest
rails	linktounelsscurrentwithcontrollertest	typo	LinkToUnlessCurrentWithControllerTest
rails	lin*tes	glob	LinkToUnlessCurrentWithControllerTest
rails	newrel	abbr3	new_reloader
rails	nere	abbr2	new_reloader
rails	newreloader	first+last	new_reloader
rails	nwrldr	consonants	new_reloader
rails	new_erloader	typo	new_reloader
rails	new*rel	glob	new_reloader
rails	maipretes	abbr3	MailerPreviewsTest
rails	maprte	abbr2	MailerPreviewsTest
rails	maitest	first+last	MailerPreviewsTest
rails	mlrprv	consonants	MailerPreviewsTest
rails	mailrepreviewstest	typo	MailerPreviewsTest
rails	mai*tes	glob	MailerPreviewsTest
rails	laswee	abbr3	last_week
rails	lawe	abbr2	last_week
rails	lasweek	first+last	last_week
rails	lstwk	consonants	last_week
rails	lsat_week	typo	last_week
rails	las*wee	glob	last_week
rails	tesshadoeblo	abbr3	test_sharing_doesnt_block
rails	teshdobl	abbr2	test_sharing_doesnt_block
rails	tesblock	first+last	test_sharing_doesnt_block
rails	tstshr	consonants	test_sharing_doesnt_block
rails	test_sharin_gdoesnt_block	typo	test_sharing_doesnt_block
rails	tes*blo	glob	test_sharing_doesnt_block
rails	immdt=	consonants	immediate=
rails	teseagassloawitbeltoandconstrwitquotabnam	abbr3	test_eager_association_loading_with_belongs_to_and_conditions_string_with_quoted_table_name
rails	teeaaslowibetoancostwiqutana	abbr2	test_eager_association_loading_with_belongs_to_and_conditions_string_with_quoted_table_name
rails	tesname	first+last	test_eager_association_loading_with_belongs_to_and_conditions_string_with_quoted_table_name
rails	tstgrs	consonants	test_eager_association_loading_with_belongs_to_and_conditions_string_with_quoted_table_name
rails	test_eager_association_loading_with_belongs_to_and_conditions_string_with_qutoed_table_name	typo	test_eager_association_loading_with_belongs_to_and_conditions_string_with_quoted_table_name
rails	tes*nam	glob	test_eager_association_loading_with_belongs_to_and_conditions_string_with_quoted_table_name
rails	confor	abbr3	content_for
rails	cofo	abbr2	content_for
rails	cntntf	consonants	content_for
rails	contnet_for	typo	content_for
rails	con*for	glob	content_for
rails	tesrenparwithasmanass	abbr3	test_rendering_partial_with_has_many_association
rails	terepawihamaas	abbr2	test_rendering_partial_with_has_many_association
rails	datstates	abbr3	DatabaseStatementsTest
rails	dastte	abbr2	DatabaseStatementsTest
rails	dattest	first+last	DatabaseStatementsTest
rails	dtbsst	consonants	DatabaseStatementsTest
rails	databasetsatementstest	typo	DatabaseStatementsTest
rails	dat*tes	glob	DatabaseStatementsTest
rails	tesnamgenwitund	abbr3	test_named_generator_with_underscore
rails	tenagewiun	abbr2	test_named_generator_with_underscore
rails	tesunderscore	first+last	test_named_generator_with_underscore
rails	tstnmd	consonants	test_named_generator_with_underscore
rails	tset_named_generator_with_underscore	typo	test_named_generator_with_underscore
rails	tes*und	glob	test_named_generator_with_underscore
rails	shft	consonants	shift
rails	teschatosavshonotmutarrofhas	abbr3	test_changes_to_save_should_not_mutate_array_of_hashes
rails	techtosashnomuarofha	abbr2	test_changes_to_save_should_not_mutate_array_of_hashes
rails	teshashes	first+last	test_changes_to_save_should_not_mutate_array_of_hashes
rails	tstchn	consonants	test_changes_to_save_should_not_mutate_array_of_hashes
rails	test_hcanges_to_save_should_not_mutate_array_of_hashes	typo	test_changes_to_save_should_not_mutate_array_of_hashes
rails	tes*has	glob	test_changes_to_save_should_not_mutate_array_of_hashes
rails	pooman	abbr3	PoolManager
rails	poma	abbr2	PoolManager
rails	poomanager	first+last	PoolManager
rails	plmngr	consonants	PoolManager
rails	poo*man	glob	PoolManager
rails	visarenodsum	abbr3	visit_Arel_Nodes_Sum
rails	viarnosu	abbr2	visit_Arel_Nodes_Sum
rails	vissum	first+last	visit_Arel_Nodes_Sum
rails	vstrln	consonants	visit_Arel_Nodes_Sum
rails	visit_arle_nodes_sum	typo	visit_Arel_Nodes_Sum
rails	vis*sum	glob	visit_Arel_Nodes_Sum
rails	tesvalpreofparworwitinvof	abbr3	test_validate_presence_of_parent_works_with_inverse_of
rails	tevaprofpawowiinof	abbr2	test_validate_presence_of_parent_works_with_inverse_of
rails	tesof	first+last	test_validate_presence_of_parent_works_with_inverse_of
rails	tstvld	consonants	test_validate_presence_of_parent_works_with_inverse_of
rails	test_avlidate_presence_of_parent_works_with_inverse_of	typo	test_validate_presence_of_parent_works_with_inverse_of
rails	tes*of	glob	test_validate_presence_of_parent_works_with_inverse_of
rails	nesatttar	abbr3	nested_attributes_target
rails	neatta	abbr2	nested_attributes_target
rails	nestarget	first+last	nested_attributes_target
rails	nstdtt	consonants	nested_attributes_target
rails	netsed_attributes_target	typo	nested_attributes_target
rails	nes*tar	glob	nested_attributes_target
rails	ideerrmes	abbr3	IDENTIFIER_ERROR_MESSAGE
rails	iderme	abbr2	IDENTIFIER_ERROR_MESSAGE
rails	idemessage	first+last	IDENTIFIER_ERROR_MESSAGE
rails	idntfr	consonants	IDENTIFIER_ERROR_MESSAGE
rails	identifier_reror_message	typo	IDENTIFIER_ERROR_MESSAGE
rails	ide*mes	glob	IDENTIFIER_ERROR_MESSAGE
rails	tesconfor	abbr3	test_content_for
rails	tecofo	abbr2	test_content_for
rails	tesfor	first+last	test_content_for
rails	tstcnt	consonants	test_content_for
rails	tets_content_for	typo	test_content_for
rails	tes*for	glob	test_content_for
rails	dodumindassforoneind	abbr3	do_dump_index_assertions_for_one_index
rails	doduinasfoonin	abbr2	do_dump_index_assertions_for_one_index
rails	doindex	first+last	do_dump_index_assertions_for_one_index
rails	ddmpnd	consonants	do_dump_index_assertions_for_one_index
rails	do_dump_index_assertions_for_one_nidex	typo	do_dump_index_assertions_for_one_index
rails	do*ind	glob	do_dump_index_assertions_for_one_index
rails	tesscochadoenotintwithmtwitpolcas	abbr3	test_scope_chain_does_not_interfere_with_hmt_with_polymorphic_case
rails	tescchdonoinwihmwipoca	abbr2	test_scope_chain_does_not_interfere_with_hmt_with_polymorphic_case
rails	tescase	first+last	test_scope_chain_does_not_interfere_with_hmt_with_polymorphic_case
rails	tstscp	consonants	test_scope_chain_does_not_interfere_with_hmt_with_polymorphic_case
rails	test_scope_chaind_oes_not_interfere_with_hmt_with_polymorphic_case	typo	test_scope_chain_does_not_interfere_with_hmt_with_polymorphic_case
rails	tes*cas	glob	test_scope_chain_does_not_interfere_with_hmt_with_polymorphic_case
rails	tesfinallusiwhewitrelwitjoi	abbr3	test_find_all_using_where_with_relation_with_joins
rails	tefialuswhwirewijo	abbr2	test_find_all_using_where_with_relation_with_joins
rails	tesjoins	first+last	test_find_all_using_where_with_relation_with_joins
rails	tstfnd	consonants	test_find_all_using_where_with_relation_with_joins
rails	test_find_all_usin_gwhere_with_relation_with_joins	typo	test_find_all_using_where_with_relation_with_joins
rails	tes*joi	glob	test_find_all_using_where_with_relation_with_joins
rails	tesexival	abbr3	test_existing_valid?
rails	teexva	abbr2	test_existing_valid?
rails	tesvalid	first+last	test_existing_valid?
rails	tstxst	consonants	test_existing_valid?
rails	test_existing_vaild?	typo	test_existing_valid?
rails	tes*val	glob	test_existing_valid?
rails	testexfietagwitacpar	abbr3	test_text_field_tag_with_ac_parameters
rails	tetefitawiacpa	abbr2	test_text_field_tag_with_ac_parameters
rails	tesparameters	first+last	test_text_field_tag_with_ac_parameters
rails	tsttxt	consonants	test_text_field_tag_with_ac_parameters
rails	test_text_fiel_dtag_with_ac_parameters	typo	test_text_field_tag_with_ac_parameters
rails	tes*par	glob	test_text_field_tag_with_ac_parameters
rails	tessigcoousijsoserwildromardumval	abbr3	test_signed_cookie_using_json_serializer_will_drop_marshal_dumped_value
rails	tesicousjssewidrmaduva	abbr2	test_signed_cookie_using_json_serializer_will_drop_marshal_dumped_value
rails	tesvalue	first+last	test_signed_cookie_using_json_serializer_will_drop_marshal_dumped_value
rails	tstsgn	consonants	test_signed_cookie_using_json_serializer_will_drop_marshal_dumped_value
rails	test_signed_cooki_eusing_json_serializer_will_drop_marshal_dumped_value	typo	test_signed_cookie_using_json_serializer_will_drop_marshal_dumped_value
rails	loaaddtyp	abbr3	load_additional_types
rails	loadty	abbr2	load_additional_types
rails	loatypes	first+last	load_additional_types
rails	ldddtn	consonants	load_additional_types
rails	load_additional_ytpes	typo	load_additional_types
rails	loa*typ	glob	load_additional_types
rails	tesdeesymkeyprekeythacanbesym	abbr3	test_deep_symbolize_keys_preserves_keys_that_cant_be_symbolized
rails	tedesykeprkethcabesy	abbr2	test_deep_symbolize_keys_preserves_keys_that_cant_be_symbolized
rails	tessymbolized	first+last	test_deep_symbolize_keys_preserves_keys_that_cant_be_symbolized
rails	tstdps	consonants	test_deep_symbolize_keys_preserves_keys_that_cant_be_symbolized
rails	test_deep_symbolzie_keys_preserves_keys_that_cant_be_symbolized	typo	test_deep_symbolize_keys_preserves_keys_that_cant_be_symbolized
rails	tes*sym	glob	test_deep_symbolize_keys_preserves_keys_that_cant_be_symbolized
rails	_dshrz	consonants	_dasherize
rails	_dasherzie	typo	_dasherize
rails	teslintoifwitblo	abbr3	test_link_to_if_with_block
rails	telitoifwibl	abbr2	test_link_to_if_with_block
rails	tstlnk	consonants	test_link_to_if_with_block
rails	test_link_to_if_iwth_block	typo	test_link_to_if_with_block
rails	forkeychacolwitpretes	abbr3	ForeignKeyChangeColumnWithPrefixTest
rails	fokechcowiprte	abbr2	ForeignKeyChangeColumnWithPrefixTest
rails	fortest	first+last	ForeignKeyChangeColumnWithPrefixTest
rails	frgnky	consonants	ForeignKeyChangeColumnWithPrefixTest
rails	foreignkeychangecolumnwithperfixtest	typo	ForeignKeyChangeColumnWithPrefixTest
rails	for*tes	glob	ForeignKeyChangeColumnWithPrefixTest
rails	dectes	abbr3	DecimalTest
rails	dectest	first+last	DecimalTest
rails	dcmlts	consonants	DecimalTest
rails	deciamltest	typo	DecimalTest
rails	dec*tes	glob	DecimalTest
rails	teshasmanthrjoimodwitcon	abbr3	test_has_many_through_join_model_with_conditions
rails	tehamathjomowico	abbr2	test_has_many_through_join_model_with_conditions
rails	tesconditions	first+last	test_has_many_through_join_model_with_conditions
rails	tsthsm	consonants	test_has_many_through_join_model_with_conditions
rails	test_ha_smany_through_join_model_with_conditions	typo	test_has_many_through_join_model_with_conditions
rails	attwas	abbr3	attribute_was
rails	atwa	abbr2	attribute_was
rails	attrbt	consonants	attribute_was
rails	atrtibute_was	typo	attribute_was
rails	att*was	glob	attribute_was
rails	tesprebloisnotranwheinc	abbr3	test_prepended_block_is_not_ran_when_included
rails	teprblisnorawhin	abbr2	test_prepended_block_is_not_ran_when_included
rails	tesincluded	first+last	test_prepended_block_is_not_ran_when_included
rails	tstprp	consonants	test_prepended_block_is_not_ran_when_included
rails	test_prepended_block_is_not_arn_when_included	typo	test_prepended_block_is_not_ran_when_included
rails	tes*inc	glob	test_prepended_block_is_not_ran_when_included
rails	dvcntn	consonants	devcontainer?
rails	devconatiner?	typo	devcontainer?
rails	witmod	abbr3	without_modules
rails	wimo	abbr2	without_modules
rails	witmodules	first+last	without_modules
rails	wthtmd	consonants	without_modules
rails	withoutm_odules	typo	without_modules
rails	wit*mod	glob	without_modules
rails	intreg	abbr3	INTEGER_REGEX
rails	inre	abbr2	INTEGER_REGEX
rails	intregex	first+last	INTEGER_REGEX
rails	intgrr	consonants	INTEGER_REGEX
rails	integerr_egex	typo	INTEGER_REGEX
rails	int*reg	glob	INTEGER_REGEX
rails	tesshonotremschdeswheloaass	abbr3	test_should_not_remove_scheduled_destroys_when_loading_association
rails	teshnorescdewhloas	abbr2	test_should_not_remove_scheduled_destroys_when_loading_association
rails	tstshl	consonants	test_should_not_remove_scheduled_destroys_when_loading_association
rails	test_should_not_remove_schedulde_destroys_when_loading_association	typo	test_should_not_remove_scheduled_destroys_when_loading_association
rails	befcom	abbr3	before_commit
rails	befcommit	first+last	before_commit
rails	bfrcmm	consonants	before_commit
rails	bfeore_commit	typo	before_commit
rails	bef*com	glob	before_commit
rails	tessmo	abbr3	test_smoke
rails	tesm	abbr2	test_smoke
rails	tessmoke	first+last	test_smoke
rails	tstsmk	consonants	test_smoke
rails	test_somke	typo	test_smoke
rails	tes*smo	glob	test_smoke
rails	mgrtr	consonants	Migrator
rails	mgirator	typo	Migrator
rails	newthr	abbr3	new_thread
rails	neth	abbr2	new_thread
rails	newthread	first+last	new_thread
rails	nwthrd	consonants	new_thread
rails	nwe_thread	typo	new_thread
rails	new*thr	glob	new_thread
rails	dbg=	consonants	debug=
rails	deubg=	typo	debug=
rails	sersof	abbr3	server_software
rails	seso	abbr2	server_software
rails	sersoftware	first+last	server_software
rails	srvrsf	consonants	server_software
rails	server_softwrae	typo	server_software
rails	ser*sof	glob	server_software
rails	tesfinwithascononjoitab	abbr3	test_finding_with_hash_conditions_on_joined_table
rails	tefiwihacoonjota	abbr2	test_finding_with_hash_conditions_on_joined_table
rails	test_finding_with_hashc_onditions_on_joined_table	typo	test_finding_with_hash_conditions_on_joined_table
rails	tesseldatwitgenwitcsscla	abbr3	test_select_datetime_with_generic_with_css_classes
rails	tesedawigewicscl	abbr2	test_select_datetime_with_generic_with_css_classes
rails	tesclasses	first+last	test_select_datetime_with_generic_with_css_classes
rails	tstslc	consonants	test_select_datetime_with_generic_with_css_classes
rails	test_seelct_datetime_with_generic_with_css_classes	typo	test_select_datetime_with_generic_with_css_classes
rails	tes*cla	glob	test_select_datetime_with_generic_with_css_classes
rails	logat	abbr3	log_at
rails	loat	abbr2	log_at
rails	lgt	consonants	log_at
rails	lgo_at	typo	log_at
rails	log*at	glob	log_at
rails	suco	abbr2	SubController
rails	sbcntr	consonants	SubController
rails	subcnotroller	typo	SubController
rails	sub*con	glob	SubController
rails	memnam	abbr3	member_name
rails	mena	abbr2	member_name
rails	memname	first+last	member_name
rails	mmbrnm	consonants	member_name
rails	membre_name	typo	member_name
rails	mem*nam	glob	member_name
rails	itrt!	consonants	iterate!
rails	iteraet!	typo	iterate!
rails	apimai	abbr3	api_main
rails	apma	abbr2	api_main
rails	apimain	first+last	api_main
rails	apmn	consonants	api_main
rails	api_amin	typo	api_main
rails	api*mai	glob	api_main
rails	teshtmincmid	abbr3	test_html_includes_middleware
rails	tehtinmi	abbr2	test_html_includes_middleware
rails	tesmiddleware	first+last	test_html_includes_middleware
rails	tsthtm	consonants	test_html_includes_middleware
rails	test_thml_includes_middleware	typo	test_html_includes_middleware
rails	tes*mid	glob	test_html_includes_middleware
rails	coomon	abbr3	cookie_monster
rails	como	abbr2	cookie_monster
rails	coomonster	first+last	cookie_monster
rails	ckmnst	consonants	cookie_monster
rails	cookie_omnster	typo	cookie_monster
rails	coo*mon	glob	cookie_monster
rails	teslefoutjoirethasvalforevecom	abbr3	test_left_outer_joins_return_has_value_for_every_comment
rails	teleoujorehavafoevco	abbr2	test_left_outer_joins_return_has_value_for_every_comment
rails	tescomment	first+last	test_left_outer_joins_return_has_value_for_every_comment
rails	tstlft	consonants	test_left_outer_joins_return_has_value_for_every_comment
rails	test_left_ouetr_joins_return_has_value_for_every_comment	typo	test_left_outer_joins_return_has_value_for_every_comment
rails	tes*com	glob	test_left_outer_joins_return_has_value_for_every_comment
rails	teswhewittakmem	abbr3	test_where_with_take_memoization
rails	tewhwitame	abbr2	test_where_with_take_memoization
rails	tesmemoization	first+last	test_where_with_take_memoization
rails	tstwhr	consonants	test_where_with_take_memoization
rails	test_wher_ewith_take_memoization	typo	test_where_with_take_memoization
rails	tes*mem	glob	test_where_with_take_memoization
rails	tesinhopteac	abbr3	test_inheritable_options_each
rails	teinopea	abbr2	test_inheritable_options_each
rails	teseach	first+last	test_inheritable_options_each
rails	tstnhr	consonants	test_inheritable_options_each
rails	test_inheritabl_eoptions_each	typo	test_inheritable_options_each
rails	tes*eac	glob	test_inheritable_options_each
rails	tesfraexiwitcacdis	abbr3	test_fragment_exist_with_caching_disabled
rails	tefrexwicadi	abbr2	test_fragment_exist_with_caching_disabled
rails	tesdisabled	first+last	test_fragment_exist_with_caching_disabled
rails	tstfrg	consonants	test_fragment_exist_with_caching_disabled
rails	test_fragment_exsit_with_caching_disabled	typo	test_fragment_exist_with_caching_disabled
rails	tes*dis	glob	test_fragment_exist_with_caching_disabled
rails	fuladd	abbr3	FullAddress
rails	fuad	abbr2	FullAddress
rails	fuladdress	first+last	FullAddress
rails	fllddr	consonants	FullAddress
rails	ful*add	glob	FullAddress
rails	tesencasjso	abbr3	test_encoding_as_json
rails	teenasjs	abbr2	test_encoding_as_json
rails	tesjson	first+last	test_encoding_as_json
rails	tstncd	consonants	test_encoding_as_json
rails	test_encoding_a_sjson	typo	test_encoding_as_json
rails	tes*jso	glob	test_encoding_as_json
rails	tesfinwitoffstr	abbr3	test_finder_with_offset_string
rails	tefiwiofst	abbr2	test_finder_with_offset_string
rails	tesstring	first+last	test_finder_with_offset_string
rails	test_finder_with_offset_stirng	typo	test_finder_with_offset_string
rails	tes*str	glob	test_finder_with_offset_string
rails	tesnesattonahamanass	abbr3	TestNestedAttributesOnAHasManyAssociation
rails	teneatonahmaas	abbr2	TestNestedAttributesOnAHasManyAssociation
rails	testnestedattributesonahasmanyassocitaion	typo	TestNestedAttributesOnAHasManyAssociation
rails	teschacolcomtonil	abbr3	test_change_column_comment_to_nil
rails	techcocotoni	abbr2	test_change_column_comment_to_nil
rails	tesnil	first+last	test_change_column_comment_to_nil
rails	testc_hange_column_comment_to_nil	typo	test_change_column_comment_to_nil
rails	tes*nil	glob	test_change_column_comment_to_nil
rails	tesnamaccofdifnamfix	abbr3	test_named_accessor_of_differently_named_fixture
rails	tenaacofdinafi	abbr2	test_named_accessor_of_differently_named_fixture
rails	tesfixture	first+last	test_named_accessor_of_differently_named_fixture
rails	testn_amed_accessor_of_differently_named_fixture	typo	test_named_accessor_of_differently_named_fixture
rails	cmlz	consonants	camelize
rails	camelzie	typo	camelize
rails	subtes	abbr3	SubscriberTest
rails	sute	abbr2	SubscriberTest
rails	subtest	first+last	SubscriberTest
rails	sbscrb	consonants	SubscriberTest
rails	sbuscribertest	typo	SubscriberTest
rails	sub*tes	glob	SubscriberTest
rails	skicalact	abbr3	skip_#{callback}_action
rails	skcaac	abbr2	skip_#{callback}_action
rails	skiaction	first+last	skip_#{callback}_action
rails	skp#{c	consonants	skip_#{callback}_action
rails	ski_p#{callback}_action	typo	skip_#{callback}_action
rails	ski*act	glob	skip_#{callback}_action
rails	neco	abbr2	new_connection
rails	newconnection	first+last	new_connection
rails	nwcnnc	consonants	new_connection
rails	new_ocnnection	typo	new_connection
rails	new*con	glob	new_connection
rails	crefil	abbr3	create_files
rails	crfi	abbr2	create_files
rails	crefiles	first+last	create_files
rails	crtfls	consonants	create_files
rails	cretae_files	typo	create_files
rails	cre*fil	glob	create_files
rails	tesvalexcofwitlamwitarg	abbr3	test_validates_exclusion_of_with_lambda_without_arguments
rails	tevaexofwilawiar	abbr2	test_validates_exclusion_of_with_lambda_without_arguments
rails	tesarguments	first+last	test_validates_exclusion_of_with_lambda_without_arguments
rails	test_validates_exclusion_ofw_ith_lambda_without_arguments	typo	test_validates_exclusion_of_with_lambda_without_arguments
rails	tes*arg	glob	test_validates_exclusion_of_with_lambda_without_arguments
rails	tesforrel	abbr3	test_force_reload
rails	tefore	abbr2	test_force_reload
rails	tesreload	first+last	test_force_reload
rails	tstfrc	consonants	test_force_reload
rails	test_forec_reload	typo	test_force_reload
rails	tes*rel	glob	test_force_reload
rails	tesinsval	abbr3	test_instance_values
rails	teinva	abbr2	test_instance_values
rails	tesvalues	first+last	test_instance_values
rails	test_instance_vaules	typo	test_instance_values
rails	tescouwitcolandoptpar	abbr3	test_count_with_column_and_options_parameter
rails	tecowicoanoppa	abbr2	test_count_with_column_and_options_parameter
rails	tesparameter	first+last	test_count_with_column_and_options_parameter
rails	test_count_wit_hcolumn_and_options_parameter	typo	test_count_with_column_and_options_parameter
rails	assplutypcaswittabnamquacol	abbr3	assert_pluck_type_cast_without_table_name_qualified_column
rails	aspltycawitanaquco	abbr2	assert_pluck_type_cast_without_table_name_qualified_column
rails	asscolumn	first+last	assert_pluck_type_cast_without_table_name_qualified_column
rails	assrtp	consonants	assert_pluck_type_cast_without_table_name_qualified_column
rails	assert_pluck_type_cast_witohut_table_name_qualified_column	typo	assert_pluck_type_cast_without_table_name_qualified_column
rails	ass*col	glob	assert_pluck_type_cast_without_table_name_qualified_column
rails	tesiniobjmutaftwri	abbr3	test_initial_object_mutation_after_write
rails	teinobmuafwr	abbr2	test_initial_object_mutation_after_write
rails	teswrite	first+last	test_initial_object_mutation_after_write
rails	tstntl	consonants	test_initial_object_mutation_after_write
rails	testi_nitial_object_mutation_after_write	typo	test_initial_object_mutation_after_write
rails	tes*wri	glob	test_initial_object_mutation_after_write
rails	forlin	abbr3	format_line
rails	foli	abbr2	format_line
rails	forline	first+last	format_line
rails	frmtln	consonants	format_line
rails	foramt_line	typo	format_line
rails	for*lin	glob	format_line
rails	tesserstafilwitnonengfil	abbr3	test_served_static_file_with_non_english_filename
rails	tesestfiwinoenfi	abbr2	test_served_static_file_with_non_english_filename
rails	tesfilename	first+last	test_served_static_file_with_non_english_filename
rails	tstsrv	consonants	test_served_static_file_with_non_english_filename
rails	test_served_static_file_wtih_non_english_filename	typo	test_served_static_file_with_non_english_filename
rails	tes*fil	glob	test_served_static_file_with_non_english_filename
rails	tespolred	abbr3	test_polymorphic_redirect
rails	tepore	abbr2	test_polymorphic_redirect
rails	tesredirect	first+last	test_polymorphic_redirect
rails	tstply	consonants	test_polymorphic_redirect
rails	tset_polymorphic_redirect	typo	test_polymorphic_redirect
rails	tes*red	glob	test_polymorphic_redirect
rails	tesproari	abbr3	test_proc_arity2
rails	teprar	abbr2	test_proc_arity2
rails	tesarity2	first+last	test_proc_arity2
rails	tstprc	consonants	test_proc_arity2
rails	test_prco_arity2	typo	test_proc_arity2
rails	tes*ari	glob	test_proc_arity2
rails	escpd	consonants	ESCAPED
rails	escpaed	typo	ESCAPED
rails	autorreqwithttdig	abbr3	authenticate_or_request_with_http_digest
rails	auorrewihtdi	abbr2	authenticate_or_request_with_http_digest
rails	autdigest	first+last	authenticate_or_request_with_http_digest
rails	athntc	consonants	authenticate_or_request_with_http_digest
rails	aut*dig	glob	authenticate_or_request_with_http_digest
rails	tessaflissanretasan	abbr3	test_safe_list_sanitizer_returns_a_sanitizer
rails	tesalisareasa	abbr2	test_safe_list_sanitizer_returns_a_sanitizer
rails	tessanitizer	first+last	test_safe_list_sanitizer_returns_a_sanitizer
rails	tstsfl	consonants	test_safe_list_sanitizer_returns_a_sanitizer
rails	test_safe_list_saniitzer_returns_a_sanitizer	typo	test_safe_list_sanitizer_returns_a_sanitizer
rails	tes*san	glob	test_safe_list_sanitizer_returns_a_sanitizer
rails	conclafil	abbr3	ConditionalClassFilter
rails	coclfi	abbr2	ConditionalClassFilter
rails	confilter	first+last	ConditionalClassFilter
rails	cndtnl	consonants	ConditionalClassFilter
rails	con*fil	glob	ConditionalClassFilter
rails	tesrentemwitsynerr	abbr3	test_render_template_with_syntax_error
rails	teretewisyer	abbr2	test_render_template_with_syntax_error
rails	teserror	first+last	test_render_template_with_syntax_error
rails	test_render_template_with_syntaxe_rror	typo	test_render_template_with_syntax_error
rails	filsysreshoo	abbr3	file_system_resolver_hooks
rails	fisyreho	abbr2	file_system_resolver_hooks
rails	filhooks	first+last	file_system_resolver_hooks
rails	flsyst	consonants	file_system_resolver_hooks
rails	file_ysstem_resolver_hooks	typo	file_system_resolver_hooks
rails	fil*hoo	glob	file_system_resolver_hooks
rails	polmap	abbr3	polymorphic_mapping
rails	polmapping	first+last	polymorphic_mapping
rails	plymrp	consonants	polymorphic_mapping
rails	polymorhpic_mapping	typo	polymorphic_mapping
rails	pol*map	glob	polymorphic_mapping
rails	crrctn	consonants	corrections
rails	corretcions	typo	corrections
rails	faltes	abbr3	FalseTests
rails	fate	abbr2	FalseTests
rails	faltests	first+last	FalseTests
rails	flstst	consonants	FalseTests
rails	fasletests	typo	FalseTests
rails	fal*tes	glob	FalseTests
rails	appto	abbr3	applied_to?
rails	apto	abbr2	applied_to?
rails	appldt	consonants	applied_to?
rails	app*to	glob	applied_to?
rails	tesupddat	abbr3	test_update_daterange
rails	teupda	abbr2	test_update_daterange
rails	tesdaterange	first+last	test_update_daterange
rails	tstpdt	consonants	test_update_daterange
rails	test_update_dateragne	typo	test_update_daterange
rails	teswri	abbr3	test_writer
rails	tewr	abbr2	test_writer
rails	teswriter	first+last	test_writer
rails	tstwrt	consonants	test_writer
rails	tset_writer	typo	test_writer
rails	tescurwittimzon	abbr3	test_current_without_time_zone
rails	tecuwitizo	abbr2	test_current_without_time_zone
rails	teszone	first+last	test_current_without_time_zone
rails	tstcrr	consonants	test_current_without_time_zone
rails	test_current_without_tim_ezone	typo	test_current_without_time_zone
rails	tes*zon	glob	test_current_without_time_zone
rails	tessub	abbr3	test_subscribed
rails	tesu	abbr2	test_subscribed
rails	tessubscribed	first+last	test_subscribed
rails	tstsbs	consonants	test_subscribed
rails	test_sbuscribed	typo	test_subscribed
rails	tes*sub	glob	test_subscribed
rails	tesmigdoeremunnind	abbr3	test_migration_does_remove_unnamed_index
rails	temidoreunin	abbr2	test_migration_does_remove_unnamed_index
rails	tesindex	first+last	test_migration_does_remove_unnamed_index
rails	tstmgr	consonants	test_migration_does_remove_unnamed_index
rails	testm_igration_does_remove_unnamed_index	typo	test_migration_does_remove_unnamed_index
rails	tes*ind	glob	test_migration_does_remove_unnamed_index
rails	fietyp	abbr3	field_type
rails	fity	abbr2	field_type
rails	fietype	first+last	field_type
rails	fldtyp	consonants	field_type
rails	feild_type	typo	field_type
rails	fie*typ	glob	field_type
rails	aroit	abbr3	around_it
rails	arndt	consonants	around_it
rails	aroun_dit	typo	around_it
rails	aro*it	glob	around_it
rails	tesgreresidregdoematediandcusact	abbr3	test_greedy_resource_id_regexp_doesnt_match_edit_and_custom_action
rails	tegrreidredomaedancuac	abbr2	test_greedy_resource_id_regexp_doesnt_match_edit_and_custom_action
rails	tesaction	first+last	test_greedy_resource_id_regexp_doesnt_match_edit_and_custom_action
rails	tstgrd	consonants	test_greedy_resource_id_regexp_doesnt_match_edit_and_custom_action
rails	test_greedy_resource_id_regexp_odesnt_match_edit_and_custom_action	typo	test_greedy_resource_id_regexp_doesnt_match_edit_and_custom_action
rails	tes*act	glob	test_greedy_resource_id_regexp_doesnt_match_edit_and_custom_action
rails	tesassenqjobmes	abbr3	test_assert_enqueued_jobs_message
rails	teasenjome	abbr2	test_assert_enqueued_jobs_message
rails	tesmessage	first+last	test_assert_enqueued_jobs_message
rails	test_assert_enqueeud_jobs_message	typo	test_assert_enqueued_jobs_message
rails	tes*mes	glob	test_assert_enqueued_jobs_message
rails	psswrd	consonants	password=
rails	passwrod=	typo	password=
rails	testexdefaftupdcoldef	abbr3	test_text_defaults_after_updating_column_default
rails	tetedeafupcode	abbr2	test_text_defaults_after_updating_column_default
rails	tesdefault	first+last	test_text_defaults_after_updating_column_default
rails	test_text_dfeaults_after_updating_column_default	typo	test_text_defaults_after_updating_column_default
rails	tes*def	glob	test_text_defaults_after_updating_column_default
rails	tesupdwitdirprikey	abbr3	test_update_with_dirty_primary_key
rails	teupwidiprke	abbr2	test_update_with_dirty_primary_key
rails	teskey	first+last	test_update_with_dirty_primary_key
rails	tets_update_with_dirty_primary_key	typo	test_update_with_dirty_primary_key
rails	tes*key	glob	test_update_with_dirty_primary_key
rails	tesforforwitnamwitdatsel	abbr3	test_form_for_with_namespace_with_date_select
rails	tefofowinawidase	abbr2	test_form_for_with_namespace_with_date_select
rails	tesselect	first+last	test_form_for_with_namespace_with_date_select
rails	tstfrm	consonants	test_form_for_with_namespace_with_date_select
rails	test_form_for_with_namespace_withd_ate_select	typo	test_form_for_with_namespace_with_date_select
rails	tes*sel	glob	test_form_for_with_namespace_with_date_select
rails	setvie	abbr3	setup_view
rails	sevi	abbr2	setup_view
rails	setview	first+last	setup_view
rails	stpvw	consonants	setup_view
rails	steup_view	typo	setup_view
rails	set*vie	glob	setup_view
rails	reqid	abbr3	RequestId
rails	reid	abbr2	RequestId
rails	rqstd	consonants	RequestId
rails	reuqestid	typo	RequestId
rails	req*id	glob	RequestId
rails	consecpol	abbr3	content_security_policy?
rails	cosepo	abbr2	content_security_policy?
rails	conpolicy	first+last	content_security_policy?
rails	cntnts	consonants	content_security_policy?
rails	conetnt_security_policy?	typo	content_security_policy?
rails	con*pol	glob	content_security_policy?
rails	rmmbrd	consonants	Remembered
rails	rememebred	typo	Remembered
rails	catpos	abbr3	category_posts
rails	capo	abbr2	category_posts
rails	catposts	first+last	category_posts
rails	ctgryp	consonants	category_posts
rails	caetgory_posts	typo	category_posts
rails	cat*pos	glob	category_posts
rails	tesnotsetvarheawheforispro	abbr3	test_not_setting_vary_header_when_format_is_provided
rails	tenosevahewhfoispr	abbr2	test_not_setting_vary_header_when_format_is_provided
rails	tesprovided	first+last	test_not_setting_vary_header_when_format_is_provided
rails	tstnts	consonants	test_not_setting_vary_header_when_format_is_provided
rails	test_not_setting_vary_header_when_format_is_rpovided	typo	test_not_setting_vary_header_when_format_is_provided
rails	tes*pro	glob	test_not_setting_vary_header_when_format_is_provided
rails	tescretaballdupcolnam	abbr3	test_create_table_allows_duplicate_column_names
rails	tecrtaalducona	abbr2	test_create_table_allows_duplicate_column_names
rails	tesnames	first+last	test_create_table_allows_duplicate_column_names
rails	test_create_tabl_eallows_duplicate_column_names	typo	test_create_table_allows_duplicate_column_names
rails	teschiinsshobeshawitrepviaaccpar	abbr3	test_child_instance_should_be_shared_with_replaced_via_accessor_parent
rails	techinshbeshwireviacpa	abbr2	test_child_instance_should_be_shared_with_replaced_via_accessor_parent
rails	tesparent	first+last	test_child_instance_should_be_shared_with_replaced_via_accessor_parent
rails	tstchl	consonants	test_child_instance_should_be_shared_with_replaced_via_accessor_parent
rails	test_child_instance_should_be_shared_with_replaced_vai_accessor_parent	typo	test_child_instance_should_be_shared_with_replaced_via_accessor_parent
rails	cnnctd	consonants	connected?
rails	cnonected?	typo	connected?
rails	tesnumtocur	abbr3	test_number_to_currency
rails	tenutocu	abbr2	test_number_to_currency
rails	tescurrency	first+last	test_number_to_currency
rails	tstnmb	consonants	test_number_to_currency
rails	test_number_to_currnecy	typo	test_number_to_currency
rails	tes*cur	glob	test_number_to_currency
rails	tesdelunrmod	abbr3	test_delegation_unreacheable_module
rails	tedeunmo	abbr2	test_delegation_unreacheable_module
rails	tesmodule	first+last	test_delegation_unreacheable_module
rails	tstdlg	consonants	test_delegation_unreacheable_module
rails	test_delegation_nureacheable_module	typo	test_delegation_unreacheable_module
rails	tes*mod	glob	test_delegation_unreacheable_module
rails	rendefforerb	abbr3	render_default_for_erb
rails	redefoer	abbr2	render_default_for_erb
rails	renerb	first+last	render_default_for_erb
rails	rndrdf	consonants	render_default_for_erb
rails	render_default_for_reb	typo	render_default_for_erb
rails	ren*erb	glob	render_default_for_erb
rails	testomwitoff	abbr3	test_tomorrow_without_offset
rails	tetowiof	abbr2	test_tomorrow_without_offset
rails	tesoffset	first+last	test_tomorrow_without_offset
rails	tsttmr	consonants	test_tomorrow_without_offset
rails	test_tomorrow_withou_toffset	typo	test_tomorrow_without_offset
rails	tes*off	glob	test_tomorrow_without_offset
rails	tesdeltopattotem	abbr3	test_delegate_to_path_to_tempfile
rails	tedetopatote	abbr2	test_delegate_to_path_to_tempfile
rails	testempfile	first+last	test_delegate_to_path_to_tempfile
rails	tets_delegate_to_path_to_tempfile	typo	test_delegate_to_path_to_tempfile
rails	tes*tem	glob	test_delegate_to_path_to_tempfile
rails	pictemforeta	abbr3	pick_template_for_etag
rails	pitefoet	abbr2	pick_template_for_etag
rails	picetag	first+last	pick_template_for_etag
rails	pcktmp	consonants	pick_template_for_etag
rails	pic_ktemplate_for_etag	typo	pick_template_for_etag
rails	pic*eta	glob	pick_template_for_etag
rails	loadef	abbr3	load_defaults
rails	lode	abbr2	load_defaults
rails	loadefaults	first+last	load_defaults
rails	lddflt	consonants	load_defaults
rails	load_deafults	typo	load_defaults
rails	loa*def	glob	load_defaults
rails	assout	abbr3	assert_output
rails	asou	abbr2	assert_output
rails	assoutput	first+last	assert_output
rails	assrtt	consonants	assert_output
rails	assert_outupt	typo	assert_output
rails	ass*out	glob	assert_output
rails	redcacstocombehtes	abbr3	RedisCacheStoreCommonBehaviorTest
rails	recastcobete	abbr2	RedisCacheStoreCommonBehaviorTest
rails	redtest	first+last	RedisCacheStoreCommonBehaviorTest
rails	rdscch	consonants	RedisCacheStoreCommonBehaviorTest
rails	rediscachestorecommnobehaviortest	typo	RedisCacheStoreCommonBehaviorTest
rails	red*tes	glob	RedisCacheStoreCommonBehaviorTest
rails	tesassordmerwitscoonass	abbr3	test_associated_ordered_merged_with_scope_on_association
rails	teasormewisconas	abbr2	test_associated_ordered_merged_with_scope_on_association
rails	tstssc	consonants	test_associated_ordered_merged_with_scope_on_association
rails	test_associated_ordered_merged_wit_hscope_on_association	typo	test_associated_ordered_merged_with_scope_on_association
rails	tesappupddoenotgenunnconfil	abbr3	test_app_update_does_not_generate_unnecessary_config_files
rails	teapupdonogeuncofi	abbr2	test_app_update_does_not_generate_unnecessary_config_files
rails	tesfiles	first+last	test_app_update_does_not_generate_unnecessary_config_files
rails	tstppp	consonants	test_app_update_does_not_generate_unnecessary_config_files
rails	test_app_update_does_ont_generate_unnecessary_config_files	typo	test_app_update_does_not_generate_unnecessary_config_files
rails	latattpro	abbr3	LateAttachmentsProxy
rails	laatpr	abbr2	LateAttachmentsProxy
rails	latproxy	first+last	LateAttachmentsProxy
rails	ltttch	consonants	LateAttachmentsProxy
rails	lateattacmhentsproxy	typo	LateAttachmentsProxy
rails	lat*pro	glob	LateAttachmentsProxy
rails	tespardelisdefpercla	abbr3	test_param_delimiter_is_defined_per_class
rails	tepadeisdepecl	abbr2	test_param_delimiter_is_defined_per_class
rails	tesclass	first+last	test_param_delimiter_is_defined_per_class
rails	tstprm	consonants	test_param_delimiter_is_defined_per_class
rails	test_param_delmiiter_is_defined_per_class	typo	test_param_delimiter_is_defined_per_class
rails	deftextes	abbr3	DefaultTextTest
rails	detete	abbr2	DefaultTextTest
rails	deftest	first+last	DefaultTextTest
rails	dflttx	consonants	DefaultTextTest
rails	defaulttextetst	typo	DefaultTextTest
rails	def*tes	glob	DefaultTextTest
rails	tesshovaltheassmodoncre	abbr3	test_should_validation_the_associated_models_on_create
rails	teshvathasmooncr	abbr2	test_should_validation_the_associated_models_on_create
rails	tescreate	first+last	test_should_validation_the_associated_models_on_create
rails	test_should_validation_the_associated_models_o_ncreate	typo	test_should_validation_the_associated_models_on_create
rails	tes*cre	glob	test_should_validation_the_associated_models_on_create
rails	nesattlimtes	abbr3	NestedAttributesLimitTests
rails	neatlite	abbr2	NestedAttributesLimitTests
rails	nestests	first+last	NestedAttributesLimitTests
rails	nestedattriubteslimittests	typo	NestedAttributesLimitTests
rails	nes*tes	glob	NestedAttributesLimitTests
rails	slct	consonants	Select
rails	sleect	typo	Select
rails	tesfilfiewitdiruplwheraidiruplurlisnotdef	abbr3	test_file_field_with_direct_upload_when_rails_direct_uploads_url_is_not_defined
rails	tefifiwidiupwhradiupurisnode	abbr2	test_file_field_with_direct_upload_when_rails_direct_uploads_url_is_not_defined
rails	tesdefined	first+last	test_file_field_with_direct_upload_when_rails_direct_uploads_url_is_not_defined
rails	tstflf	consonants	test_file_field_with_direct_upload_when_rails_direct_uploads_url_is_not_defined
rails	test_file_field_with_direct_uploadw_hen_rails_direct_uploads_url_is_not_defined	typo	test_file_field_with_direct_upload_when_rails_direct_uploads_url_is_not_defined
rails	stapoo	abbr3	StatementPool
rails	stpo	abbr2	StatementPool
rails	stapool	first+last	StatementPool
rails	sttmnt	consonants	StatementPool
rails	statemetnpool	typo	StatementPool
rails	sta*poo	glob	StatementPool
rails	tesrefonallautass	abbr3	test_reflect_on_all_autosave_associations
rails	tereonalauas	abbr2	test_reflect_on_all_autosave_associations
rails	tesassociations	first+last	test_reflect_on_all_autosave_associations
rails	tstrfl	consonants	test_reflect_on_all_autosave_associations
rails	test_reflcet_on_all_autosave_associations	typo	test_reflect_on_all_autosave_associations
rails	tesincfairetnil	abbr3	test_increment_failure_returns_nil
rails	teinfareni	abbr2	test_increment_failure_returns_nil
rails	tstncr	consonants	test_increment_failure_returns_nil
rails	test_increment_failurer_eturns_nil	typo	test_increment_failure_returns_nil
rails	refat	abbr3	refreshedAt
rails	reat	abbr2	refreshedAt
rails	rfrshd	consonants	refreshedAt
rails	refrehsedat	typo	refreshedAt
rails	ref*at	glob	refreshedAt
rails	tesdoenotoveappconsecpolreponl	abbr3	test_does_not_override_app_content_security_policy_report_only
rails	tedonoovapcoseporeon	abbr2	test_does_not_override_app_content_security_policy_report_only
rails	tesonly	first+last	test_does_not_override_app_content_security_policy_report_only
rails	tstdsn	consonants	test_does_not_override_app_content_security_policy_report_only
rails	test_does_not_override_app_conetnt_security_policy_report_only	typo	test_does_not_override_app_content_security_policy_report_only
rails	tes*onl	glob	test_does_not_override_app_content_security_policy_report_only
rails	extdetque	abbr3	ExtendedDeterministicQueries
rails	exdequ	abbr2	ExtendedDeterministicQueries
rails	extqueries	first+last	ExtendedDeterministicQueries
rails	extndd	consonants	ExtendedDeterministicQueries
rails	extendeddetreministicqueries	typo	ExtendedDeterministicQueries
rails	ext*que	glob	ExtendedDeterministicQueries
rails	nowall	abbr3	now_allocations
rails	noal	abbr2	now_allocations
rails	nowallocations	first+last	now_allocations
rails	nwllct	consonants	now_allocations
rails	no_wallocations	typo	now_allocations
rails	now*all	glob	now_allocations
rails	nodatt	abbr3	node_attributes
rails	noat	abbr2	node_attributes
rails	nodattributes	first+last	node_attributes
rails	ndttrb	consonants	node_attributes
rails	ndoe_attributes	typo	node_attributes
rails	nod*att	glob	node_attributes
rails	tesdoenotdupopthinonmer	abbr3	test_does_not_duplicate_optimizer_hints_on_merge
rails	tedonoduophionme	abbr2	test_does_not_duplicate_optimizer_hints_on_merge
rails	tesmerge	first+last	test_does_not_duplicate_optimizer_hints_on_merge
rails	test_does_not_duplicate_optimiezr_hints_on_merge	typo	test_does_not_duplicate_optimizer_hints_on_merge
rails	tes*mer	glob	test_does_not_duplicate_optimizer_hints_on_merge
rails	stogua	abbr3	stopGuaranteeing
rails	stgu	abbr2	stopGuaranteeing
rails	stoguaranteeing	first+last	stopGuaranteeing
rails	stpgrn	consonants	stopGuaranteeing
rails	stopguaraneteing	typo	stopGuaranteeing
rails	sto*gua	glob	stopGuaranteeing
rails	tescalexeinshacon	abbr3	test_callbacks_execute_in_shared_context
rails	tecaexinshco	abbr2	test_callbacks_execute_in_shared_context
rails	tescontext	first+last	test_callbacks_execute_in_shared_context
rails	tstcll	consonants	test_callbacks_execute_in_shared_context
rails	test_callbacks_execute_in_shared_contxet	typo	test_callbacks_execute_in_shared_context
rails	clanampronotacla	abbr3	class_name_provided_not_a_class
rails	clnaprnoacl	abbr2	class_name_provided_not_a_class
rails	claclass	first+last	class_name_provided_not_a_class
rails	clssnm	consonants	class_name_provided_not_a_class
rails	clas_sname_provided_not_a_class	typo	class_name_provided_not_a_class
rails	cla*cla	glob	class_name_provided_not_a_class
rails	visarenodcurrow	abbr3	visit_Arel_Nodes_CurrentRow
rails	viarnocuro	abbr2	visit_Arel_Nodes_CurrentRow
rails	visrow	first+last	visit_Arel_Nodes_CurrentRow
rails	visti_arel_nodes_currentrow	typo	visit_Arel_Nodes_CurrentRow
rails	vis*row	glob	visit_Arel_Nodes_CurrentRow
rails	tescon	abbr3	test_contradiction
rails	teco	abbr2	test_contradiction
rails	tescontradiction	first+last	test_contradiction
rails	test_contardiction	typo	test_contradiction
rails	tesshoupdexiwheupdonlistruandnoidisgiv	abbr3	test_should_update_existing_when_update_only_is_true_and_no_id_is_given
rails	teshupexwhuponistrannoidisgi	abbr2	test_should_update_existing_when_update_only_is_true_and_no_id_is_given
rails	tesgiven	first+last	test_should_update_existing_when_update_only_is_true_and_no_id_is_given
rails	test_should_update_existing_hwen_update_only_is_true_and_no_id_is_given	typo	test_should_update_existing_when_update_only_is_true_and_no_id_is_given
rails	tes*giv	glob	test_should_update_existing_when_update_only_is_true_and_no_id_is_given
rails	teswrilintostr	abbr3	test_write_lines_to_stream
rails	tewrlitost	abbr2	test_write_lines_to_stream
rails	tesstream	first+last	test_write_lines_to_stream
rails	test_write_lines_ot_stream	typo	test_write_lines_to_stream
rails	tesinc	abbr3	test_increment
rails	tein	abbr2	test_increment
rails	tesincrement	first+last	test_increment
rails	test_nicrement	typo	test_increment
rails	tesminwitwradat	abbr3	test_minus_with_wrapped_datetime
rails	temiwiwrda	abbr2	test_minus_with_wrapped_datetime
rails	tstmns	consonants	test_minus_with_wrapped_datetime
rails	test_imnus_with_wrapped_datetime	typo	test_minus_with_wrapped_datetime
rails	optnotgiv	abbr3	OPTION_NOT_GIVEN
rails	opnogi	abbr2	OPTION_NOT_GIVEN
rails	optgiven	first+last	OPTION_NOT_GIVEN
rails	optnnt	consonants	OPTION_NOT_GIVEN
rails	optionn_ot_given	typo	OPTION_NOT_GIVEN
rails	opt*giv	glob	OPTION_NOT_GIVEN
rails	tesinderronbasattshobeprotra	abbr3	test_indexed_errors_on_base_attribute_should_be_properly_translated
rails	teineronbaatshbeprtr	abbr2	test_indexed_errors_on_base_attribute_should_be_properly_translated
rails	testranslated	first+last	test_indexed_errors_on_base_attribute_should_be_properly_translated
rails	tstndx	consonants	test_indexed_errors_on_base_attribute_should_be_properly_translated
rails	test_indeexd_errors_on_base_attribute_should_be_properly_translated	typo	test_indexed_errors_on_base_attribute_should_be_properly_translated
rails	tes*tra	glob	test_indexed_errors_on_base_attribute_should_be_properly_translated
rails	testexfie	abbr3	test_text_field
rails	tetefi	abbr2	test_text_field
rails	tesfield	first+last	test_text_field
rails	testt_ext_field	typo	test_text_field
rails	tes*fie	glob	test_text_field
rails	tescheclacol	abbr3	test_check_class_collision
rails	techclco	abbr2	test_check_class_collision
rails	tescollision	first+last	test_check_class_collision
rails	tstchc	consonants	test_check_class_collision
rails	test_check_calss_collision	typo	test_check_class_collision
rails	tesopcclaparonnonresandcanbefunortypkey	abbr3	test_opclass_class_parsing_on_non_reserved_and_cannot_be_function_or_type_keyword
rails	teopclpaonnoreancabefuortyke	abbr2	test_opclass_class_parsing_on_non_reserved_and_cannot_be_function_or_type_keyword
rails	teskeyword	first+last	test_opclass_class_parsing_on_non_reserved_and_cannot_be_function_or_type_keyword
rails	tstpcl	consonants	test_opclass_class_parsing_on_non_reserved_and_cannot_be_function_or_type_keyword
rails	test_opclass_class_parsing_on_non_resreved_and_cannot_be_function_or_type_keyword	typo	test_opclass_class_parsing_on_non_reserved_and_cannot_be_function_or_type_keyword
rails	tespolurlwit2obj	abbr3	test_polymorphic_url_with_2_objects
rails	tepourwi2ob	abbr2	test_polymorphic_url_with_2_objects
rails	test_polymorphic_url_with_2_ojbects	typo	test_polymorphic_url_with_2_objects
rails	tesforfor	abbr3	test_form_for
rails	tefofo	abbr2	test_form_for
rails	test_formf_or	typo	test_form_for
rails	hompat	abbr3	homepage_path
rails	hopa	abbr2	homepage_path
rails	hompath	first+last	homepage_path
rails	hmpgpt	consonants	homepage_path
rails	homepgae_path	typo	homepage_path
rails	hom*pat	glob	homepage_path
rails	nonpolone	abbr3	NonPolyOne
rails	nopoon	abbr2	NonPolyOne
rails	nonone	first+last	NonPolyOne
rails	nnplyn	consonants	NonPolyOne
rails	nonpoylone	typo	NonPolyOne
rails	non*one	glob	NonPolyOne
rails	docbaspac	abbr3	dockerfile_base_packages
rails	dobapa	abbr2	dockerfile_base_packages
rails	docpackages	first+last	dockerfile_base_packages
rails	dckrfl	consonants	dockerfile_base_packages
rails	dockerfile_base_packaegs	typo	dockerfile_base_packages
rails	doc*pac	glob	dockerfile_base_packages
rails	reqanc	abbr3	requirements_anchored?
rails	rean	abbr2	requirements_anchored?
rails	reqanchored	first+last	requirements_anchored?
rails	rqrmnt	consonants	requirements_anchored?
rails	requirements_anchroed?	typo	requirements_anchored?
rails	req*anc	glob	requirements_anchored?
rails	speboo	abbr3	SpecialBook
rails	spbo	abbr2	SpecialBook
rails	spebook	first+last	SpecialBook
rails	spclbk	consonants	SpecialBook
rails	sepcialbook	typo	SpecialBook
rails	spe*boo	glob	SpecialBook
rails	sermet	abbr3	service_metadata
rails	seme	abbr2	service_metadata
rails	sermetadata	first+last	service_metadata
rails	srvcmt	consonants	service_metadata
rails	service_metdaata	typo	service_metadata
rails	ser*met	glob	service_metadata
rails	accssr	consonants	Accessors
rails	accesosrs	typo	Accessors
rails	twdl	consonants	tweedle
rails	twedele	typo	tweedle
rails	tesmixinccha	abbr3	test_mixin_inclusion_chain
rails	temiinch	abbr2	test_mixin_inclusion_chain
rails	teschain	first+last	test_mixin_inclusion_chain
rails	tstmxn	consonants	test_mixin_inclusion_chain
rails	test_mixin_inclusion_cahin	typo	test_mixin_inclusion_chain
rails	tessubwitobjwhiisnam	abbr3	test_submit_with_object_which_is_namespaced
rails	tesuwiobwhisna	abbr2	test_submit_with_object_which_is_namespaced
rails	tesnamespaced	first+last	test_submit_with_object_which_is_namespaced
rails	tstsbm	consonants	test_submit_with_object_which_is_namespaced
rails	test_sumbit_with_object_which_is_namespaced	typo	test_submit_with_object_which_is_namespaced
rails	tesmigoneupwitunalocusirun	abbr3	test_migrator_one_up_with_unavailable_lock_using_run
rails	temionupwiunlousru	abbr2	test_migrator_one_up_with_unavailable_lock_using_run
rails	tesrun	first+last	test_migrator_one_up_with_unavailable_lock_using_run
rails	test_migrtaor_one_up_with_unavailable_lock_using_run	typo	test_migrator_one_up_with_unavailable_lock_using_run
rails	tes*run	glob	test_migrator_one_up_with_unavailable_lock_using_run
rails	connam	abbr3	connection_name
rails	cona	abbr2	connection_name
rails	conname	first+last	connection_name
rails	cnnctn	consonants	connection_name
rails	connetcion_name	typo	connection_name
rails	con*nam	glob	connection_name
rails	visarenodinnjoi	abbr3	visit_Arel_Nodes_InnerJoin
rails	viarnoinjo	abbr2	visit_Arel_Nodes_InnerJoin
rails	visjoin	first+last	visit_Arel_Nodes_InnerJoin
rails	visi_tarel_nodes_innerjoin	typo	visit_Arel_Nodes_InnerJoin
rails	vis*joi	glob	visit_Arel_Nodes_InnerJoin
discourse	usr	hand	
discourse	topclst	hand	
discourse	pstrvsn	hand	
discourse	srchlog	hand	
discourse	guardn	hand	
discourse	Gaurdian	hand	
discourse	notifctn	hand	
discourse	catgry	hand	
discourse	embdd	hand	
discourse	plugininst	hand	
discourse	sitesttng	hand	
discourse	TopicQeury	hand	
discourse	usrsrlz	hand	
discourse	pst*revision	hand	
discourse	grp	hand	
discourse	bdg	hand	
discourse	emj	hand	
discourse	upld	hand	
discourse	Topic.new	hand	
discourse	User::Action	hand	
discourse	valargagasch	abbr3	validateArgsAgainstSchema
discourse	vaaragsc	abbr2	validateArgsAgainstSchema
discourse	valschema	first+last	validateArgsAgainstSchema
discourse	vldtrg	consonants	validateArgsAgainstSchema
discourse	validateargsagaintsschema	typo	validateArgsAgainstSchema
discourse	val*sch	glob	validateArgsAgainstSchema
discourse	movprobactousepro	abbr3	MoveProfileBackgroundToUserProfiles
discourse	moprbatouspr	abbr2	MoveProfileBackgroundToUserProfiles
discourse	movprofiles	first+last	MoveProfileBackgroundToUserProfiles
discourse	mvprfl	consonants	MoveProfileBackgroundToUserProfiles
discourse	moveprofilebackgorundtouserprofiles	typo	MoveProfileBackgroundToUserProfiles
discourse	mov*pro	glob	MoveProfileBackgroundToUserProfiles
discourse	admsitsetsto	abbr3	AdminSiteSettingStore
discourse	adsisest	abbr2	AdminSiteSettingStore
discourse	admstore	first+last	AdminSiteSettingStore
discourse	admnst	consonants	AdminSiteSettingStore
discourse	adminsiteesttingstore	typo	AdminSiteSettingStore
discourse	adm*sto	glob	AdminSiteSettingStore
discourse	creerrjso	abbr3	create_errors_json
discourse	crerjs	abbr2	create_errors_json
discourse	crejson	first+last	create_errors_json
discourse	crtrrr	consonants	create_errors_json
discourse	create_errosr_json	typo	create_errors_json
discourse	cre*jso	glob	create_errors_json
discourse	chaper	abbr3	changePeriod
discourse	chpe	abbr2	changePeriod
discourse	chaperiod	first+last	changePeriod
discourse	chngpr	consonants	changePeriod
discourse	changepeirod	typo	changePeriod
discourse	cha*per	glob	changePeriod
discourse	buiconpar	abbr3	build_converse_params
discourse	bucopa	abbr2	build_converse_params
discourse	buiparams	first+last	build_converse_params
discourse	bldcnv	consonants	build_converse_params
discourse	build_cnoverse_params	typo	build_converse_params
discourse	bui*par	glob	build_converse_params
discourse	resuselasreachames	abbr3	ResetUserLastReadChannelMessage
discourse	reuslarechme	abbr2	ResetUserLastReadChannelMessage
discourse	resmessage	first+last	ResetUserLastReadChannelMessage
discourse	rstsrl	consonants	ResetUserLastReadChannelMessage
discourse	resetuserlastreadcahnnelmessage	typo	ResetUserLastReadChannelMessage
discourse	res*mes	glob	ResetUserLastReadChannelMessage
discourse	maxouttok	abbr3	MAX_OUTPUT_TOKENS
discourse	maouto	abbr2	MAX_OUTPUT_TOKENS
discourse	maxtokens	first+last	MAX_OUTPUT_TOKENS
discourse	mxtptt	consonants	MAX_OUTPUT_TOKENS
discourse	maxo_utput_tokens	typo	MAX_OUTPUT_TOKENS
discourse	max*tok	glob	MAX_OUTPUT_TOKENS
discourse	rnnng?	consonants	running?
discourse	runnign?	typo	running?
discourse	grouse	abbr3	GroupUsers
discourse	grus	abbr2	GroupUsers
discourse	grousers	first+last	GroupUsers
discourse	grpsrs	consonants	GroupUsers
discourse	groupsuers	typo	GroupUsers
discourse	gro*use	glob	GroupUsers
discourse	suscou	abbr3	suspended_count
discourse	suco	abbr2	suspended_count
discourse	suscount	first+last	suspended_count
discourse	sspndd	consonants	suspended_count
discourse	suspende_dcount	typo	suspended_count
discourse	sus*cou	glob	suspended_count
discourse	istheorpluhel	abbr3	isThemeOrPluginHelper
discourse	isthorplhe	abbr2	isThemeOrPluginHelper
discourse	ishelper	first+last	isThemeOrPluginHelper
discourse	isthmr	consonants	isThemeOrPluginHelper
discourse	isthemeoprluginhelper	typo	isThemeOrPluginHelper
discourse	is*hel	glob	isThemeOrPluginHelper
discourse	bbcpat	abbr3	BBCODE_PATTERNS
discourse	bbpa	abbr2	BBCODE_PATTERNS
discourse	bbcpatterns	first+last	BBCODE_PATTERNS
discourse	bbcdpt	consonants	BBCODE_PATTERNS
discourse	bbcode_ptaterns	typo	BBCODE_PATTERNS
discourse	bbc*pat	glob	BBCODE_PATTERNS
discourse	asst	consonants	Asset
discourse	invposact	abbr3	InvalidPostAction
discourse	inpoac	abbr2	InvalidPostAction
discourse	invaction	first+last	InvalidPostAction
discourse	invldp	consonants	InvalidPostAction
discourse	invalidpostaciton	typo	InvalidPostAction
discourse	inv*act	glob	InvalidPostAction
discourse	blooutbou	abbr3	blockOutletBoundaries
discourse	bloubo	abbr2	blockOutletBoundaries
discourse	bloboundaries	first+last	blockOutletBoundaries
discourse	blcktl	consonants	blockOutletBoundaries
discourse	blockoutletboudnaries	typo	blockOutletBoundaries
discourse	blo*bou	glob	blockOutletBoundaries
discourse	causch	abbr2	canUseChat
discourse	canchat	first+last	canUseChat
discourse	cnscht	consonants	canUseChat
discourse	caunsechat	typo	canUseChat
discourse	can*cha	glob	canUseChat
discourse	pubrea	abbr3	publish_reaction!
discourse	pure	abbr2	publish_reaction!
discourse	pubreaction	first+last	publish_reaction!
discourse	pblshr	consonants	publish_reaction!
discourse	pulbish_reaction!	typo	publish_reaction!
discourse	pub*rea	glob	publish_reaction!
discourse	tessi	abbr3	test_si
discourse	tesi	abbr2	test_si
discourse	tsts	consonants	test_si
discourse	tset_si	typo	test_si
discourse	tes*si	glob	test_si
discourse	aiapiaudlogser	abbr3	AiApiAuditLogSerializer
discourse	aiapaulose	abbr2	AiApiAuditLogSerializer
discourse	aiserializer	first+last	AiApiAuditLogSerializer
discourse	apdtlg	consonants	AiApiAuditLogSerializer
discourse	aiapiauditlogsreializer	typo	AiApiAuditLogSerializer
discourse	ai*ser	glob	AiApiAuditLogSerializer
discourse	setlasedinotcli	abbr3	setLastEditNotificationClick
discourse	selaednocl	abbr2	setLastEditNotificationClick
discourse	setclick	first+last	setLastEditNotificationClick
discourse	stlstd	consonants	setLastEditNotificationClick
discourse	setlasteditntoificationclick	typo	setLastEditNotificationClick
discourse	set*cli	glob	setLastEditNotificationClick
discourse	agrwitfla	abbr3	agree_with_flags
discourse	agwifl	abbr2	agree_with_flags
discourse	agrflags	first+last	agree_with_flags
discourse	agrwth	consonants	agree_with_flags
discourse	agree_wtih_flags	typo	agree_with_flags
discourse	agr*fla	glob	agree_with_flags
discourse	watfirposcatids	abbr3	watched_first_post_category_ids
discourse	wafipocaid	abbr2	watched_first_post_category_ids
discourse	watids	first+last	watched_first_post_category_ids
discourse	wtchdf	consonants	watched_first_post_category_ids
discourse	watched_first_opst_category_ids	typo	watched_first_post_category_ids
discourse	wat*ids	glob	watched_first_post_category_ids
discourse	runscr	abbr3	run_script
discourse	rusc	abbr2	run_script
discourse	runscript	first+last	run_script
discourse	rnscrp	consonants	run_script
discourse	run_csript	typo	run_script
discourse	run*scr	glob	run_script
discourse	isnsd	consonants	isInside
discourse	iisnside	typo	isInside
discourse	is*ins	glob	isInside
discourse	bropagevesco	abbr3	browser_pageview_event_score
discourse	brpaevsc	abbr2	browser_pageview_event_score
discourse	broscore	first+last	browser_pageview_event_score
discourse	brwsrp	consonants	browser_pageview_event_score
discourse	browser_pageview_events_core	typo	browser_pageview_event_score
discourse	bro*sco	glob	browser_pageview_event_score
discourse	meetl	abbr3	meets_tl?
discourse	metl	abbr2	meets_tl?
discourse	mtstl?	consonants	meets_tl?
discourse	meets_lt?	typo	meets_tl?
discourse	mee*tl	glob	meets_tl?
discourse	sumfea	abbr3	summarization_features
discourse	sufe	abbr2	summarization_features
discourse	sumfeatures	first+last	summarization_features
discourse	smmrzt	consonants	summarization_features
discourse	summraization_features	typo	summarization_features
discourse	sum*fea	glob	summarization_features
discourse	cresha	abbr3	create_shadow!
discourse	crsh	abbr2	create_shadow!
discourse	creshadow	first+last	create_shadow!
discourse	crtshd	consonants	create_shadow!
discourse	cerate_shadow!	typo	create_shadow!
discourse	cre*sha	glob	create_shadow!
discourse	addcusfietocha	abbr3	AddCustomFieldsToChat
discourse	adcufitoch	abbr2	AddCustomFieldsToChat
discourse	addcst	consonants	AddCustomFieldsToChat
discourse	addcustomfielsdtochat	typo	AddCustomFieldsToChat
discourse	add*cha	glob	AddCustomFieldsToChat
discourse	tessecfacact	abbr3	TestSecondFactorAction
discourse	tesefaac	abbr2	TestSecondFactorAction
discourse	tesaction	first+last	TestSecondFactorAction
discourse	tstscn	consonants	TestSecondFactorAction
discourse	testsecondfcatoraction	typo	TestSecondFactorAction
discourse	tes*act	glob	TestSecondFactorAction
discourse	iswrnn	consonants	isWarning
discourse	iwsarning	typo	isWarning
discourse	is*war	glob	isWarning
discourse	finpubnod	abbr3	find_published_node
discourse	fipuno	abbr2	find_published_node
discourse	finnode	first+last	find_published_node
discourse	fndpbl	consonants	find_published_node
discourse	find_pubilshed_node	typo	find_published_node
discourse	fin*nod	glob	find_published_node
discourse	crerepcha	abbr3	create_reply_chain
discourse	crrech	abbr2	create_reply_chain
discourse	crechain	first+last	create_reply_chain
discourse	crtrpl	consonants	create_reply_chain
discourse	creaet_reply_chain	typo	create_reply_chain
discourse	cre*cha	glob	create_reply_chain
discourse	thescrallfiltyp	abbr3	THEME_SCREENSHOT_ALLOWED_FILE_TYPES
discourse	thscalfity	abbr2	THEME_SCREENSHOT_ALLOWED_FILE_TYPES
discourse	thetypes	first+last	THEME_SCREENSHOT_ALLOWED_FILE_TYPES
discourse	thmscr	consonants	THEME_SCREENSHOT_ALLOWED_FILE_TYPES
discourse	theme_screensoht_allowed_file_types	typo	THEME_SCREENSHOT_ALLOWED_FILE_TYPES
discourse	the*typ	glob	THEME_SCREENSHOT_ALLOWED_FILE_TYPES
discourse	bacexc	abbr3	backfillExcerpts
discourse	baex	abbr2	backfillExcerpts
discourse	bacexcerpts	first+last	backfillExcerpts
discourse	bckfll	consonants	backfillExcerpts
discourse	backfillecxerpts	typo	backfillExcerpts
discourse	bac*exc	glob	backfillExcerpts
discourse	finloapos	abbr3	findLoadedPost
discourse	filopo	abbr2	findLoadedPost
discourse	finpost	first+last	findLoadedPost
discourse	fndldd	consonants	findLoadedPost
discourse	findloaddepost	typo	findLoadedPost
discourse	fin*pos	glob	findLoadedPost
discourse	maxlenforhea	abbr3	MAX_LENGTH_FOR_HEADLINE
discourse	malefohe	abbr2	MAX_LENGTH_FOR_HEADLINE
discourse	maxheadline	first+last	MAX_LENGTH_FOR_HEADLINE
discourse	mxlngt	consonants	MAX_LENGTH_FOR_HEADLINE
discourse	max_lnegth_for_headline	typo	MAX_LENGTH_FOR_HEADLINE
discourse	max*hea	glob	MAX_LENGTH_FOR_HEADLINE
discourse	inicattagsta	abbr3	InitCategoryTagStats
discourse	incatast	abbr2	InitCategoryTagStats
discourse	inistats	first+last	InitCategoryTagStats
discourse	intctg	consonants	InitCategoryTagStats
discourse	initcategorytasgtats	typo	InitCategoryTagStats
discourse	ini*sta	glob	InitCategoryTagStats
discourse	hasnonamfilinp	abbr3	has_no_name_filter_input?
discourse	hanonafiin	abbr2	has_no_name_filter_input?
discourse	hasinput	first+last	has_no_name_filter_input?
discourse	hsnnmf	consonants	has_no_name_filter_input?
discourse	has_non_ame_filter_input?	typo	has_no_name_filter_input?
discourse	has*inp	glob	has_no_name_filter_input?
discourse	loch	abbr2	LOGS_CHANNEL
discourse	logchannel	first+last	LOGS_CHANNEL
discourse	lgschn	consonants	LOGS_CHANNEL
discourse	logs_hcannel	typo	LOGS_CHANNEL
discourse	log*cha	glob	LOGS_CHANNEL
discourse	gitaut	abbr3	github_auth
discourse	giau	abbr2	github_auth
discourse	gitauth	first+last	github_auth
discourse	gthbth	consonants	github_auth
discourse	github_atuh	typo	github_auth
discourse	git*aut	glob	github_auth
discourse	flatyp	abbr3	flair_type
discourse	flty	abbr2	flair_type
discourse	flatype	first+last	flair_type
discourse	flrtyp	consonants	flair_type
discourse	fliar_type	typo	flair_type
discourse	fla*typ	glob	flair_type
discourse	theid	abbr3	theme_id
discourse	thid	abbr2	theme_id
discourse	thmd	consonants	theme_id
discourse	tehme_id	typo	theme_id
discourse	the*id	glob	theme_id
discourse	comhaspenconbel	abbr3	computeHasPendingContentBelow
discourse	cohapecobe	abbr2	computeHasPendingContentBelow
discourse	combelow	first+last	computeHasPendingContentBelow
discourse	cmpths	consonants	computeHasPendingContentBelow
discourse	computehaspendigncontentbelow	typo	computeHasPendingContentBelow
discourse	com*bel	glob	computeHasPendingContentBelow
discourse	chaser	abbr3	ChannelSerializer
discourse	chse	abbr2	ChannelSerializer
discourse	chaserializer	first+last	ChannelSerializer
discourse	chnnls	consonants	ChannelSerializer
discourse	channelserialzier	typo	ChannelSerializer
discourse	cha*ser	glob	ChannelSerializer
discourse	newval	abbr3	new_value
discourse	neva	abbr2	new_value
discourse	newvalue	first+last	new_value
discourse	nwvl	consonants	new_value
discourse	new_vlaue	typo	new_value
discourse	new*val	glob	new_value
discourse	resapptokdevcod	abbr3	resolve_approval_token_device_code
discourse	reaptodeco	abbr2	resolve_approval_token_device_code
discourse	rescode	first+last	resolve_approval_token_device_code
discourse	rslvpp	consonants	resolve_approval_token_device_code
discourse	resovle_approval_token_device_code	typo	resolve_approval_token_device_code
discourse	res*cod	glob	resolve_approval_token_device_code
discourse	posnothan	abbr3	PostNotificationHandler
discourse	ponoha	abbr2	PostNotificationHandler
discourse	poshandler	first+last	PostNotificationHandler
discourse	pstntf	consonants	PostNotificationHandler
discourse	potsnotificationhandler	typo	PostNotificationHandler
discourse	pos*han	glob	PostNotificationHandler
discourse	hasnoemosug	abbr3	has_no_emoji_suggestion?
discourse	hanoemsu	abbr2	has_no_emoji_suggestion?
discourse	hassuggestion	first+last	has_no_emoji_suggestion?
discourse	hsnmjs	consonants	has_no_emoji_suggestion?
discourse	has_no_emoji_suggestino?	typo	has_no_emoji_suggestion?
discourse	has*sug	glob	has_no_emoji_suggestion?
discourse	feeeleins	abbr3	FeedElementInstaller
discourse	feelin	abbr2	FeedElementInstaller
discourse	feeinstaller	first+last	FeedElementInstaller
discourse	fdlmnt	consonants	FeedElementInstaller
discourse	fee*ins	glob	FeedElementInstaller
discourse	secfac	abbr3	second_factors
discourse	sefa	abbr2	second_factors
discourse	secfactors	first+last	second_factors
discourse	scndfc	consonants	second_factors
discourse	seocnd_factors	typo	second_factors
discourse	sec*fac	glob	second_factors
discourse	destrulevgro	abbr3	desired_trust_level_groups
discourse	detrlegr	abbr2	desired_trust_level_groups
discourse	desgroups	first+last	desired_trust_level_groups
discourse	dsrdtr	consonants	desired_trust_level_groups
discourse	desired_rtust_level_groups	typo	desired_trust_level_groups
discourse	des*gro	glob	desired_trust_level_groups
discourse	updopt	abbr3	update_options
discourse	upop	abbr2	update_options
discourse	updoptions	first+last	update_options
discourse	updtpt	consonants	update_options
discourse	updtae_options	typo	update_options
discourse	upd*opt	glob	update_options
discourse	triuseaddeve	abbr3	trigger_user_added_event
discourse	trusadev	abbr2	trigger_user_added_event
discourse	trievent	first+last	trigger_user_added_event
discourse	trggrs	consonants	trigger_user_added_event
discourse	tri*eve	glob	trigger_user_added_event
discourse	grotagnot	abbr3	group_tag_notifications
discourse	grtano	abbr2	group_tag_notifications
discourse	gronotifications	first+last	group_tag_notifications
discourse	grptgn	consonants	group_tag_notifications
discourse	group_tag_notifiactions	typo	group_tag_notifications
discourse	gro*not	glob	group_tag_notifications
discourse	snanod	abbr3	snapshot_node
discourse	snno	abbr2	snapshot_node
discourse	snanode	first+last	snapshot_node
discourse	snpsht	consonants	snapshot_node
discourse	snapshotn_ode	typo	snapshot_node
discourse	sna*nod	glob	snapshot_node
discourse	adme	abbr2	addMembers
discourse	addmmb	consonants	addMembers
discourse	admdembers	typo	addMembers
discourse	add*mem	glob	addMembers
discourse	droposopt	abbr3	DropPositionOptions
discourse	drpoop	abbr2	DropPositionOptions
discourse	drooptions	first+last	DropPositionOptions
discourse	drppst	consonants	DropPositionOptions
discourse	droppositionotpions	typo	DropPositionOptions
discourse	dro*opt	glob	DropPositionOptions
discourse	chesch	abbr3	CheckSchedules
discourse	chsc	abbr2	CheckSchedules
discourse	cheschedules	first+last	CheckSchedules
discourse	chcksc	consonants	CheckSchedules
discourse	cehckschedules	typo	CheckSchedules
discourse	che*sch	glob	CheckSchedules
discourse	butdet	abbr3	buttonDetails
discourse	bude	abbr2	buttonDetails
discourse	butdetails	first+last	buttonDetails
discourse	bttndt	consonants	buttonDetails
discourse	butotndetails	typo	buttonDetails
discourse	but*det	glob	buttonDetails
discourse	deftrafie	abbr3	defineTrackedField
discourse	detrfi	abbr2	defineTrackedField
discourse	deffield	first+last	defineTrackedField
discourse	dfntrc	consonants	defineTrackedField
discourse	definetarckedfield	typo	defineTrackedField
discourse	def*fie	glob	defineTrackedField
discourse	filtypvalsug	abbr3	FilterTypeValueSuggester
discourse	fityvasu	abbr2	FilterTypeValueSuggester
discourse	filsuggester	first+last	FilterTypeValueSuggester
discourse	fltrty	consonants	FilterTypeValueSuggester
discourse	flitertypevaluesuggester	typo	FilterTypeValueSuggester
discourse	fil*sug	glob	FilterTypeValueSuggester
discourse	canaccans	abbr3	can_accept_answer?
discourse	caacan	abbr2	can_accept_answer?
discourse	cananswer	first+last	can_accept_answer?
discourse	cnccpt	consonants	can_accept_answer?
discourse	can_accpet_answer?	typo	can_accept_answer?
discourse	can*ans	glob	can_accept_answer?
discourse	maxconforsec	abbr3	MAX_CONVERT_FORMAT_SECONDS
discourse	macofose	abbr2	MAX_CONVERT_FORMAT_SECONDS
discourse	maxseconds	first+last	MAX_CONVERT_FORMAT_SECONDS
discourse	mxcnvr	consonants	MAX_CONVERT_FORMAT_SECONDS
discourse	max_convetr_format_seconds	typo	MAX_CONVERT_FORMAT_SECONDS
discourse	max*sec	glob	MAX_CONVERT_FORMAT_SECONDS
discourse	hasnonotbut	abbr3	has_no_notification_button?
discourse	hanonobu	abbr2	has_no_notification_button?
discourse	hasbutton	first+last	has_no_notification_button?
discourse	hsnntf	consonants	has_no_notification_button?
discourse	has_no_notificaiton_button?	typo	has_no_notification_button?
discourse	has*but	glob	has_no_notification_button?
discourse	crerev	abbr3	create_revision
discourse	crre	abbr2	create_revision
discourse	crerevision	first+last	create_revision
discourse	crtrvs	consonants	create_revision
discourse	creat_erevision	typo	create_revision
discourse	cre*rev	glob	create_revision
discourse	mocconres	abbr3	mock_converse_response
discourse	mocore	abbr2	mock_converse_response
discourse	mocresponse	first+last	mock_converse_response
discourse	mckcnv	consonants	mock_converse_response
discourse	mock_converse_ersponse	typo	mock_converse_response
discourse	moc*res	glob	mock_converse_response
discourse	usemsg	abbr3	user_msg
discourse	usms	abbr2	user_msg
discourse	usrmsg	consonants	user_msg
discourse	user_smg	typo	user_msg
discourse	use*msg	glob	user_msg
discourse	hasdelpos	abbr3	hasDeletedPosts
discourse	hadepo	abbr2	hasDeletedPosts
discourse	hsdltd	consonants	hasDeletedPosts
discourse	hasdeletedpsots	typo	hasDeletedPosts
discourse	has*pos	glob	hasDeletedPosts
discourse	topcusfie	abbr3	TopicCustomField
discourse	tocufi	abbr2	TopicCustomField
discourse	topfield	first+last	TopicCustomField
discourse	tpccst	consonants	TopicCustomField
discourse	topiccustomfeild	typo	TopicCustomField
discourse	top*fie	glob	TopicCustomField
discourse	hascuslab	abbr3	has_custom_label?
discourse	hacula	abbr2	has_custom_label?
discourse	haslabel	first+last	has_custom_label?
discourse	hscstm	consonants	has_custom_label?
discourse	has_custmo_label?	typo	has_custom_label?
discourse	has*lab	glob	has_custom_label?
discourse	geurpa	abbr2	getUrlParameter
discourse	getparameter	first+last	getUrlParameter
discourse	gtrlpr	consonants	getUrlParameter
discourse	getrulparameter	typo	getUrlParameter
discourse	get*par	glob	getUrlParameter
discourse	assgn	consonants	assign
discourse	conorsav	abbr3	consolidate_or_save!
discourse	coorsa	abbr2	consolidate_or_save!
discourse	consave	first+last	consolidate_or_save!
discourse	cnsldt	consonants	consolidate_or_save!
discourse	consolidat_eor_save!	typo	consolidate_or_save!
discourse	con*sav	glob	consolidate_or_save!
discourse	vistab	abbr3	visit_tab
discourse	vita	abbr2	visit_tab
discourse	vsttb	consonants	visit_tab
discourse	viist_tab	typo	visit_tab
discourse	vis*tab	glob	visit_tab
discourse	envsym	abbr3	ENVIRONMENT_SYMBOLS
discourse	ensy	abbr2	ENVIRONMENT_SYMBOLS
discourse	envsymbols	first+last	ENVIRONMENT_SYMBOLS
discourse	envrnm	consonants	ENVIRONMENT_SYMBOLS
discourse	enivronment_symbols	typo	ENVIRONMENT_SYMBOLS
discourse	env*sym	glob	ENVIRONMENT_SYMBOLS
discourse	togsec	abbr3	toggle_section
discourse	togsection	first+last	toggle_section
discourse	tgglsc	consonants	toggle_section
discourse	toggle_seciton	typo	toggle_section
discourse	tog*sec	glob	toggle_section
discourse	usefroaut	abbr3	user_from_author
discourse	usfrau	abbr2	user_from_author
discourse	useauthor	first+last	user_from_author
discourse	usrfrm	consonants	user_from_author
discourse	user_from_auhtor	typo	user_from_author
discourse	use*aut	glob	user_from_author
discourse	useaddtogro	abbr3	UserAddedToGroup
discourse	usadtogr	abbr2	UserAddedToGroup
discourse	usegroup	first+last	UserAddedToGroup
discourse	usrddd	consonants	UserAddedToGroup
discourse	useraddedotgroup	typo	UserAddedToGroup
discourse	use*gro	glob	UserAddedToGroup
discourse	resactreccac	abbr3	reset_active_record_cache
discourse	reacreca	abbr2	reset_active_record_cache
discourse	rescache	first+last	reset_active_record_cache
discourse	rstctv	consonants	reset_active_record_cache
discourse	reest_active_record_cache	typo	reset_active_record_cache
discourse	res*cac	glob	reset_active_record_cache
discourse	chalis	abbr3	changeListener
discourse	chli	abbr2	changeListener
discourse	chalistener	first+last	changeListener
discourse	chngls	consonants	changeListener
discourse	changeilstener	typo	changeListener
discourse	cha*lis	glob	changeListener
discourse	toppin	abbr3	TopicPin
discourse	tpcpn	consonants	TopicPin
discourse	tpoicpin	typo	TopicPin
discourse	top*pin	glob	TopicPin
discourse	nodbyid	abbr3	nodes_by_id
discourse	nobyid	abbr2	nodes_by_id
discourse	nodid	first+last	nodes_by_id
discourse	ndsbyd	consonants	nodes_by_id
discourse	ndoes_by_id	typo	nodes_by_id
discourse	nod*id	glob	nodes_by_id
discourse	hasnoinjdetele	abbr3	has_no_injected_detail_element?
discourse	hanoindeel	abbr2	has_no_injected_detail_element?
discourse	haselement	first+last	has_no_injected_detail_element?
discourse	hsnnjc	consonants	has_no_injected_detail_element?
discourse	has_no_injected_detial_element?	typo	has_no_injected_detail_element?
discourse	has*ele	glob	has_no_injected_detail_element?
discourse	copdat	abbr3	copy_data
discourse	coda	abbr2	copy_data
discourse	copdata	first+last	copy_data
discourse	cpydt	consonants	copy_data
discourse	copyd_ata	typo	copy_data
discourse	cop*dat	glob	copy_data
discourse	valoutper	abbr3	validateOutletPermission
discourse	vaoupe	abbr2	validateOutletPermission
discourse	valpermission	first+last	validateOutletPermission
discourse	vldttl	consonants	validateOutletPermission
discourse	validateoutletperimssion	typo	validateOutletPermission
discourse	val*per	glob	validateOutletPermission
discourse	slctr	consonants	selector
discourse	selecotr	typo	selector
discourse	boorai	abbr3	boot_rails
discourse	bora	abbr2	boot_rails
discourse	boorails	first+last	boot_rails
discourse	btrls	consonants	boot_rails
discourse	boto_rails	typo	boot_rails
discourse	boo*rai	glob	boot_rails
discourse	faiste	abbr3	fail_step
discourse	faistep	first+last	fail_step
discourse	flstp	consonants	fail_step
discourse	fial_step	typo	fail_step
discourse	fai*ste	glob	fail_step
discourse	creuseupl	abbr3	CreateUserUploads
discourse	crusup	abbr2	CreateUserUploads
discourse	creuploads	first+last	CreateUserUploads
discourse	crtsrp	consonants	CreateUserUploads
discourse	createuseurploads	typo	CreateUserUploads
discourse	cre*upl	glob	CreateUserUploads
discourse	cacoricoo	abbr3	cached_original_cooked
discourse	caorco	abbr2	cached_original_cooked
discourse	caccooked	first+last	cached_original_cooked
discourse	cchdrg	consonants	cached_original_cooked
discourse	cacehd_original_cooked	typo	cached_original_cooked
discourse	cac*coo	glob	cached_original_cooked
discourse	blcks	consonants	BLOCKS
discourse	bolcks	typo	BLOCKS
discourse	excste	abbr3	exclude_step
discourse	exst	abbr2	exclude_step
discourse	excstep	first+last	exclude_step
discourse	exclds	consonants	exclude_step
discourse	exlcude_step	typo	exclude_step
discourse	exc*ste	glob	exclude_step
discourse	impuseema	abbr3	import_user_emails
discourse	imusem	abbr2	import_user_emails
discourse	impemails	first+last	import_user_emails
discourse	imprts	consonants	import_user_emails
discourse	import_use_remails	typo	import_user_emails
discourse	imp*ema	glob	import_user_emails
discourse	concomarg	abbr3	contentComponentArgs
discourse	cocoar	abbr2	contentComponentArgs
discourse	conargs	first+last	contentComponentArgs
discourse	cntntc	consonants	contentComponentArgs
discourse	conetntcomponentargs	typo	contentComponentArgs
discourse	con*arg	glob	contentComponentArgs
discourse	displureg	abbr3	DiscoursePluginRegistry
discourse	diplre	abbr2	DiscoursePluginRegistry
discourse	disregistry	first+last	DiscoursePluginRegistry
discourse	dscrsp	consonants	DiscoursePluginRegistry
discourse	discourspeluginregistry	typo	DiscoursePluginRegistry
discourse	dis*reg	glob	DiscoursePluginRegistry
discourse	attind	abbr3	attach_index
discourse	atin	abbr2	attach_index
discourse	attindex	first+last	attach_index
discourse	attchn	consonants	attach_index
discourse	attach_nidex	typo	attach_index
discourse	att*ind	glob	attach_index
discourse	shadra	abbr3	shared_draft?
discourse	shdr	abbr2	shared_draft?
discourse	shadraft	first+last	shared_draft?
discourse	shrddr	consonants	shared_draft?
discourse	shraed_draft?	typo	shared_draft?
discourse	sha*dra	glob	shared_draft?
discourse	evebbc	abbr3	event_bbcode
discourse	evbb	abbr2	event_bbcode
discourse	evebbcode	first+last	event_bbcode
discourse	evntbb	consonants	event_bbcode
discourse	even_tbbcode	typo	event_bbcode
discourse	eve*bbc	glob	event_bbcode
discourse	athrz!	consonants	authorize!
discourse	authoirze!	typo	authorize!
discourse	wricac	abbr3	write_cache!
discourse	wrca	abbr2	write_cache!
discourse	wricache	first+last	write_cache!
discourse	wrtcch	consonants	write_cache!
discourse	wirte_cache!	typo	write_cache!
discourse	wri*cac	glob	write_cache!
discourse	prodel	abbr3	process_delta
discourse	prde	abbr2	process_delta
discourse	prodelta	first+last	process_delta
discourse	prcssd	consonants	process_delta
discourse	process_detla	typo	process_delta
discourse	pro*del	glob	process_delta
discourse	htmfra	abbr3	html_fragment
discourse	htfr	abbr2	html_fragment
discourse	htmfragment	first+last	html_fragment
discourse	htmlfr	consonants	html_fragment
discourse	htlm_fragment	typo	html_fragment
discourse	htm*fra	glob	html_fragment
discourse	valpatpro	abbr3	validate_patch_proposal
discourse	vapapr	abbr2	validate_patch_proposal
discourse	valproposal	first+last	validate_patch_proposal
discourse	vldtpt	consonants	validate_patch_proposal
discourse	validate_patchp_roposal	typo	validate_patch_proposal
discourse	val*pro	glob	validate_patch_proposal
discourse	newfil	abbr3	new_filter
discourse	nefi	abbr2	new_filter
discourse	newfilter	first+last	new_filter
discourse	nwfltr	consonants	new_filter
discourse	new_fitler	typo	new_filter
discourse	new*fil	glob	new_filter
discourse	seaid	abbr3	SEARCH_ID
discourse	seid	abbr2	SEARCH_ID
discourse	srchd	consonants	SEARCH_ID
discourse	searc_hid	typo	SEARCH_ID
discourse	sea*id	glob	SEARCH_ID
discourse	comloamorurl	abbr3	compute_load_more_url
discourse	colomour	abbr2	compute_load_more_url
discourse	comurl	first+last	compute_load_more_url
discourse	cmptld	consonants	compute_load_more_url
discourse	compute_load_moreu_rl	typo	compute_load_more_url
discourse	com*url	glob	compute_load_more_url
discourse	resblofn	abbr3	ResolveBlockFn
discourse	reblfn	abbr2	ResolveBlockFn
discourse	resfn	first+last	ResolveBlockFn
discourse	rslvbl	consonants	ResolveBlockFn
discourse	resolvbelockfn	typo	ResolveBlockFn
discourse	res*fn	glob	ResolveBlockFn
discourse	chaarr	abbr3	chat_array
discourse	chaarray	first+last	chat_array
discourse	chtrry	consonants	chat_array
discourse	cha_tarray	typo	chat_array
discourse	cha*arr	glob	chat_array
discourse	seno	abbr2	setNotification
discourse	stntfc	consonants	setNotification
discourse	setntoification	typo	setNotification
discourse	set*not	glob	setNotification
discourse	resdum	abbr3	restore_dump
discourse	resdump	first+last	restore_dump
discourse	rstrdm	consonants	restore_dump
discourse	restor_edump	typo	restore_dump
discourse	res*dum	glob	restore_dump
discourse	cmmttd	consonants	committed!
discourse	stofra	abbr3	store_fragment
discourse	stfr	abbr2	store_fragment
discourse	stofragment	first+last	store_fragment
discourse	strfrg	consonants	store_fragment
discourse	storef_ragment	typo	store_fragment
discourse	sto*fra	glob	store_fragment
discourse	lasurl	abbr3	lastURL
discourse	laur	abbr2	lastURL
discourse	lstrl	consonants	lastURL
discourse	lastrul	typo	lastURL
discourse	las*url	glob	lastURL
discourse	stenodexe	abbr3	step_node_executable
discourse	stnoex	abbr2	step_node_executable
discourse	steexecutable	first+last	step_node_executable
discourse	stpndx	consonants	step_node_executable
discourse	step_onde_executable	typo	step_node_executable
discourse	ste*exe	glob	step_node_executable
discourse	impchacha	abbr3	import_chat_channels
discourse	imchch	abbr2	import_chat_channels
discourse	impchannels	first+last	import_chat_channels
discourse	imprtc	consonants	import_chat_channels
discourse	import_cha_tchannels	typo	import_chat_channels
discourse	imp*cha	glob	import_chat_channels
discourse	growitsho	abbr3	groupsWithShortcut
discourse	grwish	abbr2	groupsWithShortcut
discourse	groshortcut	first+last	groupsWithShortcut
discourse	grpswt	consonants	groupsWithShortcut
discourse	groupswihtshortcut	typo	groupsWithShortcut
discourse	gro*sho	glob	groupsWithShortcut
discourse	boomet	abbr3	bookmark_metadata
discourse	bome	abbr2	bookmark_metadata
discourse	boometadata	first+last	bookmark_metadata
discourse	bkmrkm	consonants	bookmark_metadata
discourse	bookmakr_metadata	typo	bookmark_metadata
discourse	boo*met	glob	bookmark_metadata
discourse	renshacol	abbr3	RenameShaColumn
discourse	reshco	abbr2	RenameShaColumn
discourse	rencolumn	first+last	RenameShaColumn
discourse	rnmshc	consonants	RenameShaColumn
discourse	reanmeshacolumn	typo	RenameShaColumn
discourse	ren*col	glob	RenameShaColumn
discourse	rawfor	abbr3	raw_for
discourse	rafo	abbr2	raw_for
discourse	rwfr	consonants	raw_for
discourse	rwa_for	typo	raw_for
discourse	raw*for	glob	raw_for
discourse	preligcol	abbr3	prefersLightColor
discourse	prlico	abbr2	prefersLightColor
discourse	precolor	first+last	prefersLightColor
discourse	prfrsl	consonants	prefersLightColor
discourse	preferslgihtcolor	typo	prefersLightColor
discourse	pre*col	glob	prefersLightColor
discourse	intlincsssel	abbr3	INTERFACE_LINK_CSS_SELECTOR
discourse	inlicsse	abbr2	INTERFACE_LINK_CSS_SELECTOR
discourse	intselector	first+last	INTERFACE_LINK_CSS_SELECTOR
discourse	intrfc	consonants	INTERFACE_LINK_CSS_SELECTOR
discourse	interface_link_css_sleector	typo	INTERFACE_LINK_CSS_SELECTOR
discourse	int*sel	glob	INTERFACE_LINK_CSS_SELECTOR
discourse	clotop	abbr3	CloseTopic
discourse	clto	abbr2	CloseTopic
discourse	clotopic	first+last	CloseTopic
discourse	clstpc	consonants	CloseTopic
discourse	closeotpic	typo	CloseTopic
discourse	clo*top	glob	CloseTopic
discourse	migpospoldat	abbr3	MigratePostPolicyData
discourse	mipopoda	abbr2	MigratePostPolicyData
discourse	migdata	first+last	MigratePostPolicyData
discourse	mgrtps	consonants	MigratePostPolicyData
discourse	migrtaepostpolicydata	typo	MigratePostPolicyData
discourse	mig*dat	glob	MigratePostPolicyData
discourse	stesch	abbr3	StepScheduler
discourse	stsc	abbr2	StepScheduler
discourse	stescheduler	first+last	StepScheduler
discourse	stpsch	consonants	StepScheduler
discourse	stpescheduler	typo	StepScheduler
discourse	ste*sch	glob	StepScheduler
discourse	upddigandget	abbr3	update_digest_and_get
discourse	updiange	abbr2	update_digest_and_get
discourse	updget	first+last	update_digest_and_get
discourse	updtdg	consonants	update_digest_and_get
discourse	update_digest_and_egt	typo	update_digest_and_get
discourse	upd*get	glob	update_digest_and_get
discourse	thefie	abbr3	ThemeField
discourse	thfi	abbr2	ThemeField
discourse	thefield	first+last	ThemeField
discourse	thmfld	consonants	ThemeField
discourse	thmeefield	typo	ThemeField
discourse	the*fie	glob	ThemeField
discourse	isunmtop	abbr3	isUnmutedTopic
discourse	isunto	abbr2	isUnmutedTopic
discourse	isnmtd	consonants	isUnmutedTopic
discourse	isunmutedotpic	typo	isUnmutedTopic
discourse	is*top	glob	isUnmutedTopic
discourse	tescalreterriftarfunretunkval	abbr3	test_call_returns_error_if_target_function_returns_unknown_value
discourse	tecareeriftafureunva	abbr2	test_call_returns_error_if_target_function_returns_unknown_value
discourse	tesvalue	first+last	test_call_returns_error_if_target_function_returns_unknown_value
discourse	tstcll	consonants	test_call_returns_error_if_target_function_returns_unknown_value
discourse	test_call_returnse_rror_if_target_function_returns_unknown_value	typo	test_call_returns_error_if_target_function_returns_unknown_value
discourse	tes*val	glob	test_call_returns_error_if_target_function_returns_unknown_value
discourse	dprctn	consonants	Deprecation
discourse	depercation	typo	Deprecation
discourse	hasposboo	abbr3	has_post_bookmarked?
discourse	hapobo	abbr2	has_post_bookmarked?
discourse	hasbookmarked	first+last	has_post_bookmarked?
discourse	hspstb	consonants	has_post_bookmarked?
discourse	has_post_boomkarked?	typo	has_post_bookmarked?
discourse	has*boo	glob	has_post_bookmarked?
discourse	hasnoseabut	abbr3	has_no_search_button?
discourse	hanosebu	abbr2	has_no_search_button?
discourse	hsnsrc	consonants	has_no_search_button?
discourse	hasn_o_search_button?	typo	has_no_search_button?
discourse	tesbr	abbr3	test_br
discourse	tebr	abbr2	test_br
discourse	tstbr	consonants	test_br
discourse	tets_br	typo	test_br
discourse	tes*br	glob	test_br
discourse	notonstaaccsol	abbr3	notify_on_staff_accept_solved=
discourse	noonstacso	abbr2	notify_on_staff_accept_solved=
discourse	notsolved	first+last	notify_on_staff_accept_solved=
discourse	ntfyns	consonants	notify_on_staff_accept_solved=
discourse	notify_on_stfaf_accept_solved=	typo	notify_on_staff_accept_solved=
discourse	not*sol	glob	notify_on_staff_accept_solved=
discourse	repcon	abbr3	report_concurrency
discourse	repconcurrency	first+last	report_concurrency
discourse	rprtcn	consonants	report_concurrency
discourse	repor_tconcurrency	typo	report_concurrency
discourse	rep*con	glob	report_concurrency
discourse	clezohuse	abbr3	cleanup_zoho_username
discourse	clzous	abbr2	cleanup_zoho_username
discourse	cleusername	first+last	cleanup_zoho_username
discourse	clnpzh	consonants	cleanup_zoho_username
discourse	cleanu_pzoho_username	typo	cleanup_zoho_username
discourse	cle*use	glob	cleanup_zoho_username
discourse	seeengdes	abbr3	seed_english_descriptions
discourse	seende	abbr2	seed_english_descriptions
discourse	seedescriptions	first+last	seed_english_descriptions
discourse	sdngls	consonants	seed_english_descriptions
discourse	seed_english_decsriptions	typo	seed_english_descriptions
discourse	see*des	glob	seed_english_descriptions
discourse	addloctopos	abbr3	AddLocaleToPost
discourse	adlotopo	abbr2	AddLocaleToPost
discourse	addlcl	consonants	AddLocaleToPost
discourse	addlocaleotpost	typo	AddLocaleToPost
discourse	add*pos	glob	AddLocaleToPost
discourse	notdatmer	abbr3	NotificationDataMerger
discourse	nodame	abbr2	NotificationDataMerger
discourse	notmerger	first+last	NotificationDataMerger
discourse	ntfctn	consonants	NotificationDataMerger
discourse	notificatinodatamerger	typo	NotificationDataMerger
discourse	not*mer	glob	NotificationDataMerger
discourse	resnodref	abbr3	resolve_node_ref!
discourse	renore	abbr2	resolve_node_ref!
discourse	resref	first+last	resolve_node_ref!
discourse	rslvnd	consonants	resolve_node_ref!
discourse	resolve_noed_ref!	typo	resolve_node_ref!
discourse	res*ref	glob	resolve_node_ref!
discourse	concla	abbr3	connectorClass
discourse	cocl	abbr2	connectorClass
discourse	conclass	first+last	connectorClass
discourse	cnnctr	consonants	connectorClass
discourse	connectorclsas	typo	connectorClass
discourse	con*cla	glob	connectorClass
discourse	valconpat	abbr3	validate_config_path!
discourse	vacopa	abbr2	validate_config_path!
discourse	valpath	first+last	validate_config_path!
discourse	vldtcn	consonants	validate_config_path!
discourse	validate_config_ptah!	typo	validate_config_path!
discourse	val*pat	glob	validate_config_path!
discourse	finpretrulev	abbr3	find_previous_trust_level
discourse	fiprtrle	abbr2	find_previous_trust_level
discourse	finlevel	first+last	find_previous_trust_level
discourse	fndprv	consonants	find_previous_trust_level
discourse	fnid_previous_trust_level	typo	find_previous_trust_level
discourse	fin*lev	glob	find_previous_trust_level
discourse	mulcac	abbr3	MultiCache
discourse	muca	abbr2	MultiCache
discourse	mulcache	first+last	MultiCache
discourse	mltcch	consonants	MultiCache
discourse	multiccahe	typo	MultiCache
discourse	mul*cac	glob	MultiCache
discourse	despro	abbr3	destroyProduct
discourse	desproduct	first+last	destroyProduct
discourse	dstryp	consonants	destroyProduct
discourse	destroyprdouct	typo	destroyProduct
discourse	des*pro	glob	destroyProduct
discourse	loadarcolsch	abbr3	loadDarkColorScheme
discourse	lodacosc	abbr2	loadDarkColorScheme
discourse	loascheme	first+last	loadDarkColorScheme
discourse	lddrkc	consonants	loadDarkColorScheme
discourse	loaddarkcoolrscheme	typo	loadDarkColorScheme
discourse	loa*sch	glob	loadDarkColorScheme
discourse	taggroser	abbr3	TagGroupSerializer
discourse	tagrse	abbr2	TagGroupSerializer
discourse	tggrps	consonants	TagGroupSerializer
discourse	taggroupserialiezr	typo	TagGroupSerializer
discourse	tag*ser	glob	TagGroupSerializer
discourse	mdls	consonants	modals
discourse	modlas	typo	modals
discourse	abopaguselis	abbr3	AboutPageUsersList
discourse	abpausli	abbr2	AboutPageUsersList
discourse	abolist	first+last	AboutPageUsersList
discourse	abtpgs	consonants	AboutPageUsersList
discourse	abuotpageuserslist	typo	AboutPageUsersList
discourse	abo*lis	glob	AboutPageUsersList
discourse	comresref	abbr3	compatibility_resolved_ref
discourse	comref	first+last	compatibility_resolved_ref
discourse	cmptbl	consonants	compatibility_resolved_ref
discourse	compaitbility_resolved_ref	typo	compatibility_resolved_ref
discourse	com*ref	glob	compatibility_resolved_ref
discourse	protem	abbr3	process_templates
discourse	prte	abbr2	process_templates
discourse	protemplates	first+last	process_templates
discourse	prcsst	consonants	process_templates
discourse	pro*tem	glob	process_templates
discourse	wndw	consonants	Window
discourse	wnidow	typo	Window
discourse	quosum	abbr3	quota_summary
discourse	qusu	abbr2	quota_summary
discourse	quosummary	first+last	quota_summary
discourse	qtsmmr	consonants	quota_summary
discourse	qutoa_summary	typo	quota_summary
discourse	quo*sum	glob	quota_summary
discourse	maibropagrol	abbr3	MaintainBrowserPageviewRollups
discourse	mabrparo	abbr2	MaintainBrowserPageviewRollups
discourse	mairollups	first+last	MaintainBrowserPageviewRollups
discourse	mntnbr	consonants	MaintainBrowserPageviewRollups
discourse	maintainbrowserpageviewrlolups	typo	MaintainBrowserPageviewRollups
discourse	mai*rol	glob	MaintainBrowserPageviewRollups
discourse	upddes	abbr3	updateDescription
discourse	upde	abbr2	updateDescription
discourse	upddescription	first+last	updateDescription
discourse	updtds	consonants	updateDescription
discourse	updatedesrciption	typo	updateDescription
discourse	upd*des	glob	updateDescription
discourse	distit	abbr3	dismissTitle
discourse	diti	abbr2	dismissTitle
discourse	distitle	first+last	dismissTitle
discourse	dsmsst	consonants	dismissTitle
discourse	disimsstitle	typo	dismissTitle
discourse	dis*tit	glob	dismissTitle
discourse	valsha	abbr3	valid_sha1?
discourse	vash	abbr2	valid_sha1?
discourse	valsha1	first+last	valid_sha1?
discourse	vldsh1	consonants	valid_sha1?
discourse	valids_ha1?	typo	valid_sha1?
discourse	val*sha	glob	valid_sha1?
discourse	quopar	abbr3	quota_params
discourse	qupa	abbr2	quota_params
discourse	quoparams	first+last	quota_params
discourse	qtprms	consonants	quota_params
discourse	quotap_arams	typo	quota_params
discourse	quo*par	glob	quota_params
discourse	tognotena	abbr3	toggle_not_enabled
discourse	tonoen	abbr2	toggle_not_enabled
discourse	togenabled	first+last	toggle_not_enabled
discourse	tgglnt	consonants	toggle_not_enabled
discourse	toggle_note_nabled	typo	toggle_not_enabled
discourse	tog*ena	glob	toggle_not_enabled
discourse	aiagecre	abbr3	ai_agent_creator
discourse	aiagcr	abbr2	ai_agent_creator
discourse	aicreator	first+last	ai_agent_creator
discourse	agntcr	consonants	ai_agent_creator
discourse	ai_aegnt_creator	typo	ai_agent_creator
discourse	ai*cre	glob	ai_agent_creator
discourse	hasico	abbr3	has_icon?
discourse	haic	abbr2	has_icon?
discourse	hasicon	first+last	has_icon?
discourse	hscn?	consonants	has_icon?
discourse	has_icno?	typo	has_icon?
discourse	has*ico	glob	has_icon?
discourse	toocal	abbr3	ToolCall
discourse	toca	abbr2	ToolCall
discourse	toocall	first+last	ToolCall
discourse	tlcll	consonants	ToolCall
discourse	tooclall	typo	ToolCall
discourse	too*cal	glob	ToolCall
discourse	rescat	abbr3	restricted_category
discourse	rescategory	first+last	restricted_category
discourse	rstrct	consonants	restricted_category
discourse	restricetd_category	typo	restricted_category
discourse	res*cat	glob	restricted_category
discourse	rps	consonants	repos
discourse	accenc	abbr3	ACCEPT_ENCODING
discourse	acen	abbr2	ACCEPT_ENCODING
discourse	accencoding	first+last	ACCEPT_ENCODING
discourse	accptn	consonants	ACCEPT_ENCODING
discourse	accept_encoidng	typo	ACCEPT_ENCODING
discourse	acc*enc	glob	ACCEPT_ENCODING
discourse	tesmesnexpag	abbr3	test_messages_next_page
discourse	temenepa	abbr2	test_messages_next_page
discourse	tespage	first+last	test_messages_next_page
discourse	tstmss	consonants	test_messages_next_page
discourse	test_messgaes_next_page	typo	test_messages_next_page
discourse	tes*pag	glob	test_messages_next_page
discourse	fl!	consonants	fail!
discourse	pmwitnonhumuse	abbr3	pm_with_non_human_user?
discourse	pmwinohuus	abbr2	pm_with_non_human_user?
discourse	pmuser	first+last	pm_with_non_human_user?
discourse	pmwthn	consonants	pm_with_non_human_user?
discourse	pm_with_non_humanu_ser?	typo	pm_with_non_human_user?
discourse	pm*use	glob	pm_with_non_human_user?
discourse	admanarou	abbr3	AdminAnalyticsRoute
discourse	adanro	abbr2	AdminAnalyticsRoute
discourse	admroute	first+last	AdminAnalyticsRoute
discourse	admnnl	consonants	AdminAnalyticsRoute
discourse	adminanalyticsrotue	typo	AdminAnalyticsRoute
discourse	adm*rou	glob	AdminAnalyticsRoute
discourse	nms	consonants	NAMES
discourse	hanpas	abbr3	handlePaste
discourse	hapa	abbr2	handlePaste
discourse	hanpaste	first+last	handlePaste
discourse	hndlps	consonants	handlePaste
discourse	handlpeaste	typo	handlePaste
discourse	han*pas	glob	handlePaste
discourse	encarr	abbr3	encode_array
discourse	enar	abbr2	encode_array
discourse	encarray	first+last	encode_array
discourse	encdrr	consonants	encode_array
discourse	ecnode_array	typo	encode_array
discourse	enc*arr	glob	encode_array
discourse	canunh	abbr3	can_unhide?
discourse	caun	abbr2	can_unhide?
discourse	canunhide	first+last	can_unhide?
discourse	cnnhd?	consonants	can_unhide?
discourse	ca_nunhide?	typo	can_unhide?
discourse	can*unh	glob	can_unhide?
discourse	decautcoo	abbr3	DECRYPTED_AUTH_COOKIE
discourse	deauco	abbr2	DECRYPTED_AUTH_COOKIE
discourse	deccookie	first+last	DECRYPTED_AUTH_COOKIE
discourse	dcrypt	consonants	DECRYPTED_AUTH_COOKIE
discourse	decrypted_authc_ookie	typo	DECRYPTED_AUTH_COOKIE
discourse	dec*coo	glob	DECRYPTED_AUTH_COOKIE
discourse	canlintag	abbr3	canonical_link_tag
discourse	calita	abbr2	canonical_link_tag
discourse	cantag	first+last	canonical_link_tag
discourse	cnncll	consonants	canonical_link_tag
discourse	canonical_linkt_ag	typo	canonical_link_tag
discourse	can*tag	glob	canonical_link_tag
discourse	shasesredkey	abbr3	shared_session_redis_key
discourse	shsereke	abbr2	shared_session_redis_key
discourse	shakey	first+last	shared_session_redis_key
discourse	shrdss	consonants	shared_session_redis_key
discourse	sha*key	glob	shared_session_redis_key
discourse	feddeftes	abbr3	FederalreserveDefinitionTests
discourse	fedete	abbr2	FederalreserveDefinitionTests
discourse	fedtests	first+last	FederalreserveDefinitionTests
discourse	fdrlrs	consonants	FederalreserveDefinitionTests
discourse	feedralreservedefinitiontests	typo	FederalreserveDefinitionTests
discourse	fed*tes	glob	FederalreserveDefinitionTests
discourse	groactind	abbr3	GroupActivityIndex
discourse	gracin	abbr2	GroupActivityIndex
discourse	groindex	first+last	GroupActivityIndex
discourse	grpctv	consonants	GroupActivityIndex
discourse	gorupactivityindex	typo	GroupActivityIndex
discourse	gro*ind	glob	GroupActivityIndex
discourse	pergroidsque	abbr3	permitted_group_ids_query
discourse	pegridqu	abbr2	permitted_group_ids_query
discourse	perquery	first+last	permitted_group_ids_query
discourse	prmttd	consonants	permitted_group_ids_query
discourse	permitted_gorup_ids_query	typo	permitted_group_ids_query
discourse	per*que	glob	permitted_group_ids_query
discourse	dronotnul	abbr3	DropNotNull
discourse	drnonu	abbr2	DropNotNull
discourse	dronull	first+last	DropNotNull
discourse	drpntn	consonants	DropNotNull
discourse	dronpotnull	typo	DropNotNull
discourse	dro*nul	glob	DropNotNull
discourse	resargcou	abbr3	resetArgCounter
discourse	rearco	abbr2	resetArgCounter
discourse	rescounter	first+last	resetArgCounter
discourse	rstrgc	consonants	resetArgCounter
discourse	resetargcoutner	typo	resetArgCounter
discourse	res*cou	glob	resetArgCounter
discourse	powautpro	abbr3	PowerAutomateProvider
discourse	poaupr	abbr2	PowerAutomateProvider
discourse	powprovider	first+last	PowerAutomateProvider
discourse	pwrtmt	consonants	PowerAutomateProvider
discourse	powerautoamteprovider	typo	PowerAutomateProvider
discourse	pow*pro	glob	PowerAutomateProvider
discourse	querescac	abbr3	QueryResultCache
discourse	qureca	abbr2	QueryResultCache
discourse	quecache	first+last	QueryResultCache
discourse	qryrsl	consonants	QueryResultCache
discourse	queyrresultcache	typo	QueryResultCache
discourse	que*cac	glob	QueryResultCache
discourse	ordcou	abbr3	ordinal_counter
discourse	orco	abbr2	ordinal_counter
discourse	ordcounter	first+last	ordinal_counter
discourse	ordnlc	consonants	ordinal_counter
discourse	ordinal_counetr	typo	ordinal_counter
discourse	ord*cou	glob	ordinal_counter
discourse	scofor	abbr3	scores_for
discourse	scfo	abbr2	scores_for
discourse	scrsfr	consonants	scores_for
discourse	scorse_for	typo	scores_for
discourse	sco*for	glob	scores_for
discourse	triautlinforvidsinpla	abbr3	TriggerAutoLinkingForVideosSincePlaceholder
discourse	traulifovisipl	abbr2	TriggerAutoLinkingForVideosSincePlaceholder
discourse	triplaceholder	first+last	TriggerAutoLinkingForVideosSincePlaceholder
discourse	trggrt	consonants	TriggerAutoLinkingForVideosSincePlaceholder
discourse	triggerautolinkingforvideossinceplacheolder	typo	TriggerAutoLinkingForVideosSincePlaceholder
discourse	tri*pla	glob	TriggerAutoLinkingForVideosSincePlaceholder
discourse	comusesta	abbr3	compute_user_stats
discourse	cousst	abbr2	compute_user_stats
discourse	comstats	first+last	compute_user_stats
discourse	cmptsr	consonants	compute_user_stats
discourse	compute_users_tats	typo	compute_user_stats
discourse	com*sta	glob	compute_user_stats
discourse	repcou	abbr3	replyCount
discourse	repcount	first+last	replyCount
discourse	rplycn	consonants	replyCount
discourse	replcyount	typo	replyCount
discourse	rep*cou	glob	replyCount
discourse	trry	consonants	to_array
discourse	to_arary	typo	to_array
discourse	to*arr	glob	to_array
discourse	isbase	first+last	is_base
discourse	isbs	consonants	is_base
discourse	i_sbase	typo	is_base
discourse	is*bas	glob	is_base
discourse	audplahtm	abbr3	audio_placeholder_html
discourse	auplht	abbr2	audio_placeholder_html
discourse	audhtml	first+last	audio_placeholder_html
discourse	adplch	consonants	audio_placeholder_html
discourse	audi_oplaceholder_html	typo	audio_placeholder_html
discourse	aud*htm	glob	audio_placeholder_html
discourse	resemb	abbr3	restrict_embed?
discourse	reem	abbr2	restrict_embed?
discourse	resembed	first+last	restrict_embed?
discourse	retsrict_embed?	typo	restrict_embed?
discourse	res*emb	glob	restrict_embed?
discourse	allchachamen	abbr3	allow_chat_channel_mentions
discourse	alchchme	abbr2	allow_chat_channel_mentions
discourse	allmentions	first+last	allow_chat_channel_mentions
discourse	allwch	consonants	allow_chat_channel_mentions
discourse	allow_chat_channel_mentoins	typo	allow_chat_channel_mentions
discourse	all*men	glob	allow_chat_channel_mentions
discourse	ensresisena	abbr3	ensure_restore_is_enabled
discourse	enreisen	abbr2	ensure_restore_is_enabled
discourse	ensenabled	first+last	ensure_restore_is_enabled
discourse	ensrrs	consonants	ensure_restore_is_enabled
discourse	ensur_erestore_is_enabled	typo	ensure_restore_is_enabled
discourse	ens*ena	glob	ensure_restore_is_enabled
discourse	impans	abbr3	import_answers
discourse	iman	abbr2	import_answers
discourse	impanswers	first+last	import_answers
discourse	imprtn	consonants	import_answers
discourse	import_anwsers	typo	import_answers
discourse	imp*ans	glob	import_answers
discourse	hasgoista	abbr3	has_going_status?
discourse	hagost	abbr2	has_going_status?
discourse	hasstatus	first+last	has_going_status?
discourse	hsgngs	consonants	has_going_status?
discourse	hsa_going_status?	typo	has_going_status?
discourse	has*sta	glob	has_going_status?
discourse	lclztn	consonants	localizations
discourse	localiaztions	typo	localizations
discourse	reghigjsp	abbr3	registerHighlightJSPlugin
discourse	rehijs	abbr2	registerHighlightJSPlugin
discourse	regjsplugin	first+last	registerHighlightJSPlugin
discourse	rgstrh	consonants	registerHighlightJSPlugin
discourse	registerhighlightjslpugin	typo	registerHighlightJSPlugin
discourse	reg*jsp	glob	registerHighlightJSPlugin
discourse	mtdt	consonants	metadata
discourse	metadtaa	typo	metadata
discourse	parmat	abbr3	ParamMatch
discourse	pama	abbr2	ParamMatch
discourse	parmatch	first+last	ParamMatch
discourse	prmmtc	consonants	ParamMatch
discourse	paarmmatch	typo	ParamMatch
discourse	par*mat	glob	ParamMatch
discourse	checon	abbr3	check_confirmation
discourse	chco	abbr2	check_confirmation
discourse	checonfirmation	first+last	check_confirmation
discourse	chckcn	consonants	check_confirmation
discourse	check_cnofirmation	typo	check_confirmation
discourse	che*con	glob	check_confirmation
discourse	buipenact	abbr3	build_penalty_actions
discourse	bupeac	abbr2	build_penalty_actions
discourse	buiactions	first+last	build_penalty_actions
discourse	bldpnl	consonants	build_penalty_actions
discourse	buildp_enalty_actions	typo	build_penalty_actions
discourse	bui*act	glob	build_penalty_actions
discourse	depo	abbr2	DevPopulator
discourse	dvpplt	consonants	DevPopulator
discourse	dvepopulator	typo	DevPopulator
discourse	dev*pop	glob	DevPopulator
discourse	finbytyp	abbr3	find_by_type
discourse	fibyty	abbr2	find_by_type
discourse	fintype	first+last	find_by_type
discourse	fndbyt	consonants	find_by_type
discourse	find_yb_type	typo	find_by_type
discourse	fin*typ	glob	find_by_type
discourse	admconsecrou	abbr3	AdminConfigSecurityRoute
discourse	adcosero	abbr2	AdminConfigSecurityRoute
discourse	admncn	consonants	AdminConfigSecurityRoute
discourse	adminconfigsceurityroute	typo	AdminConfigSecurityRoute
discourse	subseckey	abbr3	submit_security_key
discourse	suseke	abbr2	submit_security_key
discourse	subkey	first+last	submit_security_key
discourse	sbmtsc	consonants	submit_security_key
discourse	sumbit_security_key	typo	submit_security_key
discourse	sub*key	glob	submit_security_key
discourse	selkitempfil	abbr3	selectKitEmptyFilter
discourse	sekiemfi	abbr2	selectKitEmptyFilter
discourse	selfilter	first+last	selectKitEmptyFilter
discourse	slctkt	consonants	selectKitEmptyFilter
discourse	selectkitempytfilter	typo	selectKitEmptyFilter
discourse	sel*fil	glob	selectKitEmptyFilter
discourse	calthrran	abbr3	calculate_thread_ranges
discourse	cathra	abbr2	calculate_thread_ranges
discourse	calranges	first+last	calculate_thread_ranges
discourse	clcltt	consonants	calculate_thread_ranges
discourse	calculaet_thread_ranges	typo	calculate_thread_ranges
discourse	cal*ran	glob	calculate_thread_ranges
discourse	subtoaigen	abbr3	subscribeToAiGeneration
discourse	sutoaige	abbr2	subscribeToAiGeneration
discourse	subgeneration	first+last	subscribeToAiGeneration
discourse	sbscrb	consonants	subscribeToAiGeneration
discourse	subscribteoaigeneration	typo	subscribeToAiGeneration
discourse	sub*gen	glob	subscribeToAiGeneration
discourse	brnch	consonants	branch
discourse	bracnh	typo	branch
discourse	adddigattattousesta	abbr3	AddDigestAttemptedAtToUserStats
discourse	addiatattousst	abbr2	AddDigestAttemptedAtToUserStats
discourse	adddgs	consonants	AddDigestAttemptedAtToUserStats
discourse	adddgiestattemptedattouserstats	typo	AddDigestAttemptedAtToUserStats
discourse	add*sta	glob	AddDigestAttemptedAtToUserStats
discourse	emoinpsel	abbr3	EMOJI_INPUT_SELECTOR
discourse	eminse	abbr2	EMOJI_INPUT_SELECTOR
discourse	emoselector	first+last	EMOJI_INPUT_SELECTOR
discourse	emjnpt	consonants	EMOJI_INPUT_SELECTOR
discourse	emoji_input_eslector	typo	EMOJI_INPUT_SELECTOR
discourse	emo*sel	glob	EMOJI_INPUT_SELECTOR
discourse	uplaod	typo	upload
discourse	defpolintsec	abbr3	DEFAULT_POLL_INTERVAL_SECONDS
discourse	depoinse	abbr2	DEFAULT_POLL_INTERVAL_SECONDS
discourse	defseconds	first+last	DEFAULT_POLL_INTERVAL_SECONDS
discourse	dfltpl	consonants	DEFAULT_POLL_INTERVAL_SECONDS
discourse	default_poll_itnerval_seconds	typo	DEFAULT_POLL_INTERVAL_SECONDS
discourse	def*sec	glob	DEFAULT_POLL_INTERVAL_SECONDS
discourse	cacevebytopid	abbr3	cachedEventByTopicId
discourse	caevbytoid	abbr2	cachedEventByTopicId
discourse	cacid	first+last	cachedEventByTopicId
discourse	cchdvn	consonants	cachedEventByTopicId
discourse	cacheedventbytopicid	typo	cachedEventByTopicId
discourse	cac*id	glob	cachedEventByTopicId
discourse	distopconshi	abbr3	DiscoveryTopicsControllerShim
discourse	ditocosh	abbr2	DiscoveryTopicsControllerShim
discourse	disshim	first+last	DiscoveryTopicsControllerShim
discourse	dscvry	consonants	DiscoveryTopicsControllerShim
discourse	discovertyopicscontrollershim	typo	DiscoveryTopicsControllerShim
discourse	dis*shi	glob	DiscoveryTopicsControllerShim
discourse	badsch	abbr3	BADGE_SCHEMA
discourse	basc	abbr2	BADGE_SCHEMA
discourse	badschema	first+last	BADGE_SCHEMA
discourse	bdgsch	consonants	BADGE_SCHEMA
discourse	badeg_schema	typo	BADGE_SCHEMA
discourse	bad*sch	glob	BADGE_SCHEMA
discourse	fetver	abbr3	fetch_version
discourse	feve	abbr2	fetch_version
discourse	fetversion	first+last	fetch_version
discourse	ftchvr	consonants	fetch_version
discourse	fethc_version	typo	fetch_version
discourse	fet*ver	glob	fetch_version
discourse	embimareg	abbr3	EMBEDDED_IMAGE_REGEX
discourse	emimre	abbr2	EMBEDDED_IMAGE_REGEX
discourse	embregex	first+last	EMBEDDED_IMAGE_REGEX
discourse	embddd	consonants	EMBEDDED_IMAGE_REGEX
discourse	embedded_imager_egex	typo	EMBEDDED_IMAGE_REGEX
discourse	emb*reg	glob	EMBEDDED_IMAGE_REGEX
tokio	ScopeInnerErr	exact	ScopeInnerErr
tokio	scope_inner_err	case	ScopeInnerErr
tokio	scoinnerr	abbr3	ScopeInnerErr
tokio	sciner	abbr2	ScopeInnerErr
tokio	scpnnr	consonants	ScopeInnerErr
tokio	ScopIennerErr	typo	ScopeInnerErr
tokio	sco*err	glob	ScopeInnerErr
tokio	scoerr	first+last	ScopeInnerErr
tokio	stream	exact	stream
tokio	strm	consonants	stream
tokio	strema	typo	stream
tokio	IoDriver	exact	IoDriver
tokio	io_driver	case	IoDriver
tokio	idrvr	consonants	IoDriver
tokio	IoDirver	typo	IoDriver
tokio	io*dri	glob	IoDriver
tokio	chunk_mut	exact	chunk_mut
tokio	chunkMut	case	chunk_mut
tokio	chumut	abbr3	chunk_mut
tokio	chmu	abbr2	chunk_mut
tokio	chnkmt	consonants	chunk_mut
tokio	hcunk_mut	typo	chunk_mut
tokio	chu*mut	glob	chunk_mut
tokio	chumut	first+last	chunk_mut
tokio	ReadBuf::chunk_mut	qualified	chunk_mut
tokio	ReadBuf	exact	ReadBuf
tokio	read_buf	case	ReadBuf
tokio	reabuf	abbr3	ReadBuf
tokio	rebu	abbr2	ReadBuf
tokio	rdbf	consonants	ReadBuf
tokio	ReaduBf	typo	ReadBuf
tokio	rea*buf	glob	ReadBuf
tokio	reabuf	first+last	ReadBuf
tokio	read_with_smaller_buf	exact	read_with_smaller_buf
tokio	readWithSmallerBuf	case	read_with_smaller_buf
tokio	reawitsmabuf	abbr3	read_with_smaller_buf
tokio	rewismbu	abbr2	read_with_smaller_buf
tokio	rdwths	consonants	read_with_smaller_buf
tokio	read_with_smlaler_buf	typo	read_with_smaller_buf
tokio	rea*buf	glob	read_with_smaller_buf
tokio	reabuf	first+last	read_with_smaller_buf
tokio	peer_cred	exact	peer_cred
tokio	peerCred	case	peer_cred
tokio	peecre	abbr3	peer_cred
tokio	pecr	abbr2	peer_cred
tokio	prcrd	consonants	peer_cred
tokio	pee_rcred	typo	peer_cred
tokio	pee*cre	glob	peer_cred
tokio	peecred	first+last	peer_cred
tokio	UnixStream::peer_cred	qualified	peer_cred
tokio	pop_back	exact	pop_back
tokio	popBack	case	pop_back
tokio	popbac	abbr3	pop_back
tokio	poba	abbr2	pop_back
tokio	ppbck	consonants	pop_back
tokio	ppo_back	typo	pop_back
tokio	pop*bac	glob	pop_back
tokio	popback	first+last	pop_back
tokio	LinkedList::pop_back	qualified	pop_back
tokio	write_all_buf	exact	write_all_buf
tokio	writeAllBuf	case	write_all_buf
tokio	wriallbuf	abbr3	write_all_buf
tokio	wralbu	abbr2	write_all_buf
tokio	wrtllb	consonants	write_all_buf
tokio	writea_ll_buf	typo	write_all_buf
tokio	wri*buf	glob	write_all_buf
tokio	wribuf	first+last	write_all_buf
tokio	is_write_closed	exact	is_write_closed
tokio	isWriteClosed	case	is_write_closed
tokio	iswriclo	abbr3	is_write_closed
tokio	iswrcl	abbr2	is_write_closed
tokio	iswrtc	consonants	is_write_closed
tokio	is_write_cloesd	typo	is_write_closed
tokio	is*clo	glob	is_write_closed
tokio	isclosed	first+last	is_write_closed
tokio	Ready::is_write_closed	qualified	is_write_closed
tokio	async_write	exact	async_write
tokio	asyncWrite	case	async_write
tokio	asywri	abbr3	async_write
tokio	aswr	abbr2	async_write
tokio	asyncw_rite	typo	async_write
tokio	asy*wri	glob	async_write
tokio	asywrite	first+last	async_write
tokio	NUM_UNPARKS_LOCAL	exact	NUM_UNPARKS_LOCAL
tokio	numUnparksLocal	case	NUM_UNPARKS_LOCAL
tokio	numunploc	abbr3	NUM_UNPARKS_LOCAL
tokio	nuunlo	abbr2	NUM_UNPARKS_LOCAL
tokio	nmnprk	consonants	NUM_UNPARKS_LOCAL
tokio	NUM_UNPARKS_LCOAL	typo	NUM_UNPARKS_LOCAL
tokio	num*loc	glob	NUM_UNPARKS_LOCAL
tokio	numlocal	first+last	NUM_UNPARKS_LOCAL
tokio	read_i16_le	exact	read_i16_le
tokio	readI16Le	case	read_i16_le
tokio	reai16le	abbr3	read_i16_le
tokio	rei16le	abbr2	read_i16_le
tokio	rdl	consonants	read_i16_le
tokio	rea_di16_le	typo	read_i16_le
tokio	rea*le	glob	read_i16_le
tokio	reale	first+last	read_i16_le
tokio	Config	exact	Config
tokio	cnfg	consonants	Config
tokio	Cofnig	typo	Config
tokio	linger	exact	linger
tokio	lngr	consonants	linger
tokio	ilnger	typo	linger
tokio	TcpSocket::linger	qualified	linger
tokio	num_searching	exact	num_searching
tokio	numSearching	case	num_searching
tokio	numsea	abbr3	num_searching
tokio	nuse	abbr2	num_searching
tokio	nmsrch	consonants	num_searching
tokio	num_searhcing	typo	num_searching
tokio	num*sea	glob	num_searching
tokio	numsearching	first+last	num_searching
tokio	State::num_searching	qualified	num_searching
tokio	try_into_panic	exact	try_into_panic
tokio	tryIntoPanic	case	try_into_panic
tokio	tryintpan	abbr3	try_into_panic
tokio	trinpa	abbr2	try_into_panic
tokio	tryntp	consonants	try_into_panic
tokio	try_into_pnaic	typo	try_into_panic
tokio	try*pan	glob	try_into_panic
tokio	trypanic	first+last	try_into_panic
tokio	JoinError::try_into_panic	qualified	try_into_panic
tokio	AcquireError	exact	AcquireError
tokio	acquire_error	case	AcquireError
tokio	acqerr	abbr3	AcquireError
tokio	acer	abbr2	AcquireError
tokio	acqrrr	consonants	AcquireError
tokio	AcquireErorr	typo	AcquireError
tokio	acq*err	glob	AcquireError
tokio	acqerror	first+last	AcquireError
tokio	parking_lot	exact	parking_lot
tokio	parkingLot	case	parking_lot
tokio	parlot	abbr3	parking_lot
tokio	palo	abbr2	parking_lot
tokio	prkngl	consonants	parking_lot
tokio	parikng_lot	typo	parking_lot
tokio	par*lot	glob	parking_lot
tokio	parlot	first+last	parking_lot
tokio	contains	exact	contains
tokio	cntns	consonants	contains
tokio	ocntains	typo	contains
tokio	Ready::contains	qualified	contains
tokio	bytes	exact	bytes
tokio	byts	consonants	bytes
tokio	ybtes	typo	bytes
tokio	Buf::bytes	qualified	bytes
tokio	time	exact	time
tokio	OwnedNotified	exact	OwnedNotified
tokio	owned_notified	case	OwnedNotified
tokio	ownnot	abbr3	OwnedNotified
tokio	owno	abbr2	OwnedNotified
tokio	owndnt	consonants	OwnedNotified
tokio	OwendNotified	typo	OwnedNotified
tokio	own*not	glob	OwnedNotified
tokio	ownnotified	first+last	OwnedNotified
tokio	from_iter	exact	from_iter
tokio	fromIter	case	from_iter
tokio	froite	abbr3	from_iter
tokio	frit	abbr2	from_iter
tokio	frmtr	consonants	from_iter
tokio	frmo_iter	typo	from_iter
tokio	fro*ite	glob	from_iter
tokio	froiter	first+last	from_iter
tokio	JoinSet::from_iter	qualified	from_iter
tokio	CoreGuard	exact	CoreGuard
tokio	core_guard	case	CoreGuard
tokio	corgua	abbr3	CoreGuard
tokio	cogu	abbr2	CoreGuard
tokio	crgrd	consonants	CoreGuard
tokio	CoreuGard	typo	CoreGuard
tokio	cor*gua	glob	CoreGuard
tokio	corguard	first+last	CoreGuard
tokio	CURRENT_THREAD_PARK_COUNT	exact	CURRENT_THREAD_PARK_COUNT
tokio	currentThreadParkCount	case	CURRENT_THREAD_PARK_COUNT
tokio	curthrparcou	abbr3	CURRENT_THREAD_PARK_COUNT
tokio	cuthpaco	abbr2	CURRENT_THREAD_PARK_COUNT
tokio	crrntt	consonants	CURRENT_THREAD_PARK_COUNT
tokio	CURRENT_THRAED_PARK_COUNT	typo	CURRENT_THREAD_PARK_COUNT
tokio	cur*cou	glob	CURRENT_THREAD_PARK_COUNT
tokio	curcount	first+last	CURRENT_THREAD_PARK_COUNT
tokio	ChildStderr	exact	ChildStderr
tokio	child_stderr	case	ChildStderr
tokio	chistd	abbr3	ChildStderr
tokio	chst	abbr2	ChildStderr
tokio	chldst	consonants	ChildStderr
tokio	ChildStdrer	typo	ChildStderr
tokio	chi*std	glob	ChildStderr
tokio	chistderr	first+last	ChildStderr
tokio	worker_to_notify	exact	worker_to_notify
tokio	workerToNotify	case	worker_to_notify
tokio	wortonot	abbr3	worker_to_notify
tokio	wotono	abbr2	worker_to_notify
tokio	wrkrtn	consonants	worker_to_notify
tokio	worker_to_notfiy	typo	worker_to_notify
tokio	wor*not	glob	worker_to_notify
tokio	wornotify	first+last	worker_to_notify
tokio	Idle::worker_to_notify	qualified	worker_to_notify
tokio	set_reuseaddr	exact	set_reuseaddr
tokio	setReuseaddr	case	set_reuseaddr
tokio	setreu	abbr3	set_reuseaddr
tokio	sere	abbr2	set_reuseaddr
tokio	strsdd	consonants	set_reuseaddr
tokio	set_rueseaddr	typo	set_reuseaddr
tokio	set*reu	glob	set_reuseaddr
tokio	setreuseaddr	first+last	set_reuseaddr
tokio	TcpSocket::set_reuseaddr	qualified	set_reuseaddr
tokio	AsyncWriteExt	exact	AsyncWriteExt
tokio	async_write_ext	case	AsyncWriteExt
tokio	asywriext	abbr3	AsyncWriteExt
tokio	aswrex	abbr2	AsyncWriteExt
tokio	AsyncrWiteExt	typo	AsyncWriteExt
tokio	asy*ext	glob	AsyncWriteExt
tokio	asyext	first+last	AsyncWriteExt
tokio	join_map	exact	join_map
tokio	joinMap	case	join_map
tokio	joimap	abbr3	join_map
tokio	joma	abbr2	join_map
tokio	jnmp	consonants	join_map
tokio	ojin_map	typo	join_map
tokio	joi*map	glob	join_map
tokio	joimap	first+last	join_map
tokio	bitand	exact	bitand
tokio	btnd	consonants	bitand
tokio	biatnd	typo	bitand
tokio	Ready::bitand	qualified	bitand
tokio	next_expiration_time	exact	next_expiration_time
tokio	nextExpirationTime	case	next_expiration_time
tokio	nexexptim	abbr3	next_expiration_time
tokio	neexti	abbr2	next_expiration_time
tokio	nxtxpr	consonants	next_expiration_time
tokio	next_expirationt_ime	typo	next_expiration_time
tokio	nex*tim	glob	next_expiration_time
tokio	nextime	first+last	next_expiration_time
tokio	Wheel::next_expiration_time	qualified	next_expiration_time
tokio	Context	exact	Context
tokio	cntxt	consonants	Context
tokio	Contxet	typo	Context
tokio	select_priv_clean_pattern	exact	select_priv_clean_pattern
tokio	selectPrivCleanPattern	case	select_priv_clean_pattern
tokio	selpriclepat	abbr3	select_priv_clean_pattern
tokio	seprclpa	abbr2	select_priv_clean_pattern
tokio	slctpr	consonants	select_priv_clean_pattern
tokio	select_priv_cleanp_attern	typo	select_priv_clean_pattern
tokio	sel*pat	glob	select_priv_clean_pattern
tokio	selpattern	first+last	select_priv_clean_pattern
tokio	borrow	exact	borrow
tokio	brrw	consonants	borrow
tokio	obrrow	typo	borrow
tokio	Receiver::borrow	qualified	borrow
tokio	open_read	exact	open_read
tokio	openRead	case	open_read
tokio	operea	abbr3	open_read
tokio	opre	abbr2	open_read
tokio	opnrd	consonants	open_read
tokio	poen_read	typo	open_read
tokio	ope*rea	glob	open_read
tokio	operead	first+last	open_read
tokio	read_write	exact	read_write
tokio	readWrite	case	read_write
tokio	reawri	abbr3	read_write
tokio	rewr	abbr2	read_write
tokio	rdwrt	consonants	read_write
tokio	read_wirte	typo	read_write
tokio	rea*wri	glob	read_write
tokio	reawrite	first+last	read_write
tokio	OpenOptions::read_write	qualified	read_write
tokio	skip_drop	exact	skip_drop
tokio	skipDrop	case	skip_drop
tokio	skidro	abbr3	skip_drop
tokio	skdr	abbr2	skip_drop
tokio	skpdrp	consonants	skip_drop
tokio	skip_dorp	typo	skip_drop
tokio	ski*dro	glob	skip_drop
tokio	skidrop	first+last	skip_drop
tokio	OwnedMappedMutexGuard::skip_drop	qualified	skip_drop
tokio	capacity	exact	capacity
tokio	cpcty	consonants	capacity
tokio	capaciyt	typo	capacity
tokio	JoinMap::capacity	qualified	capacity
tokio	impl_traits	exact	impl_traits
tokio	implTraits	case	impl_traits
tokio	imptra	abbr3	impl_traits
tokio	imtr	abbr2	impl_traits
tokio	impltr	consonants	impl_traits
tokio	impl_rtaits	typo	impl_traits
tokio	imp*tra	glob	impl_traits
tokio	imptraits	first+last	impl_traits
tokio	can_read_output	exact	can_read_output
tokio	canReadOutput	case	can_read_output
tokio	canreaout	abbr3	can_read_output
tokio	careou	abbr2	can_read_output
tokio	cnrdtp	consonants	can_read_output
tokio	cna_read_output	typo	can_read_output
tokio	can*out	glob	can_read_output
tokio	canoutput	first+last	can_read_output
tokio	blocking_check	exact	blocking_check
tokio	blockingCheck	case	blocking_check
tokio	bloche	abbr3	blocking_check
tokio	blch	abbr2	blocking_check
tokio	blckng	consonants	blocking_check
tokio	blocking_hceck	typo	blocking_check
tokio	blo*che	glob	blocking_check
tokio	blocheck	first+last	blocking_check
tokio	poll_join_next_with_id	exact	poll_join_next_with_id
tokio	pollJoinNextWithId	case	poll_join_next_with_id
tokio	poljoinexwitid	abbr3	poll_join_next_with_id
tokio	pojonewiid	abbr2	poll_join_next_with_id
tokio	plljnn	consonants	poll_join_next_with_id
tokio	poll_join_next_withi_d	typo	poll_join_next_with_id
tokio	pol*id	glob	poll_join_next_with_id
tokio	polid	first+last	poll_join_next_with_id
tokio	JoinSet::poll_join_next_with_id	qualified	poll_join_next_with_id
tokio	display	exact	display
tokio	dsply	consonants	display
tokio	idsplay	typo	display
tokio	Tree::display	qualified	display
tokio	COUNT	exact	COUNT
tokio	cnt	consonants	COUNT
tokio	OCUNT	typo	COUNT
tokio	new_receiver	exact	new_receiver
tokio	newReceiver	case	new_receiver
tokio	newrec	abbr3	new_receiver
tokio	nere	abbr2	new_receiver
tokio	nwrcvr	consonants	new_receiver
tokio	new_erceiver	typo	new_receiver
tokio	new*rec	glob	new_receiver
tokio	newreceiver	first+last	new_receiver
tokio	spawn_blocking	exact	spawn_blocking
tokio	spawnBlocking	case	spawn_blocking
tokio	spablo	abbr3	spawn_blocking
tokio	spbl	abbr2	spawn_blocking
tokio	spwnbl	consonants	spawn_blocking
tokio	spawnb_locking	typo	spawn_blocking
tokio	spa*blo	glob	spawn_blocking
tokio	spablocking	first+last	spawn_blocking
tokio	LocalRuntime::spawn_blocking	qualified	spawn_blocking
tokio	with_if_possible	exact	with_if_possible
tokio	withIfPossible	case	with_if_possible
tokio	witifpos	abbr3	with_if_possible
tokio	wiifpo	abbr2	with_if_possible
tokio	wthfps	consonants	with_if_possible
tokio	with_if_psosible	typo	with_if_possible
tokio	wit*pos	glob	with_if_possible
tokio	witpossible	first+last	with_if_possible
tokio	LocalSet::with_if_possible	qualified	with_if_possible
tokio	Out	exact	Out
tokio	__task_local_inner	exact	__task_local_inner
tokio	taskLocalInner	case	__task_local_inner
tokio	taslocinn	abbr3	__task_local_inner
tokio	taloin	abbr2	__task_local_inner
tokio	tsklcl	consonants	__task_local_inner
tokio	__task_lcoal_inner	typo	__task_local_inner
tokio	tas*inn	glob	__task_local_inner
tokio	tasinner	first+last	__task_local_inner
tokio	uring	exact	uring
tokio	urng	consonants	uring
tokio	urnig	typo	uring
tokio	duration_since	exact	duration_since
tokio	durationSince	case	duration_since
tokio	dursin	abbr3	duration_since
tokio	dusi	abbr2	duration_since
tokio	drtnsn	consonants	duration_since
tokio	druation_since	typo	duration_since
tokio	dur*sin	glob	duration_since
tokio	dursince	first+last	duration_since
tokio	Instant::duration_since	qualified	duration_since
tokio	Ready	exact	Ready
tokio	rdy	consonants	Ready
tokio	Reday	typo	Ready
tokio	get_state	exact	get_state
tokio	getState	case	get_state
tokio	getsta	abbr3	get_state
tokio	gest	abbr2	get_state
tokio	gtstt	consonants	get_state
tokio	egt_state	typo	get_state
tokio	get*sta	glob	get_state
tokio	getstate	first+last	get_state
tokio	record_event	exact	record_event
tokio	recordEvent	case	record_event
tokio	receve	abbr3	record_event
tokio	reev	abbr2	record_event
tokio	rcrdvn	consonants	record_event
tokio	record_evnet	typo	record_event
tokio	rec*eve	glob	record_event
tokio	recevent	first+last	record_event
tokio	Globals::record_event	qualified	record_event
tokio	release_pending_registrations	exact	release_pending_registrations
tokio	releasePendingRegistrations	case	release_pending_registrations
tokio	relpenreg	abbr3	release_pending_registrations
tokio	repere	abbr2	release_pending_registrations
tokio	rlspnd	consonants	release_pending_registrations
tokio	reelase_pending_registrations	typo	release_pending_registrations
tokio	rel*reg	glob	release_pending_registrations
tokio	relregistrations	first+last	release_pending_registrations
tokio	Handle::release_pending_registrations	qualified	release_pending_registrations
tokio	acquire	exact	acquire
tokio	acqr	consonants	acquire
tokio	caquire	typo	acquire
tokio	Mutex::acquire	qualified	acquire
tokio	event_info	exact	event_info
tokio	eventInfo	case	event_info
tokio	eveinf	abbr3	event_info
tokio	evin	abbr2	event_info
tokio	evntnf	consonants	event_info
tokio	evetn_info	typo	event_info
tokio	eve*inf	glob	event_info
tokio	eveinfo	first+last	event_info
tokio	OsStorage::event_info	qualified	event_info
tokio	delay_queue	exact	delay_queue
tokio	delayQueue	case	delay_queue
tokio	delque	abbr3	delay_queue
tokio	dequ	abbr2	delay_queue
tokio	dlyq	consonants	delay_queue
tokio	delay_queeu	typo	delay_queue
tokio	del*que	glob	delay_queue
tokio	delqueue	first+last	delay_queue
tokio	test_slot_for	exact	test_slot_for
tokio	testSlotFor	case	test_slot_for
tokio	tesslofor	abbr3	test_slot_for
tokio	teslfo	abbr2	test_slot_for
tokio	tstslt	consonants	test_slot_for
tokio	test_solt_for	typo	test_slot_for
tokio	tes*for	glob	test_slot_for
tokio	tesfor	first+last	test_slot_for
tokio	test::test_slot_for	qualified	test_slot_for
tokio	reap_orphans	exact	reap_orphans
tokio	reapOrphans	case	reap_orphans
tokio	reaorp	abbr3	reap_orphans
tokio	reor	abbr2	reap_orphans
tokio	rprphn	consonants	reap_orphans
tokio	raep_orphans	typo	reap_orphans
tokio	rea*orp	glob	reap_orphans
tokio	reaorphans	first+last	reap_orphans
tokio	OrphanQueueImpl::reap_orphans	qualified	reap_orphans
tokio	register_op	exact	register_op
tokio	registerOp	case	register_op
tokio	regop	abbr3	register_op
tokio	rgstrp	consonants	register_op
tokio	reigster_op	typo	register_op
tokio	reg*op	glob	register_op
tokio	regop	first+last	register_op
tokio	Handle::register_op	qualified	register_op
tokio	log_scale_resolution_1	exact	log_scale_resolution_1
tokio	logScaleResolution1	case	log_scale_resolution_1
tokio	logscares1	abbr3	log_scale_resolution_1
tokio	loscre1	abbr2	log_scale_resolution_1
tokio	lgsclr	consonants	log_scale_resolution_1
tokio	log_sacle_resolution_1	typo	log_scale_resolution_1
tokio	log*1	glob	log_scale_resolution_1
tokio	log1	first+last	log_scale_resolution_1
tokio	test::log_scale_resolution_1	qualified	log_scale_resolution_1
tokio	thread_keep_alive	exact	thread_keep_alive
tokio	threadKeepAlive	case	thread_keep_alive
tokio	thrkeeali	abbr3	thread_keep_alive
tokio	thkeal	abbr2	thread_keep_alive
tokio	thrdkp	consonants	thread_keep_alive
tokio	threadk_eep_alive	typo	thread_keep_alive
tokio	thr*ali	glob	thread_keep_alive
tokio	thralive	first+last	thread_keep_alive
tokio	Builder::thread_keep_alive	qualified	thread_keep_alive
tokio	DEFAULT_MAX_BUF_SIZE	exact	DEFAULT_MAX_BUF_SIZE
tokio	defaultMaxBufSize	case	DEFAULT_MAX_BUF_SIZE
tokio	defmaxbufsiz	abbr3	DEFAULT_MAX_BUF_SIZE
tokio	demabusi	abbr2	DEFAULT_MAX_BUF_SIZE
tokio	dfltmx	consonants	DEFAULT_MAX_BUF_SIZE
tokio	DEFAULT_MAX_BUF_SZIE	typo	DEFAULT_MAX_BUF_SIZE
tokio	def*siz	glob	DEFAULT_MAX_BUF_SIZE
tokio	defsize	first+last	DEFAULT_MAX_BUF_SIZE
tokio	put_slice	exact	put_slice
tokio	putSlice	case	put_slice
tokio	putsli	abbr3	put_slice
tokio	pusl	abbr2	put_slice
tokio	ptslc	consonants	put_slice
tokio	put_lsice	typo	put_slice
tokio	put*sli	glob	put_slice
tokio	putslice	first+last	put_slice
tokio	ReadBuf::put_slice	qualified	put_slice
tokio	cfg_not_rt_and_metrics_and_net	exact	cfg_not_rt_and_metrics_and_net
tokio	cfgNotRtAndMetricsAndNet	case	cfg_not_rt_and_metrics_and_net
tokio	cfgnotrtandmetandnet	abbr3	cfg_not_rt_and_metrics_and_net
tokio	cfnortanmeanne	abbr2	cfg_not_rt_and_metrics_and_net
tokio	cfgntr	consonants	cfg_not_rt_and_metrics_and_net
tokio	cfg_not_rt_and_metricsa_nd_net	typo	cfg_not_rt_and_metrics_and_net
tokio	cfg*net	glob	cfg_not_rt_and_metrics_and_net
tokio	cfgnet	first+last	cfg_not_rt_and_metrics_and_net
tokio	merge_size_hints	exact	merge_size_hints
tokio	mergeSizeHints	case	merge_size_hints
tokio	mersizhin	abbr3	merge_size_hints
tokio	mesihi	abbr2	merge_size_hints
tokio	mrgszh	consonants	merge_size_hints
tokio	merge_szie_hints	typo	merge_size_hints
tokio	mer*hin	glob	merge_size_hints
tokio	merhints	first+last	merge_size_hints
tokio	new_for_lio	exact	new_for_lio
tokio	newForLio	case	new_for_lio
tokio	newforlio	abbr3	new_for_lio
tokio	nefoli	abbr2	new_for_lio
tokio	nwfrl	consonants	new_for_lio
tokio	new_fro_lio	typo	new_for_lio
tokio	new*lio	glob	new_for_lio
tokio	newlio	first+last	new_for_lio
tokio	Aio::new_for_lio	qualified	new_for_lio
tokio	UnixListener	exact	UnixListener
tokio	unix_listener	case	UnixListener
tokio	unilis	abbr3	UnixListener
tokio	unli	abbr2	UnixListener
tokio	unxlst	consonants	UnixListener
tokio	UniLxistener	typo	UnixListener
tokio	uni*lis	glob	UnixListener
tokio	unilistener	first+last	UnixListener
tokio	is_at_capacity	exact	is_at_capacity
tokio	isAtCapacity	case	is_at_capacity
tokio	isatcap	abbr3	is_at_capacity
tokio	isatca	abbr2	is_at_capacity
tokio	istcpc	consonants	is_at_capacity
tokio	is_at_capaicty	typo	is_at_capacity
tokio	is*cap	glob	is_at_capacity
tokio	iscapacity	first+last	is_at_capacity
tokio	Error::is_at_capacity	qualified	is_at_capacity
tokio	shutdown_background	exact	shutdown_background
tokio	shutdownBackground	case	shutdown_background
tokio	shubac	abbr3	shutdown_background
tokio	shba	abbr2	shutdown_background
tokio	shtdwn	consonants	shutdown_background
tokio	suhtdown_background	typo	shutdown_background
tokio	shu*bac	glob	shutdown_background
tokio	shubackground	first+last	shutdown_background
tokio	LocalRuntime::shutdown_background	qualified	shutdown_background
tokio	is_read_closed	exact	is_read_closed
tokio	isReadClosed	case	is_read_closed
tokio	isreaclo	abbr3	is_read_closed
tokio	isrecl	abbr2	is_read_closed
tokio	isrdcl	consonants	is_read_closed
tokio	si_read_closed	typo	is_read_closed
tokio	is*clo	glob	is_read_closed
tokio	isclosed	first+last	is_read_closed
tokio	Ready::is_read_closed	qualified	is_read_closed
tokio	MetricsBatch	exact	MetricsBatch
tokio	metrics_batch	case	MetricsBatch
tokio	metbat	abbr3	MetricsBatch
tokio	meba	abbr2	MetricsBatch
tokio	mtrcsb	consonants	MetricsBatch
tokio	MetricsBacth	typo	MetricsBatch
tokio	met*bat	glob	MetricsBatch
tokio	metbatch	first+last	MetricsBatch
tokio	open_set_len_ok	exact	open_set_len_ok
tokio	openSetLenOk	case	open_set_len_ok
tokio	opesetlenok	abbr3	open_set_len_ok
tokio	opseleok	abbr2	open_set_len_ok
tokio	opnstl	consonants	open_set_len_ok
tokio	open_est_len_ok	typo	open_set_len_ok
tokio	ope*ok	glob	open_set_len_ok
tokio	opeok	first+last	open_set_len_ok
tokio	remaining_slots	exact	remaining_slots
tokio	remainingSlots	case	remaining_slots
tokio	remslo	abbr3	remaining_slots
tokio	resl	abbr2	remaining_slots
tokio	rmnngs	consonants	remaining_slots
tokio	remainign_slots	typo	remaining_slots
tokio	rem*slo	glob	remaining_slots
tokio	remslots	first+last	remaining_slots
tokio	Local::remaining_slots	qualified	remaining_slots
tokio	Pidfd	exact	Pidfd
tokio	pdfd	consonants	Pidfd
tokio	Pifdd	typo	Pidfd
tokio	TokioAsyncWriteCompatExt	exact	TokioAsyncWriteCompatExt
tokio	tokio_async_write_compat_ext	case	TokioAsyncWriteCompatExt
tokio	tokasywricomext	abbr3	TokioAsyncWriteCompatExt
tokio	toaswrcoex	abbr2	TokioAsyncWriteCompatExt
tokio	tksync	consonants	TokioAsyncWriteCompatExt
tokio	TokioAsyncWrtieCompatExt	typo	TokioAsyncWriteCompatExt
tokio	tok*ext	glob	TokioAsyncWriteCompatExt
tokio	tokext	first+last	TokioAsyncWriteCompatExt
tokio	run_test	exact	run_test
tokio	runTest	case	run_test
tokio	runtes	abbr3	run_test
tokio	rute	abbr2	run_test
tokio	rntst	consonants	run_test
tokio	urn_test	typo	run_test
tokio	run*tes	glob	run_test
tokio	runtest	first+last	run_test
tokio	test::run_test	qualified	run_test
tokio	log	exact	log
tokio	is_initializing_err	exact	is_initializing_err
tokio	isInitializingErr	case	is_initializing_err
tokio	isinierr	abbr3	is_initializing_err
tokio	isiner	abbr2	is_initializing_err
tokio	isntlz	consonants	is_initializing_err
tokio	is_initialziing_err	typo	is_initializing_err
tokio	is*err	glob	is_initializing_err
tokio	iserr	first+last	is_initializing_err
tokio	SetError::is_initializing_err	qualified	is_initializing_err
tokio	read_int	exact	read_int
tokio	readInt	case	read_int
tokio	reaint	abbr3	read_int
tokio	rein	abbr2	read_int
tokio	rdnt	consonants	read_int
tokio	erad_int	typo	read_int
tokio	rea*int	glob	read_int
tokio	reaint	first+last	read_int
tokio	CopyBuf	exact	CopyBuf
tokio	copy_buf	case	CopyBuf
tokio	copbuf	abbr3	CopyBuf
tokio	cobu	abbr2	CopyBuf
tokio	cpybf	consonants	CopyBuf
tokio	CoypBuf	typo	CopyBuf
tokio	cop*buf	glob	CopyBuf
tokio	copbuf	first+last	CopyBuf
tokio	poll_write	exact	poll_write
tokio	pollWrite	case	poll_write
tokio	polwri	abbr3	poll_write
tokio	powr	abbr2	poll_write
tokio	pllwrt	consonants	poll_write
tokio	pollw_rite	typo	poll_write
tokio	pol*wri	glob	poll_write
tokio	polwrite	first+last	poll_write
tokio	UnixStream::poll_write	qualified	poll_write
tokio	EntryList	exact	EntryList
tokio	entry_list	case	EntryList
tokio	entlis	abbr3	EntryList
tokio	enli	abbr2	EntryList
tokio	entryl	consonants	EntryList
tokio	EntryiLst	typo	EntryList
tokio	ent*lis	glob	EntryList
tokio	entlist	first+last	EntryList
tokio	filled	exact	filled
tokio	flld	consonants	filled
tokio	fileld	typo	filled
tokio	ReadBuf::filled	qualified	filled
tokio	try_reserve_many	exact	try_reserve_many
tokio	tryReserveMany	case	try_reserve_many
tokio	tryresman	abbr3	try_reserve_many
tokio	trrema	abbr2	try_reserve_many
tokio	tryrsr	consonants	try_reserve_many
tokio	try_resevre_many	typo	try_reserve_many
tokio	try*man	glob	try_reserve_many
tokio	trymany	first+last	try_reserve_many
tokio	Sender::try_reserve_many	qualified	try_reserve_many
tokio	to_symboltrace	exact	to_symboltrace
tokio	toSymboltrace	case	to_symboltrace
tokio	tosym	abbr3	to_symboltrace
tokio	tosy	abbr2	to_symboltrace
tokio	tsymbl	consonants	to_symboltrace
tokio	to_smyboltrace	typo	to_symboltrace
tokio	to*sym	glob	to_symboltrace
tokio	tosymboltrace	first+last	to_symboltrace
tokio	take	exact	take
tokio	OnceCell::take	qualified	take
tokio	log_scale_resolution_2	exact	log_scale_resolution_2
tokio	logScaleResolution2	case	log_scale_resolution_2
tokio	logscares2	abbr3	log_scale_resolution_2
tokio	loscre2	abbr2	log_scale_resolution_2
tokio	lgsclr	consonants	log_scale_resolution_2
tokio	log_scael_resolution_2	typo	log_scale_resolution_2
tokio	log*2	glob	log_scale_resolution_2
tokio	log2	first+last	log_scale_resolution_2
tokio	test::log_scale_resolution_2	qualified	log_scale_resolution_2
tokio	worker_metrics	exact	worker_metrics
tokio	workerMetrics	case	worker_metrics
tokio	wormet	abbr3	worker_metrics
tokio	wome	abbr2	worker_metrics
tokio	wrkrmt	consonants	worker_metrics
tokio	wroker_metrics	typo	worker_metrics
tokio	wor*met	glob	worker_metrics
tokio	wormetrics	first+last	worker_metrics
tokio	Handle::worker_metrics	qualified	worker_metrics
tokio	UNINIT_WAKER	exact	UNINIT_WAKER
tokio	uninitWaker	case	UNINIT_WAKER
tokio	uniwak	abbr3	UNINIT_WAKER
tokio	unwa	abbr2	UNINIT_WAKER
tokio	unntwk	consonants	UNINIT_WAKER
tokio	UINNIT_WAKER	typo	UNINIT_WAKER
tokio	uni*wak	glob	UNINIT_WAKER
tokio	uniwaker	first+last	UNINIT_WAKER
tokio	TryLock	exact	TryLock
tokio	try_lock	case	TryLock
tokio	trlo	abbr2	TryLock
tokio	trylck	consonants	TryLock
tokio	TryoLck	typo	TryLock
tokio	try*loc	glob	TryLock
tokio	recv_buffer_size	exact	recv_buffer_size
tokio	recvBufferSize	case	recv_buffer_size
tokio	recbufsiz	abbr3	recv_buffer_size
tokio	rebusi	abbr2	recv_buffer_size
tokio	rcvbff	consonants	recv_buffer_size
tokio	rcev_buffer_size	typo	recv_buffer_size
tokio	rec*siz	glob	recv_buffer_size
tokio	recsize	first+last	recv_buffer_size
tokio	TcpSocket::recv_buffer_size	qualified	recv_buffer_size
tokio	build_current_thread_runtime	exact	build_current_thread_runtime
tokio	buildCurrentThreadRuntime	case	build_current_thread_runtime
tokio	buicurthrrun	abbr3	build_current_thread_runtime
tokio	bucuthru	abbr2	build_current_thread_runtime
tokio	bldcrr	consonants	build_current_thread_runtime
tokio	build_crurent_thread_runtime	typo	build_current_thread_runtime
tokio	bui*run	glob	build_current_thread_runtime
tokio	buiruntime	first+last	build_current_thread_runtime
tokio	Builder::build_current_thread_runtime	qualified	build_current_thread_runtime
tokio	BLOCK_MASK	exact	BLOCK_MASK
tokio	blockMask	case	BLOCK_MASK
tokio	blomas	abbr3	BLOCK_MASK
tokio	blma	abbr2	BLOCK_MASK
tokio	blckms	consonants	BLOCK_MASK
tokio	BLOC_KMASK	typo	BLOCK_MASK
tokio	blo*mas	glob	BLOCK_MASK
tokio	blomask	first+last	BLOCK_MASK
tokio	as_mut	exact	as_mut
tokio	asMut	case	as_mut
tokio	asmut	abbr3	as_mut
tokio	asmu	abbr2	as_mut
tokio	asmt	consonants	as_mut
tokio	sa_mut	typo	as_mut
tokio	as*mut	glob	as_mut
tokio	asmut	first+last	as_mut
tokio	ReadDirStream::as_mut	qualified	as_mut
tokio	set_prev	exact	set_prev
tokio	setPrev	case	set_prev
tokio	setpre	abbr3	set_prev
tokio	sepr	abbr2	set_prev
tokio	stprv	consonants	set_prev
tokio	ste_prev	typo	set_prev
tokio	set*pre	glob	set_prev
tokio	setprev	first+last	set_prev
tokio	Pointers::set_prev	qualified	set_prev
tokio	shutdown	exact	shutdown
tokio	shtdwn	consonants	shutdown
tokio	shutdonw	typo	shutdown
tokio	UnixDatagram::shutdown	qualified	shutdown
tokio	cancellation_token	exact	cancellation_token
tokio	cancellationToken	case	cancellation_token
tokio	cantok	abbr3	cancellation_token
tokio	cato	abbr2	cancellation_token
tokio	cncllt	consonants	cancellation_token
tokio	cancellatino_token	typo	cancellation_token
tokio	can*tok	glob	cancellation_token
tokio	cantoken	first+last	cancellation_token
tokio	metadata	exact	metadata
tokio	mtdt	consonants	metadata
tokio	mteadata	typo	metadata
tokio	File::metadata	qualified	metadata
tokio	reserve_many	exact	reserve_many
tokio	reserveMany	case	reserve_many
tokio	resman	abbr3	reserve_many
tokio	rsrvmn	consonants	reserve_many
tokio	rseerve_many	typo	reserve_many
tokio	res*man	glob	reserve_many
tokio	resmany	first+last	reserve_many
tokio	Sender::reserve_many	qualified	reserve_many
tokio	impl_aix	exact	impl_aix
tokio	implAix	case	impl_aix
tokio	impaix	abbr3	impl_aix
tokio	imai	abbr2	impl_aix
tokio	implx	consonants	impl_aix
tokio	ipml_aix	typo	impl_aix
tokio	imp*aix	glob	impl_aix
tokio	impaix	first+last	impl_aix
tokio	sys	exact	sys
tokio	info	exact	info
tokio	NamedPipeClient::info	qualified	info
tokio	poll_io	exact	poll_io
tokio	pollIo	case	poll_io
tokio	polio	abbr3	poll_io
tokio	poio	abbr2	poll_io
tokio	pll	consonants	poll_io
tokio	opll_io	typo	poll_io
tokio	pol*io	glob	poll_io
tokio	polio	first+last	poll_io
tokio	Registration::poll_io	qualified	poll_io
tokio	copy_bidirectional_impl	exact	copy_bidirectional_impl
tokio	copyBidirectionalImpl	case	copy_bidirectional_impl
tokio	copbidimp	abbr3	copy_bidirectional_impl
tokio	cobiim	abbr2	copy_bidirectional_impl
tokio	cpybdr	consonants	copy_bidirectional_impl
tokio	copy_bidirecitonal_impl	typo	copy_bidirectional_impl
tokio	cop*imp	glob	copy_bidirectional_impl
tokio	copimpl	first+last	copy_bidirectional_impl
tokio	write_u128_le	exact	write_u128_le
tokio	writeU128Le	case	write_u128_le
tokio	wriu128le	abbr3	write_u128_le
tokio	wru12le	abbr2	write_u128_le
tokio	wrtl	consonants	write_u128_le
tokio	wirte_u128_le	typo	write_u128_le
tokio	wri*le	glob	write_u128_le
tokio	wrile	first+last	write_u128_le
tokio	shrink_to_fit	exact	shrink_to_fit
tokio	shrinkToFit	case	shrink_to_fit
tokio	shrtofit	abbr3	shrink_to_fit
tokio	shtofi	abbr2	shrink_to_fit
tokio	shrnkt	consonants	shrink_to_fit
tokio	shrikn_to_fit	typo	shrink_to_fit
tokio	shr*fit	glob	shrink_to_fit
tokio	shrfit	first+last	shrink_to_fit
tokio	SlabStorage::shrink_to_fit	qualified	shrink_to_fit
tokio	try_join_next_with_id	exact	try_join_next_with_id
tokio	tryJoinNextWithId	case	try_join_next_with_id
tokio	tryjoinexwitid	abbr3	try_join_next_with_id
tokio	trjonewiid	abbr2	try_join_next_with_id
tokio	tryjnn	consonants	try_join_next_with_id
tokio	tr_yjoin_next_with_id	typo	try_join_next_with_id
tokio	try*id	glob	try_join_next_with_id
tokio	tryid	first+last	try_join_next_with_id
tokio	JoinSet::try_join_next_with_id	qualified	try_join_next_with_id
tokio	AsRawSocket	exact	AsRawSocket
tokio	as_raw_socket	case	AsRawSocket
tokio	asraso	abbr2	AsRawSocket
tokio	asrwsc	consonants	AsRawSocket
tokio	sARawSocket	typo	AsRawSocket
tokio	as*soc	glob	AsRawSocket
tokio	kill	exact	kill
tokio	&mut T::kill	qualified	kill
tokio	replace	exact	replace
tokio	rplc	consonants	replace
tokio	relpace	typo	replace
tokio	RcCell::replace	qualified	replace
tokio	RwLock	exact	RwLock
tokio	rw_lock	case	RwLock
tokio	rwlck	consonants	RwLock
tokio	RwLcok	typo	RwLock
tokio	rw*loc	glob	RwLock
tokio	ring	exact	ring
tokio	UringContext::ring	qualified	ring
tokio	split	exact	split
tokio	splt	consonants	split
tokio	slpit	typo	split
tokio	OwnedSemaphorePermit::split	qualified	split
tokio	assert_ready_eq	exact	assert_ready_eq
tokio	assertReadyEq	case	assert_ready_eq
tokio	assreaeq	abbr3	assert_ready_eq
tokio	asreeq	abbr2	assert_ready_eq
tokio	assrtr	consonants	assert_ready_eq
tokio	assert_reday_eq	typo	assert_ready_eq
tokio	ass*eq	glob	assert_ready_eq
tokio	asseq	first+last	assert_ready_eq
tokio	nonstatic_typeid	exact	nonstatic_typeid
tokio	nonstaticTypeid	case	nonstatic_typeid
tokio	nontyp	abbr3	nonstatic_typeid
tokio	noty	abbr2	nonstatic_typeid
tokio	nnsttc	consonants	nonstatic_typeid
tokio	nonstatic_tyepid	typo	nonstatic_typeid
tokio	non*typ	glob	nonstatic_typeid
tokio	nontypeid	first+last	nonstatic_typeid
tokio	ID_OFFSET	exact	ID_OFFSET
tokio	idOffset	case	ID_OFFSET
tokio	idoff	abbr3	ID_OFFSET
tokio	idof	abbr2	ID_OFFSET
tokio	idffst	consonants	ID_OFFSET
tokio	ID_OFFSTE	typo	ID_OFFSET
tokio	id*off	glob	ID_OFFSET
tokio	idoffset	first+last	ID_OFFSET
tokio	quit	exact	quit
tokio	SignalKind::quit	qualified	quit
tokio	into_split	exact	into_split
tokio	intoSplit	case	into_split
tokio	intspl	abbr3	into_split
tokio	insp	abbr2	into_split
tokio	intspl	consonants	into_split
tokio	itno_split	typo	into_split
tokio	int*spl	glob	into_split
tokio	intsplit	first+last	into_split
tokio	TcpStream::into_split	qualified	into_split
tokio	stream_map	exact	stream_map
tokio	streamMap	case	stream_map
tokio	strmap	abbr3	stream_map
tokio	stma	abbr2	stream_map
tokio	strmmp	consonants	stream_map
tokio	steram_map	typo	stream_map
tokio	str*map	glob	stream_map
tokio	strmap	first+last	stream_map
tokio	slice_to_uninit_mut	exact	slice_to_uninit_mut
tokio	sliceToUninitMut	case	slice_to_uninit_mut
tokio	slitounimut	abbr3	slice_to_uninit_mut
tokio	sltounmu	abbr2	slice_to_uninit_mut
tokio	slctnn	consonants	slice_to_uninit_mut
tokio	slic_eto_uninit_mut	typo	slice_to_uninit_mut
tokio	sli*mut	glob	slice_to_uninit_mut
tokio	slimut	first+last	slice_to_uninit_mut
tokio	as_pathname	exact	as_pathname
tokio	asPathname	case	as_pathname
tokio	aspat	abbr3	as_pathname
tokio	aspa	abbr2	as_pathname
tokio	aspthn	consonants	as_pathname
tokio	asp_athname	typo	as_pathname
tokio	as*pat	glob	as_pathname
tokio	aspathname	first+last	as_pathname
tokio	SocketAddr::as_pathname	qualified	as_pathname
tokio	register_by_ref	exact	register_by_ref
tokio	registerByRef	case	register_by_ref
tokio	regbyref	abbr3	register_by_ref
tokio	rebyre	abbr2	register_by_ref
tokio	rgstrb	consonants	register_by_ref
tokio	regitser_by_ref	typo	register_by_ref
tokio	reg*ref	glob	register_by_ref
tokio	regref	first+last	register_by_ref
tokio	AtomicWaker::register_by_ref	qualified	register_by_ref
tokio	new_codec	exact	new_codec
tokio	newCodec	case	new_codec
tokio	newcod	abbr3	new_codec
tokio	neco	abbr2	new_codec
tokio	nwcdc	consonants	new_codec
tokio	new_ocdec	typo	new_codec
tokio	new*cod	glob	new_codec
tokio	newcodec	first+last	new_codec
tokio	Builder::new_codec	qualified	new_codec
tokio	read_error	exact	read_error
tokio	readError	case	read_error
tokio	reaerr	abbr3	read_error
tokio	reer	abbr2	read_error
tokio	rdrrr	consonants	read_error
tokio	rea_derror	typo	read_error
tokio	rea*err	glob	read_error
tokio	reaerror	first+last	read_error
tokio	Builder::read_error	qualified	read_error
tokio	inner_mut	exact	inner_mut
tokio	innerMut	case	inner_mut
tokio	innmut	abbr3	inner_mut
tokio	inmu	abbr2	inner_mut
tokio	innrmt	consonants	inner_mut
tokio	innerm_ut	typo	inner_mut
tokio	inn*mut	glob	inner_mut
tokio	innmut	first+last	inner_mut
tokio	Reaper::inner_mut	qualified	inner_mut
tokio	inc_budget_forced_yield_count	exact	inc_budget_forced_yield_count
tokio	incBudgetForcedYieldCount	case	inc_budget_forced_yield_count
tokio	incbudforyiecou	abbr3	inc_budget_forced_yield_count
tokio	inbufoyico	abbr2	inc_budget_forced_yield_count
tokio	incbdg	consonants	inc_budget_forced_yield_count
tokio	icn_budget_forced_yield_count	typo	inc_budget_forced_yield_count
tokio	inc*cou	glob	inc_budget_forced_yield_count
tokio	inccount	first+last	inc_budget_forced_yield_count
tokio	SchedulerMetrics::inc_budget_forced_yield_count	qualified	inc_budget_forced_yield_count
tokio	AccessError	exact	AccessError
tokio	access_error	case	AccessError
tokio	accerr	abbr3	AccessError
tokio	acer	abbr2	AccessError
tokio	accssr	consonants	AccessError
tokio	AccessErrro	typo	AccessError
tokio	acc*err	glob	AccessError
tokio	accerror	first+last	AccessError
tokio	set_notified	exact	set_notified
tokio	setNotified	case	set_notified
tokio	setnot	abbr3	set_notified
tokio	seno	abbr2	set_notified
tokio	stntfd	consonants	set_notified
tokio	set_notifeid	typo	set_notified
tokio	set*not	glob	set_notified
tokio	setnotified	first+last	set_notified
tokio	Snapshot::set_notified	qualified	set_notified
tokio	set_queue_next	exact	set_queue_next
tokio	setQueueNext	case	set_queue_next
tokio	setquenex	abbr3	set_queue_next
tokio	sequne	abbr2	set_queue_next
tokio	stqnxt	consonants	set_queue_next
tokio	se_tqueue_next	typo	set_queue_next
tokio	set*nex	glob	set_queue_next
tokio	setnext	first+last	set_queue_next
tokio	RawTask::set_queue_next	qualified	set_queue_next
tokio	unhandled_panic	exact	unhandled_panic
tokio	unhandledPanic	case	unhandled_panic
tokio	unhpan	abbr3	unhandled_panic
tokio	unhndl	consonants	unhandled_panic
tokio	unhandeld_panic	typo	unhandled_panic
tokio	unh*pan	glob	unhandled_panic
tokio	unhpanic	first+last	unhandled_panic
tokio	Schedule::unhandled_panic	qualified	unhandled_panic
tokio	try_read_buf	exact	try_read_buf
tokio	tryReadBuf	case	try_read_buf
tokio	tryreabuf	abbr3	try_read_buf
tokio	trrebu	abbr2	try_read_buf
tokio	tryrdb	consonants	try_read_buf
tokio	rty_read_buf	typo	try_read_buf
tokio	try*buf	glob	try_read_buf
tokio	trybuf	first+last	try_read_buf
tokio	get_shard_id	exact	get_shard_id
tokio	getShardId	case	get_shard_id
tokio	getshaid	abbr3	get_shard_id
tokio	geshid	abbr2	get_shard_id
tokio	gtshrd	consonants	get_shard_id
tokio	get_shard_di	typo	get_shard_id
tokio	get*id	glob	get_shard_id
tokio	getid	first+last	get_shard_id
tokio	ShardedListItem::get_shard_id	qualified	get_shard_id
tokio	poll_flush	exact	poll_flush
tokio	pollFlush	case	poll_flush
tokio	polflu	abbr3	poll_flush
tokio	pofl	abbr2	poll_flush
tokio	pllfls	consonants	poll_flush
tokio	poll_lfush	typo	poll_flush
tokio	pol*flu	glob	poll_flush
tokio	polflush	first+last	poll_flush
tokio	BufWriter::poll_flush	qualified	poll_flush
tokio	transition_to_notified_by_ref	exact	transition_to_notified_by_ref
tokio	transitionToNotifiedByRef	case	transition_to_notified_by_ref
tokio	tratonotbyref	abbr3	transition_to_notified_by_ref
tokio	trtonobyre	abbr2	transition_to_notified_by_ref
tokio	trnstn	consonants	transition_to_notified_by_ref
tokio	transition_to_notifie_dby_ref	typo	transition_to_notified_by_ref
tokio	tra*ref	glob	transition_to_notified_by_ref
tokio	traref	first+last	transition_to_notified_by_ref
tokio	State::transition_to_notified_by_ref	qualified	transition_to_notified_by_ref
tokio	Completable	exact	Completable
tokio	cmpltb	consonants	Completable
tokio	Compleatble	typo	Completable
tokio	call	exact	call
tokio	CallOnDrop::call	qualified	call
tokio	wake_join	exact	wake_join
tokio	wakeJoin	case	wake_join
tokio	wakjoi	abbr3	wake_join
tokio	wajo	abbr2	wake_join
tokio	wkjn	consonants	wake_join
tokio	wake_joni	typo	wake_join
tokio	wak*joi	glob	wake_join
tokio	wakjoin	first+last	wake_join
tokio	Trailer::wake_join	qualified	wake_join
tokio	Vtable	exact	Vtable
tokio	vtbl	consonants	Vtable
tokio	tVable	typo	Vtable
tokio	signal_enable_error_on_invalid_input	exact	signal_enable_error_on_invalid_input
tokio	signalEnableErrorOnInvalidInput	case	signal_enable_error_on_invalid_input
tokio	sigenaerroninvinp	abbr3	signal_enable_error_on_invalid_input
tokio	sieneroninin	abbr2	signal_enable_error_on_invalid_input
tokio	sgnlnb	consonants	signal_enable_error_on_invalid_input
tokio	signal_enable_error_on_invlaid_input	typo	signal_enable_error_on_invalid_input
tokio	sig*inp	glob	signal_enable_error_on_invalid_input
tokio	siginput	first+last	signal_enable_error_on_invalid_input
tokio	tasks	exact	tasks
tokio	tsks	consonants	tasks
tokio	takss	typo	tasks
tokio	Dump::tasks	qualified	tasks
tokio	Waiting	exact	Waiting
tokio	wtng	consonants	Waiting
tokio	Watiing	typo	Waiting
tokio	NOTIFY_WAITERS_SHIFT	exact	NOTIFY_WAITERS_SHIFT
tokio	notifyWaitersShift	case	NOTIFY_WAITERS_SHIFT
tokio	notwaishi	abbr3	NOTIFY_WAITERS_SHIFT
tokio	nowash	abbr2	NOTIFY_WAITERS_SHIFT
tokio	ntfywt	consonants	NOTIFY_WAITERS_SHIFT
tokio	NOTIFY_WAITERS_HSIFT	typo	NOTIFY_WAITERS_SHIFT
tokio	not*shi	glob	NOTIFY_WAITERS_SHIFT
tokio	notshift	first+last	NOTIFY_WAITERS_SHIFT
tokio	signal_windows	exact	signal_windows
tokio	signalWindows	case	signal_windows
tokio	sigwin	abbr3	signal_windows
tokio	siwi	abbr2	signal_windows
tokio	sgnlwn	consonants	signal_windows
tokio	isgnal_windows	typo	signal_windows
tokio	sig*win	glob	signal_windows
tokio	sigwindows	first+last	signal_windows
tokio	chunks_timeout	exact	chunks_timeout
tokio	chunksTimeout	case	chunks_timeout
tokio	chutim	abbr3	chunks_timeout
tokio	chti	abbr2	chunks_timeout
tokio	chnkst	consonants	chunks_timeout
tokio	chunks_timeotu	typo	chunks_timeout
tokio	chu*tim	glob	chunks_timeout
tokio	chutimeout	first+last	chunks_timeout
tokio	StreamExt::chunks_timeout	qualified	chunks_timeout
tokio	CtrlCStream	exact	CtrlCStream
tokio	ctrl_c_stream	case	CtrlCStream
tokio	ctrcstr	abbr3	CtrlCStream
tokio	ctcst	abbr2	CtrlCStream
tokio	CtrlCStrema	typo	CtrlCStream
tokio	ctr*str	glob	CtrlCStream
tokio	ctrstream	first+last	CtrlCStream
tokio	LengthDelimitedCodecError	exact	LengthDelimitedCodecError
tokio	length_delimited_codec_error	case	LengthDelimitedCodecError
tokio	lendelcoderr	abbr3	LengthDelimitedCodecError
tokio	ledecoer	abbr2	LengthDelimitedCodecError
tokio	lngthd	consonants	LengthDelimitedCodecError
tokio	eLngthDelimitedCodecError	typo	LengthDelimitedCodecError
tokio	len*err	glob	LengthDelimitedCodecError
tokio	lenerror	first+last	LengthDelimitedCodecError
tokio	MAX_VECTOR_ELEMENTS	exact	MAX_VECTOR_ELEMENTS
tokio	maxVectorElements	case	MAX_VECTOR_ELEMENTS
tokio	maxvecele	abbr3	MAX_VECTOR_ELEMENTS
tokio	maveel	abbr2	MAX_VECTOR_ELEMENTS
tokio	mxvctr	consonants	MAX_VECTOR_ELEMENTS
tokio	MXA_VECTOR_ELEMENTS	typo	MAX_VECTOR_ELEMENTS
tokio	max*ele	glob	MAX_VECTOR_ELEMENTS
tokio	maxelements	first+last	MAX_VECTOR_ELEMENTS
tokio	Body	exact	Body
tokio	poll_accept	exact	poll_accept
tokio	pollAccept	case	poll_accept
tokio	polacc	abbr3	poll_accept
tokio	poac	abbr2	poll_accept
tokio	pllccp	consonants	poll_accept
tokio	poll_acecpt	typo	poll_accept
tokio	pol*acc	glob	poll_accept
tokio	polaccept	first+last	poll_accept
tokio	UnixListener::poll_accept	qualified	poll_accept
tokio	BiasedRotator	exact	BiasedRotator
tokio	biased_rotator	case	BiasedRotator
tokio	biarot	abbr3	BiasedRotator
tokio	biro	abbr2	BiasedRotator
tokio	bsdrtt	consonants	BiasedRotator
tokio	BisaedRotator	typo	BiasedRotator
tokio	bia*rot	glob	BiasedRotator
tokio	biarotator	first+last	BiasedRotator
tokio	decode	exact	decode
tokio	dcd	consonants	decode
tokio	decoed	typo	decode
tokio	BytesCodec::decode	qualified	decode
tokio	chain	exact	chain
tokio	chn	consonants	chain
tokio	cahin	typo	chain
tokio	StreamExt::chain	qualified	chain
tokio	copy	exact	copy
tokio	PipeInfo	exact	PipeInfo
tokio	pipe_info	case	PipeInfo
tokio	pipinf	abbr3	PipeInfo
tokio	piin	abbr2	PipeInfo
tokio	ppnf	consonants	PipeInfo
tokio	PipeInof	typo	PipeInfo
tokio	pip*inf	glob	PipeInfo
tokio	pipinfo	first+last	PipeInfo
tokio	unpack	exact	unpack
tokio	unpck	consonants	unpack
tokio	unapck	typo	unpack
tokio	Pack::unpack	qualified	unpack
tokio	WriteFrame	exact	WriteFrame
tokio	write_frame	case	WriteFrame
tokio	wrifra	abbr3	WriteFrame
tokio	wrfr	abbr2	WriteFrame
tokio	wrtfrm	consonants	WriteFrame
tokio	WriteFarme	typo	WriteFrame
tokio	wri*fra	glob	WriteFrame
tokio	wriframe	first+last	WriteFrame
tokio	impl_linux	exact	impl_linux
tokio	implLinux	case	impl_linux
tokio	implin	abbr3	impl_linux
tokio	imli	abbr2	impl_linux
tokio	implln	consonants	impl_linux
tokio	imlp_linux	typo	impl_linux
tokio	imp*lin	glob	impl_linux
tokio	implinux	first+last	impl_linux
tokio	doc	exact	doc
tokio	Launch	exact	Launch
tokio	lnch	consonants	Launch
tokio	Launhc	typo	Launch
tokio	TryAcquireError	exact	TryAcquireError
tokio	try_acquire_error	case	TryAcquireError
tokio	tryacqerr	abbr3	TryAcquireError
tokio	tracer	abbr2	TryAcquireError
tokio	trycqr	consonants	TryAcquireError
tokio	TyrAcquireError	typo	TryAcquireError
tokio	try*err	glob	TryAcquireError
tokio	tryerror	first+last	TryAcquireError
tokio	ThreadId	exact	ThreadId
tokio	thread_id	case	ThreadId
tokio	thrid	abbr3	ThreadId
tokio	thid	abbr2	ThreadId
tokio	thrdd	consonants	ThreadId
tokio	TrheadId	typo	ThreadId
tokio	thr*id	glob	ThreadId
tokio	thrid	first+last	ThreadId
tokio	select	exact	select
tokio	slct	consonants	select
tokio	selcet	typo	select
tokio	TryIoError	exact	TryIoError
tokio	try_io_error	case	TryIoError
tokio	trioer	abbr2	TryIoError
tokio	tryrrr	consonants	TryIoError
tokio	rTyIoError	typo	TryIoError
tokio	try*err	glob	TryIoError
tokio	tryerror	first+last	TryIoError
tokio	write_impl	exact	write_impl
tokio	writeImpl	case	write_impl
tokio	wriimp	abbr3	write_impl
tokio	wrim	abbr2	write_impl
tokio	wrtmpl	consonants	write_impl
tokio	wrtie_impl	typo	write_impl
tokio	wri*imp	glob	write_impl
tokio	wriimpl	first+last	write_impl
tokio	create_dir_all	exact	create_dir_all
tokio	createDirAll	case	create_dir_all
tokio	credirall	abbr3	create_dir_all
tokio	crdial	abbr2	create_dir_all
tokio	crtdrl	consonants	create_dir_all
tokio	create_dri_all	typo	create_dir_all
tokio	cre*all	glob	create_dir_all
tokio	creall	first+last	create_dir_all
tokio	worker_poll_count	exact	worker_poll_count
tokio	workerPollCount	case	worker_poll_count
tokio	worpolcou	abbr3	worker_poll_count
tokio	wopoco	abbr2	worker_poll_count
tokio	wrkrpl	consonants	worker_poll_count
tokio	worke_rpoll_count	typo	worker_poll_count
tokio	wor*cou	glob	worker_poll_count
tokio	worcount	first+last	worker_poll_count
tokio	drop_reaps_if_possible	exact	drop_reaps_if_possible
tokio	dropReapsIfPossible	case	drop_reaps_if_possible
tokio	droreaifpos	abbr3	drop_reaps_if_possible
tokio	drreifpo	abbr2	drop_reaps_if_possible
tokio	drprps	consonants	drop_reaps_if_possible
tokio	drop_reaps_if_posisble	typo	drop_reaps_if_possible
tokio	dro*pos	glob	drop_reaps_if_possible
tokio	dropossible	first+last	drop_reaps_if_possible
tokio	test::drop_reaps_if_possible	qualified	drop_reaps_if_possible
tokio	poll_buf	exact	poll_buf
tokio	pollBuf	case	poll_buf
tokio	polbuf	abbr3	poll_buf
tokio	pobu	abbr2	poll_buf
tokio	pllbf	consonants	poll_buf
tokio	poll_bfu	typo	poll_buf
tokio	pol*buf	glob	poll_buf
tokio	polbuf	first+last	poll_buf
tokio	from_u64	exact	from_u64
tokio	fromU64	case	from_u64
tokio	frou64	abbr3	from_u64
tokio	fru64	abbr2	from_u64
tokio	frm	consonants	from_u64
tokio	from_6u4	typo	from_u64
tokio	fro*64	glob	from_u64
tokio	fro64	first+last	from_u64
tokio	RngSeed::from_u64	qualified	from_u64
tokio	reader	exact	reader
tokio	rdr	consonants	reader
tokio	raeder	typo	reader
tokio	Join::reader	qualified	reader
tokio	pop_n	exact	pop_n
tokio	popN	case	pop_n
tokio	Shared::pop_n	qualified	pop_n
tokio	REF_COUNT_MASK	exact	REF_COUNT_MASK
tokio	refCountMask	case	REF_COUNT_MASK
tokio	refcoumas	abbr3	REF_COUNT_MASK
tokio	recoma	abbr2	REF_COUNT_MASK
tokio	rfcntm	consonants	REF_COUNT_MASK
tokio	REF_COUNT_AMSK	typo	REF_COUNT_MASK
tokio	ref*mas	glob	REF_COUNT_MASK
tokio	refmask	first+last	REF_COUNT_MASK
tokio	Cancellable	exact	Cancellable
tokio	cncllb	consonants	Cancellable
tokio	Cancellalbe	typo	Cancellable
tokio	fmt	exact	fmt
tokio	Map::fmt	qualified	fmt
tokio	length_field_length	exact	length_field_length
tokio	lengthFieldLength	case	length_field_length
tokio	lenfielen	abbr3	length_field_length
tokio	lefile	abbr2	length_field_length
tokio	lngthf	consonants	length_field_length
tokio	length_field_elngth	typo	length_field_length
tokio	len*len	glob	length_field_length
tokio	lenlength	first+last	length_field_length
tokio	Builder::length_field_length	qualified	length_field_length
tokio	if_loom	exact	if_loom
tokio	ifLoom	case	if_loom
tokio	ifloo	abbr3	if_loom
tokio	iflo	abbr2	if_loom
tokio	iflm	consonants	if_loom
tokio	if_lomo	typo	if_loom
tokio	if*loo	glob	if_loom
tokio	ifloom	first+last	if_loom
tokio	next	exact	next
tokio	StreamExt::next	qualified	next
tokio	abort_send	exact	abort_send
tokio	abortSend	case	abort_send
tokio	abosen	abbr3	abort_send
tokio	abse	abbr2	abort_send
tokio	abrtsn	consonants	abort_send
tokio	abor_tsend	typo	abort_send
tokio	abo*sen	glob	abort_send
tokio	abosend	first+last	abort_send
tokio	PollSender::abort_send	qualified	abort_send
tokio	clone_value	exact	clone_value
tokio	cloneValue	case	clone_value
tokio	cloval	abbr3	clone_value
tokio	clva	abbr2	clone_value
tokio	clnvl	consonants	clone_value
tokio	lcone_value	typo	clone_value
tokio	clo*val	glob	clone_value
tokio	clovalue	first+last	clone_value
tokio	RecvGuard::clone_value	qualified	clone_value
tokio	PinnedFutureSpawner	exact	PinnedFutureSpawner
tokio	pinned_future_spawner	case	PinnedFutureSpawner
tokio	pinfutspa	abbr3	PinnedFutureSpawner
tokio	pifusp	abbr2	PinnedFutureSpawner
tokio	pnndft	consonants	PinnedFutureSpawner
tokio	PinnedFutureSpawnre	typo	PinnedFutureSpawner
tokio	pin*spa	glob	PinnedFutureSpawner
tokio	pinspawner	first+last	PinnedFutureSpawner
tokio	checked_add	exact	checked_add
tokio	checkedAdd	case	checked_add
tokio	cheadd	abbr3	checked_add
tokio	chad	abbr2	checked_add
tokio	chckdd	consonants	checked_add
tokio	checkde_add	typo	checked_add
tokio	che*add	glob	checked_add
tokio	cheadd	first+last	checked_add
tokio	Instant::checked_add	qualified	checked_add
tokio	remove_child	exact	remove_child
tokio	removeChild	case	remove_child
tokio	remchi	abbr3	remove_child
tokio	rech	abbr2	remove_child
tokio	rmvchl	consonants	remove_child
tokio	remove_cihld	typo	remove_child
tokio	rem*chi	glob	remove_child
tokio	remchild	first+last	remove_child
tokio	async_seek	exact	async_seek
tokio	asyncSeek	case	async_seek
tokio	asysee	abbr3	async_seek
tokio	asycn_seek	typo	async_seek
tokio	asy*see	glob	async_seek
tokio	asyseek	first+last	async_seek
tokio	try_downgrade_map	exact	try_downgrade_map
tokio	tryDowngradeMap	case	try_downgrade_map
tokio	trydowmap	abbr3	try_downgrade_map
tokio	trdoma	abbr2	try_downgrade_map
tokio	trydwn	consonants	try_downgrade_map
tokio	try_downgarde_map	typo	try_downgrade_map
tokio	try*map	glob	try_downgrade_map
tokio	trymap	first+last	try_downgrade_map
tokio	RwLockWriteGuard::try_downgrade_map	qualified	try_downgrade_map
tokio	num_head_bytes	exact	num_head_bytes
tokio	numHeadBytes	case	num_head_bytes
tokio	numheabyt	abbr3	num_head_bytes
tokio	nuheby	abbr2	num_head_bytes
tokio	nmhdby	consonants	num_head_bytes
tokio	num_head_byets	typo	num_head_bytes
tokio	num*byt	glob	num_head_bytes
tokio	numbytes	first+last	num_head_bytes
tokio	Builder::num_head_bytes	qualified	num_head_bytes
tokio	COMPLETE	exact	COMPLETE
tokio	cmplt	consonants	COMPLETE
tokio	COMPLEET	typo	COMPLETE
tokio	buf_writer	exact	buf_writer
tokio	bufWriter	case	buf_writer
tokio	bufwri	abbr3	buf_writer
tokio	buwr	abbr2	buf_writer
tokio	bfwrtr	consonants	buf_writer
tokio	buf_writre	typo	buf_writer
tokio	buf*wri	glob	buf_writer
tokio	bufwriter	first+last	buf_writer
tokio	BroadcastStreamRecvError	exact	BroadcastStreamRecvError
tokio	broadcast_stream_recv_error	case	BroadcastStreamRecvError
tokio	brostrrecerr	abbr3	BroadcastStreamRecvError
tokio	brstreer	abbr2	BroadcastStreamRecvError
tokio	brdcst	consonants	BroadcastStreamRecvError
tokio	BroadcastSteramRecvError	typo	BroadcastStreamRecvError
tokio	bro*err	glob	BroadcastStreamRecvError
tokio	broerror	first+last	BroadcastStreamRecvError
tokio	map_decoder	exact	map_decoder
tokio	mapDecoder	case	map_decoder
tokio	mapdec	abbr3	map_decoder
tokio	made	abbr2	map_decoder
tokio	mpdcdr	consonants	map_decoder
tokio	ma_pdecoder	typo	map_decoder
tokio	map*dec	glob	map_decoder
tokio	mapdecoder	first+last	map_decoder
tokio	FramedRead::map_decoder	qualified	map_decoder
tokio	StateSnapshot	exact	StateSnapshot
tokio	state_snapshot	case	StateSnapshot
tokio	stasna	abbr3	StateSnapshot
tokio	stsn	abbr2	StateSnapshot
tokio	sttsnp	consonants	StateSnapshot
tokio	StateSnaphsot	typo	StateSnapshot
tokio	sta*sna	glob	StateSnapshot
tokio	stasnapshot	first+last	StateSnapshot
tokio	DEFAULT_PRECISION	exact	DEFAULT_PRECISION
tokio	defaultPrecision	case	DEFAULT_PRECISION
tokio	defpre	abbr3	DEFAULT_PRECISION
tokio	depr	abbr2	DEFAULT_PRECISION
tokio	dfltpr	consonants	DEFAULT_PRECISION
tokio	DEAFULT_PRECISION	typo	DEFAULT_PRECISION
tokio	def*pre	glob	DEFAULT_PRECISION
tokio	defprecision	first+last	DEFAULT_PRECISION
tokio	Throttle	exact	Throttle
tokio	thrttl	consonants	Throttle
tokio	hTrottle	typo	Throttle
tokio	parse	exact	parse
tokio	prs	consonants	parse
tokio	pares	typo	parse
tokio	ItemFn::parse	qualified	parse
tokio	registered_when	exact	registered_when
tokio	registeredWhen	case	registered_when
tokio	regwhe	abbr3	registered_when
tokio	rewh	abbr2	registered_when
tokio	rgstrd	consonants	registered_when
tokio	reigstered_when	typo	registered_when
tokio	reg*whe	glob	registered_when
tokio	regwhen	first+last	registered_when
tokio	TimerShared::registered_when	qualified	registered_when
tokio	notified	exact	notified
tokio	ntfd	consonants	notified
tokio	notfiied	typo	notified
tokio	BigNotify::notified	qualified	notified
tokio	set_tx_task	exact	set_tx_task
tokio	setTxTask	case	set_tx_task
tokio	settxtas	abbr3	set_tx_task
tokio	setxta	abbr2	set_tx_task
tokio	sttxts	consonants	set_tx_task
tokio	set_tx_taks	typo	set_tx_task
tokio	set*tas	glob	set_tx_task
tokio	settask	first+last	set_tx_task
tokio	State::set_tx_task	qualified	set_tx_task
tokio	blocking_send	exact	blocking_send
tokio	blockingSend	case	blocking_send
tokio	blosen	abbr3	blocking_send
tokio	blse	abbr2	blocking_send
tokio	blckng	consonants	blocking_send
tokio	blockin_gsend	typo	blocking_send
tokio	blo*sen	glob	blocking_send
tokio	blosend	first+last	blocking_send
tokio	Sender::blocking_send	qualified	blocking_send
tokio	values	exact	values
tokio	vls	consonants	values
tokio	vaules	typo	values
tokio	StreamMap::values	qualified	values
tokio	resubscribe	exact	resubscribe
tokio	rsbscr	consonants	resubscribe
tokio	resubscrbie	typo	resubscribe
tokio	Receiver::resubscribe	qualified	resubscribe
tokio	pidfd_reaper	exact	pidfd_reaper
tokio	pidfdReaper	case	pidfd_reaper
tokio	pidrea	abbr3	pidfd_reaper
tokio	pire	abbr2	pidfd_reaper
tokio	pdfdrp	consonants	pidfd_reaper
tokio	pidfd_repaer	typo	pidfd_reaper
tokio	pid*rea	glob	pidfd_reaper
tokio	pidreaper	first+last	pidfd_reaper
tokio	broadcast_returns_if_at_least_one_event_fired	exact	broadcast_returns_if_at_least_one_event_fired
tokio	broadcastReturnsIfAtLeastOneEventFired	case	broadcast_returns_if_at_least_one_event_fired
tokio	broretifatleaoneevefir	abbr3	broadcast_returns_if_at_least_one_event_fired
tokio	brreifatleonevfi	abbr2	broadcast_returns_if_at_least_one_event_fired
tokio	brdcst	consonants	broadcast_returns_if_at_least_one_event_fired
tokio	braodcast_returns_if_at_least_one_event_fired	typo	broadcast_returns_if_at_least_one_event_fired
tokio	bro*fir	glob	broadcast_returns_if_at_least_one_event_fired
tokio	brofired	first+last	broadcast_returns_if_at_least_one_event_fired
tokio	schedule	exact	schedule
tokio	schdl	consonants	schedule
tokio	scheudle	typo	schedule
tokio	Arc::schedule	qualified	schedule
tokio	worker_steal_count	exact	worker_steal_count
tokio	workerStealCount	case	worker_steal_count
tokio	worstecou	abbr3	worker_steal_count
tokio	wostco	abbr2	worker_steal_count
tokio	wrkrst	consonants	worker_steal_count
tokio	worker_setal_count	typo	worker_steal_count
tokio	wor*cou	glob	worker_steal_count
tokio	worcount	first+last	worker_steal_count
tokio	made_progress	exact	made_progress
tokio	madeProgress	case	made_progress
tokio	madpro	abbr3	made_progress
tokio	mapr	abbr2	made_progress
tokio	mdprgr	consonants	made_progress
tokio	made_progrses	typo	made_progress
tokio	mad*pro	glob	made_progress
tokio	madprogress	first+last	made_progress
tokio	sync_bridge	exact	sync_bridge
tokio	syncBridge	case	sync_bridge
tokio	synbri	abbr3	sync_bridge
tokio	sybr	abbr2	sync_bridge
tokio	syncbr	consonants	sync_bridge
tokio	snyc_bridge	typo	sync_bridge
tokio	syn*bri	glob	sync_bridge
tokio	synbridge	first+last	sync_bridge
tokio	from_std_stream	exact	from_std_stream
tokio	fromStdStream	case	from_std_stream
tokio	frostdstr	abbr3	from_std_stream
tokio	frstst	abbr2	from_std_stream
tokio	frmstd	consonants	from_std_stream
tokio	froms_td_stream	typo	from_std_stream
tokio	fro*str	glob	from_std_stream
tokio	frostream	first+last	from_std_stream
tokio	TcpSocket::from_std_stream	qualified	from_std_stream
tokio	write_u16_le	exact	write_u16_le
tokio	writeU16Le	case	write_u16_le
tokio	wriu16le	abbr3	write_u16_le
tokio	wru16le	abbr2	write_u16_le
tokio	wrtl	consonants	write_u16_le
tokio	wrtie_u16_le	typo	write_u16_le
tokio	wri*le	glob	write_u16_le
tokio	wrile	first+last	write_u16_le
tokio	values_mut	exact	values_mut
tokio	valuesMut	case	values_mut
tokio	valmut	abbr3	values_mut
tokio	vamu	abbr2	values_mut
tokio	vlsmt	consonants	values_mut
tokio	vlaues_mut	typo	values_mut
tokio	val*mut	glob	values_mut
tokio	valmut	first+last	values_mut
tokio	StreamMap::values_mut	qualified	values_mut
tokio	normalize_deadline	exact	normalize_deadline
tokio	normalizeDeadline	case	normalize_deadline
tokio	nordea	abbr3	normalize_deadline
tokio	nrmlzd	consonants	normalize_deadline
tokio	normaliez_deadline	typo	normalize_deadline
tokio	nor*dea	glob	normalize_deadline
tokio	nordeadline	first+last	normalize_deadline
tokio	DelayQueue::normalize_deadline	qualified	normalize_deadline
tokio	InjectGuard	exact	InjectGuard
tokio	inject_guard	case	InjectGuard
tokio	injgua	abbr3	InjectGuard
tokio	ingu	abbr2	InjectGuard
tokio	injctg	consonants	InjectGuard
tokio	InjectuGard	typo	InjectGuard
tokio	inj*gua	glob	InjectGuard
tokio	injguard	first+last	InjectGuard
tokio	enable_time	exact	enable_time
tokio	enableTime	case	enable_time
tokio	enatim	abbr3	enable_time
tokio	enti	abbr2	enable_time
tokio	enbltm	consonants	enable_time
tokio	enablet_ime	typo	enable_time
tokio	ena*tim	glob	enable_time
tokio	enatime	first+last	enable_time
tokio	Result	exact	Result
tokio	rslt	consonants	Result
tokio	Rseult	typo	Result
tokio	atomic_usize	exact	atomic_usize
tokio	atomicUsize	case	atomic_usize
tokio	atousi	abbr3	atomic_usize
tokio	atus	abbr2	atomic_usize
tokio	atmcsz	consonants	atomic_usize
tokio	atomi_cusize	typo	atomic_usize
tokio	ato*usi	glob	atomic_usize
tokio	atousize	first+last	atomic_usize
tokio	Frame	exact	Frame
tokio	frm	consonants	Frame
tokio	Fraem	typo	Frame
tokio	fastrand_n	exact	fastrand_n
tokio	fastrandN	case	fastrand_n
tokio	fasn	abbr3	fastrand_n
tokio	fan	abbr2	fastrand_n
tokio	fstrnd	consonants	fastrand_n
tokio	fatsrand_n	typo	fastrand_n
tokio	fas*n	glob	fastrand_n
tokio	fasn	first+last	fastrand_n
tokio	FastRand::fastrand_n	qualified	fastrand_n
tokio	LengthFieldType	exact	LengthFieldType
tokio	length_field_type	case	LengthFieldType
tokio	lenfietyp	abbr3	LengthFieldType
tokio	lefity	abbr2	LengthFieldType
tokio	lngthf	consonants	LengthFieldType
tokio	LentghFieldType	typo	LengthFieldType
tokio	len*typ	glob	LengthFieldType
tokio	lentype	first+last	LengthFieldType
tokio	LocalPool	exact	LocalPool
tokio	local_pool	case	LocalPool
tokio	locpoo	abbr3	LocalPool
tokio	lopo	abbr2	LocalPool
tokio	lclpl	consonants	LocalPool
tokio	oLcalPool	typo	LocalPool
tokio	loc*poo	glob	LocalPool
tokio	locpool	first+last	LocalPool
tokio	finish_string_read	exact	finish_string_read
tokio	finishStringRead	case	finish_string_read
tokio	finstrrea	abbr3	finish_string_read
tokio	fistre	abbr2	finish_string_read
tokio	fnshst	consonants	finish_string_read
tokio	finish_stringr_ead	typo	finish_string_read
tokio	fin*rea	glob	finish_string_read
tokio	finread	first+last	finish_string_read
tokio	enable_io	exact	enable_io
tokio	enableIo	case	enable_io
tokio	enaio	abbr3	enable_io
tokio	enio	abbr2	enable_io
tokio	enbl	consonants	enable_io
tokio	enablei_o	typo	enable_io
tokio	ena*io	glob	enable_io
tokio	enaio	first+last	enable_io
tokio	TcpListener	exact	TcpListener
tokio	tcp_listener	case	TcpListener
tokio	tcli	abbr2	TcpListener
tokio	tcplst	consonants	TcpListener
tokio	TpcListener	typo	TcpListener
tokio	tcp*lis	glob	TcpListener
tokio	stats	exact	stats
tokio	stts	consonants	stats
tokio	sttas	typo	stats
tokio	check_socket_for_blocking	exact	check_socket_for_blocking
tokio	checkSocketForBlocking	case	check_socket_for_blocking
tokio	chesocforblo	abbr3	check_socket_for_blocking
tokio	chsofobl	abbr2	check_socket_for_blocking
tokio	chcksc	consonants	check_socket_for_blocking
tokio	check_sokcet_for_blocking	typo	check_socket_for_blocking
tokio	che*blo	glob	check_socket_for_blocking
tokio	cheblocking	first+last	check_socket_for_blocking
tokio	RxFuture	exact	RxFuture
tokio	rx_future	case	RxFuture
tokio	rxftr	consonants	RxFuture
tokio	RFxuture	typo	RxFuture
tokio	rx*fut	glob	RxFuture
tokio	AsyncSeek	exact	AsyncSeek
tokio	async_seek	case	AsyncSeek
tokio	asysee	abbr3	AsyncSeek
tokio	AsycnSeek	typo	AsyncSeek
tokio	asy*see	glob	AsyncSeek
tokio	asyseek	first+last	AsyncSeek
tokio	spawned_at	exact	spawned_at
tokio	spawnedAt	case	spawned_at
tokio	spaat	abbr3	spawned_at
tokio	spat	abbr2	spawned_at
tokio	spwndt	consonants	spawned_at
tokio	spa*at	glob	spawned_at
tokio	spaat	first+last	spawned_at
tokio	Task::spawned_at	qualified	spawned_at
tokio	DirBuilder	exact	DirBuilder
tokio	dir_builder	case	DirBuilder
tokio	dibu	abbr2	DirBuilder
tokio	drbldr	consonants	DirBuilder
tokio	DiruBilder	typo	DirBuilder
tokio	dir*bui	glob	DirBuilder
tokio	tick	exact	tick
tokio	LocalSet::tick	qualified	tick
tokio	block_in_place	exact	block_in_place
tokio	blockInPlace	case	block_in_place
tokio	bloinpla	abbr3	block_in_place
tokio	blinpl	abbr2	block_in_place
tokio	blcknp	consonants	block_in_place
tokio	block_i_nplace	typo	block_in_place
tokio	blo*pla	glob	block_in_place
tokio	bloplace	first+last	block_in_place
tokio	stream_mock	exact	stream_mock
tokio	streamMock	case	stream_mock
tokio	strmoc	abbr3	stream_mock
tokio	stmo	abbr2	stream_mock
tokio	strmmc	consonants	stream_mock
tokio	stream_mokc	typo	stream_mock
tokio	str*moc	glob	stream_mock
tokio	strmock	first+last	stream_mock
tokio	poll_next_segment	exact	poll_next_segment
tokio	pollNextSegment	case	poll_next_segment
tokio	polnexseg	abbr3	poll_next_segment
tokio	ponese	abbr2	poll_next_segment
tokio	pllnxt	consonants	poll_next_segment
tokio	opll_next_segment	typo	poll_next_segment
tokio	pol*seg	glob	poll_next_segment
tokio	polsegment	first+last	poll_next_segment
tokio	Split::poll_next_segment	qualified	poll_next_segment
tokio	UnboundedReceiver	exact	UnboundedReceiver
tokio	unbounded_receiver	case	UnboundedReceiver
tokio	unbrec	abbr3	UnboundedReceiver
tokio	unre	abbr2	UnboundedReceiver
tokio	unbndd	consonants	UnboundedReceiver
tokio	UnbounddeReceiver	typo	UnboundedReceiver
tokio	unb*rec	glob	UnboundedReceiver
tokio	unbreceiver	first+last	UnboundedReceiver
tokio	unexpose_provenance	exact	unexpose_provenance
tokio	unexposeProvenance	case	unexpose_provenance
tokio	unepro	abbr3	unexpose_provenance
tokio	unpr	abbr2	unexpose_provenance
tokio	unxpsp	consonants	unexpose_provenance
tokio	unexposep_rovenance	typo	unexpose_provenance
tokio	une*pro	glob	unexpose_provenance
tokio	uneprovenance	first+last	unexpose_provenance
tokio	PtrExposeDomain::unexpose_provenance	qualified	unexpose_provenance
tokio	remap_key	exact	remap_key
tokio	remapKey	case	remap_key
tokio	remkey	abbr3	remap_key
tokio	reke	abbr2	remap_key
tokio	rmpky	consonants	remap_key
tokio	reamp_key	typo	remap_key
tokio	rem*key	glob	remap_key
tokio	remkey	first+last	remap_key
tokio	SlabStorage::remap_key	qualified	remap_key
tokio	Defer	exact	Defer
tokio	dfr	consonants	Defer
tokio	Dfeer	typo	Defer
tokio	is_tx_task_set	exact	is_tx_task_set
tokio	isTxTaskSet	case	is_tx_task_set
tokio	istxtasset	abbr3	is_tx_task_set
tokio	istxtase	abbr2	is_tx_task_set
tokio	istxts	consonants	is_tx_task_set
tokio	is_tx_taks_set	typo	is_tx_task_set
tokio	is*set	glob	is_tx_task_set
tokio	isset	first+last	is_tx_task_set
tokio	State::is_tx_task_set	qualified	is_tx_task_set
tokio	as_raw	exact	as_raw
tokio	asRaw	case	as_raw
tokio	asrw	consonants	as_raw
tokio	asr_aw	typo	as_raw
tokio	as*raw	glob	as_raw
tokio	Link::as_raw	qualified	as_raw
tokio	inc_local_schedule_count	exact	inc_local_schedule_count
tokio	incLocalScheduleCount	case	inc_local_schedule_count
tokio	inclocschcou	abbr3	inc_local_schedule_count
tokio	inloscco	abbr2	inc_local_schedule_count
tokio	inclcl	consonants	inc_local_schedule_count
tokio	inc_local_schedulec_ount	typo	inc_local_schedule_count
tokio	inc*cou	glob	inc_local_schedule_count
tokio	inccount	first+last	inc_local_schedule_count
tokio	Stats::inc_local_schedule_count	qualified	inc_local_schedule_count
tokio	OrphanQueue	exact	OrphanQueue
tokio	orphan_queue	case	OrphanQueue
tokio	orpque	abbr3	OrphanQueue
tokio	orqu	abbr2	OrphanQueue
tokio	orphnq	consonants	OrphanQueue
tokio	OrphanQeuue	typo	OrphanQueue
tokio	orp*que	glob	OrphanQueue
tokio	orpqueue	first+last	OrphanQueue
tokio	assert_ready_err	exact	assert_ready_err
tokio	assertReadyErr	case	assert_ready_err
tokio	assreaerr	abbr3	assert_ready_err
tokio	asreer	abbr2	assert_ready_err
tokio	assrtr	consonants	assert_ready_err
tokio	assert_ready_rer	typo	assert_ready_err
tokio	ass*err	glob	assert_ready_err
tokio	asserr	first+last	assert_ready_err
tokio	symbol_address	exact	symbol_address
tokio	symbolAddress	case	symbol_address
tokio	symadd	abbr3	symbol_address
tokio	syad	abbr2	symbol_address
tokio	symbld	consonants	symbol_address
tokio	sybmol_address	typo	symbol_address
tokio	sym*add	glob	symbol_address
tokio	symaddress	first+last	symbol_address
tokio	BacktraceFrame::symbol_address	qualified	symbol_address
tokio	num_skip	exact	num_skip
tokio	numSkip	case	num_skip
tokio	numski	abbr3	num_skip
tokio	nusk	abbr2	num_skip
tokio	nmskp	consonants	num_skip
tokio	nums_kip	typo	num_skip
tokio	num*ski	glob	num_skip
tokio	numskip	first+last	num_skip
tokio	Builder::num_skip	qualified	num_skip
tokio	time_source	exact	time_source
tokio	timeSource	case	time_source
tokio	timsou	abbr3	time_source
tokio	tiso	abbr2	time_source
tokio	tmsrc	consonants	time_source
tokio	tmie_source	typo	time_source
tokio	tim*sou	glob	time_source
tokio	timsource	first+last	time_source
tokio	Handle::time_source	qualified	time_source
tokio	addr_of	exact	addr_of
tokio	addrOf	case	addr_of
tokio	addof	abbr3	addr_of
tokio	adof	abbr2	addr_of
tokio	addrf	consonants	addr_of
tokio	addr_fo	typo	addr_of
tokio	add*of	glob	addr_of
tokio	addof	first+last	addr_of
tokio	read_u128	exact	read_u128
tokio	readU128	case	read_u128
tokio	reau128	abbr3	read_u128
tokio	reu12	abbr2	read_u128
tokio	rd	consonants	read_u128
tokio	read_u218	typo	read_u128
tokio	rea*128	glob	read_u128
tokio	rea128	first+last	read_u128
tokio	OwnedWriteHalf	exact	OwnedWriteHalf
tokio	owned_write_half	case	OwnedWriteHalf
tokio	ownwrihal	abbr3	OwnedWriteHalf
tokio	owwrha	abbr2	OwnedWriteHalf
tokio	owndwr	consonants	OwnedWriteHalf
tokio	OwndeWriteHalf	typo	OwnedWriteHalf
tokio	own*hal	glob	OwnedWriteHalf
tokio	ownhalf	first+last	OwnedWriteHalf
tokio	linked_list	exact	linked_list
tokio	linkedList	case	linked_list
tokio	linlis	abbr3	linked_list
tokio	lili	abbr2	linked_list
tokio	lnkdls	consonants	linked_list
tokio	linkde_list	typo	linked_list
tokio	lin*lis	glob	linked_list
tokio	linlist	first+last	linked_list
ripgrep	NoCaptures	exact	NoCaptures
ripgrep	no_captures	case	NoCaptures
ripgrep	ncptrs	consonants	NoCaptures
ripgrep	oNCaptures	typo	NoCaptures
ripgrep	no*cap	glob	NoCaptures
ripgrep	is_suffix	exact	is_suffix
ripgrep	isSuffix	case	is_suffix
ripgrep	issuf	abbr3	is_suffix
ripgrep	issu	abbr2	is_suffix
ripgrep	issffx	consonants	is_suffix
ripgrep	is_usffix	typo	is_suffix
ripgrep	is*suf	glob	is_suffix
ripgrep	issuffix	first+last	is_suffix
ripgrep	LineTerminator::is_suffix	qualified	is_suffix
ripgrep	strip_dot_prefix	exact	strip_dot_prefix
ripgrep	stripDotPrefix	case	strip_dot_prefix
ripgrep	strdotpre	abbr3	strip_dot_prefix
ripgrep	stdopr	abbr2	strip_dot_prefix
ripgrep	strpdt	consonants	strip_dot_prefix
ripgrep	strip_do_tprefix	typo	strip_dot_prefix
ripgrep	str*pre	glob	strip_dot_prefix
ripgrep	strprefix	first+last	strip_dot_prefix
ripgrep	HaystackBuilder::strip_dot_prefix	qualified	strip_dot_prefix
ripgrep	shortest_match	exact	shortest_match
ripgrep	shortestMatch	case	shortest_match
ripgrep	shomat	abbr3	shortest_match
ripgrep	shma	abbr2	shortest_match
ripgrep	shrtst	consonants	shortest_match
ripgrep	shortets_match	typo	shortest_match
ripgrep	sho*mat	glob	shortest_match
ripgrep	shomatch	first+last	shortest_match
ripgrep	&'a M::shortest_match	qualified	shortest_match
ripgrep	search_decompress	exact	search_decompress
ripgrep	searchDecompress	case	search_decompress
ripgrep	seadec	abbr3	search_decompress
ripgrep	sede	abbr2	search_decompress
ripgrep	srchdc	consonants	search_decompress
ripgrep	search_edcompress	typo	search_decompress
ripgrep	sea*dec	glob	search_decompress
ripgrep	seadecompress	first+last	search_decompress
ripgrep	SearchWorker::search_decompress	qualified	search_decompress
ripgrep	Flag	exact	Flag
ripgrep	advance	exact	advance
ripgrep	advnc	consonants	advance
ripgrep	advacne	typo	advance
ripgrep	MultiLine::advance	qualified	advance
ripgrep	Logger	exact	Logger
ripgrep	lggr	consonants	Logger
ripgrep	Loggre	typo	Logger
ripgrep	heap_limit	exact	heap_limit
ripgrep	heapLimit	case	heap_limit
ripgrep	healim	abbr3	heap_limit
ripgrep	heli	abbr2	heap_limit
ripgrep	hplmt	consonants	heap_limit
ripgrep	heap_liimt	typo	heap_limit
ripgrep	hea*lim	glob	heap_limit
ripgrep	healimit	first+last	heap_limit
ripgrep	SearcherBuilder::heap_limit	qualified	heap_limit
ripgrep	runtime_cpu_features	exact	runtime_cpu_features
ripgrep	runtimeCpuFeatures	case	runtime_cpu_features
ripgrep	runcpufea	abbr3	runtime_cpu_features
ripgrep	rucpfe	abbr2	runtime_cpu_features
ripgrep	rntmcp	consonants	runtime_cpu_features
ripgrep	runtime_cpu_faetures	typo	runtime_cpu_features
ripgrep	run*fea	glob	runtime_cpu_features
ripgrep	runfeatures	first+last	runtime_cpu_features
ripgrep	from_entry_os	exact	from_entry_os
ripgrep	fromEntryOs	case	from_entry_os
ripgrep	froentos	abbr3	from_entry_os
ripgrep	frenos	abbr2	from_entry_os
ripgrep	frmntr	consonants	from_entry_os
ripgrep	from_netry_os	typo	from_entry_os
ripgrep	fro*os	glob	from_entry_os
ripgrep	froos	first+last	from_entry_os
ripgrep	DirEntryRaw::from_entry_os	qualified	from_entry_os
ripgrep	get_mut	exact	get_mut
ripgrep	getMut	case	get_mut
ripgrep	getmut	abbr3	get_mut
ripgrep	gemu	abbr2	get_mut
ripgrep	gtmt	consonants	get_mut
ripgrep	get_umt	typo	get_mut
ripgrep	get*mut	glob	get_mut
ripgrep	getmut	first+last	get_mut
ripgrep	Summary::get_mut	qualified	get_mut
ripgrep	needs_match_granularity	exact	needs_match_granularity
ripgrep	needsMatchGranularity	case	needs_match_granularity
ripgrep	neematgra	abbr3	needs_match_granularity
ripgrep	nemagr	abbr2	needs_match_granularity
ripgrep	ndsmtc	consonants	needs_match_granularity
ripgrep	needs_match_granulartiy	typo	needs_match_granularity
ripgrep	nee*gra	glob	needs_match_granularity
ripgrep	neegranularity	first+last	needs_match_granularity
ripgrep	Standard::needs_match_granularity	qualified	needs_match_granularity
ripgrep	drop	exact	drop
ripgrep	TempDir::drop	qualified	drop
ripgrep	set_after	exact	set_after
ripgrep	setAfter	case	set_after
ripgrep	setaft	abbr3	set_after
ripgrep	seaf	abbr2	set_after
ripgrep	stftr	consonants	set_after
ripgrep	est_after	typo	set_after
ripgrep	set*aft	glob	set_after
ripgrep	setafter	first+last	set_after
ripgrep	ContextMode::set_after	qualified	set_after
ripgrep	Sunk	exact	Sunk
ripgrep	Ignore	exact	Ignore
ripgrep	ignr	consonants	Ignore
ripgrep	Ingore	typo	Ignore
ripgrep	has_match	exact	has_match
ripgrep	hasMatch	case	has_match
ripgrep	hasmat	abbr3	has_match
ripgrep	hama	abbr2	has_match
ripgrep	hsmtch	consonants	has_match
ripgrep	ha_smatch	typo	has_match
ripgrep	has*mat	glob	has_match
ripgrep	hasmatch	first+last	has_match
ripgrep	JSONSink::has_match	qualified	has_match
ripgrep	CommandErrorKind	exact	CommandErrorKind
ripgrep	command_error_kind	case	CommandErrorKind
ripgrep	comerrkin	abbr3	CommandErrorKind
ripgrep	coerki	abbr2	CommandErrorKind
ripgrep	cmmndr	consonants	CommandErrorKind
ripgrep	CommandErrorKidn	typo	CommandErrorKind
ripgrep	com*kin	glob	CommandErrorKind
ripgrep	comkind	first+last	CommandErrorKind
ripgrep	validate_scheme	exact	validate_scheme
ripgrep	validateScheme	case	validate_scheme
ripgrep	valsch	abbr3	validate_scheme
ripgrep	vasc	abbr2	validate_scheme
ripgrep	vldtsc	consonants	validate_scheme
ripgrep	validates_cheme	typo	validate_scheme
ripgrep	val*sch	glob	validate_scheme
ripgrep	valscheme	first+last	validate_scheme
ripgrep	FormatBuilder::validate_scheme	qualified	validate_scheme
ripgrep	start_color_match	exact	start_color_match
ripgrep	startColorMatch	case	start_color_match
ripgrep	stacolmat	abbr3	start_color_match
ripgrep	stcoma	abbr2	start_color_match
ripgrep	strtcl	consonants	start_color_match
ripgrep	satrt_color_match	typo	start_color_match
ripgrep	sta*mat	glob	start_color_match
ripgrep	stamatch	first+last	start_color_match
ripgrep	StandardImpl::start_color_match	qualified	start_color_match
ripgrep	eprint_nothing_searched	exact	eprint_nothing_searched
ripgrep	eprintNothingSearched	case	eprint_nothing_searched
ripgrep	eprnotsea	abbr3	eprint_nothing_searched
ripgrep	epnose	abbr2	eprint_nothing_searched
ripgrep	eprntn	consonants	eprint_nothing_searched
ripgrep	epirnt_nothing_searched	typo	eprint_nothing_searched
ripgrep	epr*sea	glob	eprint_nothing_searched
ripgrep	eprsearched	first+last	eprint_nothing_searched
ripgrep	find_iter_at	exact	find_iter_at
ripgrep	findIterAt	case	find_iter_at
ripgrep	finiteat	abbr3	find_iter_at
ripgrep	fiitat	abbr2	find_iter_at
ripgrep	fndtrt	consonants	find_iter_at
ripgrep	ifnd_iter_at	typo	find_iter_at
ripgrep	fin*at	glob	find_iter_at
ripgrep	finat	first+last	find_iter_at
ripgrep	Matcher::find_iter_at	qualified	find_iter_at
ripgrep	match_by_line_slow	exact	match_by_line_slow
ripgrep	matchByLineSlow	case	match_by_line_slow
ripgrep	matbylinslo	abbr3	match_by_line_slow
ripgrep	mabylisl	abbr2	match_by_line_slow
ripgrep	mtchby	consonants	match_by_line_slow
ripgrep	amtch_by_line_slow	typo	match_by_line_slow
ripgrep	mat*slo	glob	match_by_line_slow
ripgrep	matslow	first+last	match_by_line_slow
ripgrep	Core::match_by_line_slow	qualified	match_by_line_slow
ripgrep	same_file_system	exact	same_file_system
ripgrep	sameFileSystem	case	same_file_system
ripgrep	samfilsys	abbr3	same_file_system
ripgrep	safisy	abbr2	same_file_system
ripgrep	smflsy	consonants	same_file_system
ripgrep	sam_efile_system	typo	same_file_system
ripgrep	sam*sys	glob	same_file_system
ripgrep	samsystem	first+last	same_file_system
ripgrep	WalkBuilder::same_file_system	qualified	same_file_system
ripgrep	search_parallel	exact	search_parallel
ripgrep	searchParallel	case	search_parallel
ripgrep	seapar	abbr3	search_parallel
ripgrep	srchpr	consonants	search_parallel
ripgrep	saerch_parallel	typo	search_parallel
ripgrep	sea*par	glob	search_parallel
ripgrep	seaparallel	first+last	search_parallel
ripgrep	ARGS_BROTLI	exact	ARGS_BROTLI
ripgrep	argsBrotli	case	ARGS_BROTLI
ripgrep	argbro	abbr3	ARGS_BROTLI
ripgrep	arbr	abbr2	ARGS_BROTLI
ripgrep	argsbr	consonants	ARGS_BROTLI
ripgrep	ARGS_BROTIL	typo	ARGS_BROTLI
ripgrep	arg*bro	glob	ARGS_BROTLI
ripgrep	argbrotli	first+last	ARGS_BROTLI
ripgrep	path_prefix	exact	path_prefix
ripgrep	pathPrefix	case	path_prefix
ripgrep	patpre	abbr3	path_prefix
ripgrep	papr	abbr2	path_prefix
ripgrep	pthprf	consonants	path_prefix
ripgrep	paht_prefix	typo	path_prefix
ripgrep	pat*pre	glob	path_prefix
ripgrep	patprefix	first+last	path_prefix
ripgrep	Candidate::path_prefix	qualified	path_prefix
ripgrep	from	exact	from
ripgrep	Glob::from	qualified	from
ripgrep	args	exact	args
ripgrep	printer_json	exact	printer_json
ripgrep	printerJson	case	printer_json
ripgrep	prijso	abbr3	printer_json
ripgrep	prjs	abbr2	printer_json
ripgrep	prntrj	consonants	printer_json
ripgrep	pirnter_json	typo	printer_json
ripgrep	pri*jso	glob	printer_json
ripgrep	prijson	first+last	printer_json
ripgrep	HiArgs::printer_json	qualified	printer_json
ripgrep	wsl_prefix	exact	wsl_prefix
ripgrep	wslPrefix	case	wsl_prefix
ripgrep	wslpre	abbr3	wsl_prefix
ripgrep	wspr	abbr2	wsl_prefix
ripgrep	wslprf	consonants	wsl_prefix
ripgrep	ws_lprefix	typo	wsl_prefix
ripgrep	wsl*pre	glob	wsl_prefix
ripgrep	wslprefix	first+last	wsl_prefix
ripgrep	HyperlinkEnvironment::wsl_prefix	qualified	wsl_prefix
ripgrep	WalkEvent	exact	WalkEvent
ripgrep	walk_event	case	WalkEvent
ripgrep	waleve	abbr3	WalkEvent
ripgrep	waev	abbr2	WalkEvent
ripgrep	wlkvnt	consonants	WalkEvent
ripgrep	WaklEvent	typo	WalkEvent
ripgrep	wal*eve	glob	WalkEvent
ripgrep	walevent	first+last	WalkEvent
ripgrep	lines	exact	lines
ripgrep	lns	consonants	lines
ripgrep	liens	typo	lines
ripgrep	Sunk::lines	qualified	lines
ripgrep	InterpolatorStatus	exact	InterpolatorStatus
ripgrep	interpolator_status	case	InterpolatorStatus
ripgrep	intsta	abbr3	InterpolatorStatus
ripgrep	intrpl	consonants	InterpolatorStatus
ripgrep	InterpolaotrStatus	typo	InterpolatorStatus
ripgrep	int*sta	glob	InterpolatorStatus
ripgrep	intstatus	first+last	InterpolatorStatus
ripgrep	case_insensitive	exact	case_insensitive
ripgrep	caseInsensitive	case	case_insensitive
ripgrep	casins	abbr3	case_insensitive
ripgrep	cain	abbr2	case_insensitive
ripgrep	csnsns	consonants	case_insensitive
ripgrep	case_inesnsitive	typo	case_insensitive
ripgrep	cas*ins	glob	case_insensitive
ripgrep	casinsensitive	first+last	case_insensitive
ripgrep	OverrideBuilder::case_insensitive	qualified	case_insensitive
ripgrep	CommandReaderBuilder	exact	CommandReaderBuilder
ripgrep	command_reader_builder	case	CommandReaderBuilder
ripgrep	comreabui	abbr3	CommandReaderBuilder
ripgrep	corebu	abbr2	CommandReaderBuilder
ripgrep	cmmndr	consonants	CommandReaderBuilder
ripgrep	CommandReaderBuidler	typo	CommandReaderBuilder
ripgrep	com*bui	glob	CommandReaderBuilder
ripgrep	combuilder	first+last	CommandReaderBuilder
ripgrep	Captures	exact	Captures
ripgrep	cptrs	consonants	Captures
ripgrep	Caputres	typo	Captures
ripgrep	ColorError	exact	ColorError
ripgrep	color_error	case	ColorError
ripgrep	colerr	abbr3	ColorError
ripgrep	coer	abbr2	ColorError
ripgrep	clrrrr	consonants	ColorError
ripgrep	CloorError	typo	ColorError
ripgrep	col*err	glob	ColorError
ripgrep	colerror	first+last	ColorError
ripgrep	name_negated	exact	name_negated
ripgrep	nameNegated	case	name_negated
ripgrep	namneg	abbr3	name_negated
ripgrep	nane	abbr2	name_negated
ripgrep	nmngtd	consonants	name_negated
ripgrep	anme_negated	typo	name_negated
ripgrep	nam*neg	glob	name_negated
ripgrep	namnegated	first+last	name_negated
ripgrep	MaxColumnsPreview::name_negated	qualified	name_negated
ripgrep	is_explicit	exact	is_explicit
ripgrep	isExplicit	case	is_explicit
ripgrep	isexp	abbr3	is_explicit
ripgrep	isex	abbr2	is_explicit
ripgrep	isxplc	consonants	is_explicit
ripgrep	is_expilcit	typo	is_explicit
ripgrep	is*exp	glob	is_explicit
ripgrep	isexplicit	first+last	is_explicit
ripgrep	Haystack::is_explicit	qualified	is_explicit
ripgrep	ARGS_ZSTD	exact	ARGS_ZSTD
ripgrep	argsZstd	case	ARGS_ZSTD
ripgrep	argzst	abbr3	ARGS_ZSTD
ripgrep	arzs	abbr2	ARGS_ZSTD
ripgrep	argszs	consonants	ARGS_ZSTD
ripgrep	ARGS_ZTSD	typo	ARGS_ZSTD
ripgrep	arg*zst	glob	ARGS_ZSTD
ripgrep	argzstd	first+last	ARGS_ZSTD
ripgrep	unescape	exact	unescape
ripgrep	unscp	consonants	unescape
ripgrep	unescaep	typo	unescape
ripgrep	empty	exact	empty
ripgrep	epmty	typo	empty
ripgrep	Override::empty	qualified	empty
ripgrep	parent	exact	parent
ripgrep	prnt	consonants	parent
ripgrep	aprent	typo	parent
ripgrep	Ignore::parent	qualified	parent
ripgrep	TEMPLATE_NEGATED	exact	TEMPLATE_NEGATED
ripgrep	templateNegated	case	TEMPLATE_NEGATED
ripgrep	temneg	abbr3	TEMPLATE_NEGATED
ripgrep	tene	abbr2	TEMPLATE_NEGATED
ripgrep	tmpltn	consonants	TEMPLATE_NEGATED
ripgrep	TEMPLATE_NEGATDE	typo	TEMPLATE_NEGATED
ripgrep	tem*neg	glob	TEMPLATE_NEGATED
ripgrep	temnegated	first+last	TEMPLATE_NEGATED
ripgrep	fill	exact	fill
ripgrep	ReadByLine::fill	qualified	fill
ripgrep	push_ignore_io	exact	push_ignore_io
ripgrep	pushIgnoreIo	case	push_ignore_io
ripgrep	pusignio	abbr3	push_ignore_io
ripgrep	puigio	abbr2	push_ignore_io
ripgrep	pshgnr	consonants	push_ignore_io
ripgrep	push_ignroe_io	typo	push_ignore_io
ripgrep	pus*io	glob	push_ignore_io
ripgrep	pusio	first+last	push_ignore_io
ripgrep	PartialErrorBuilder::push_ignore_io	qualified	push_ignore_io
ripgrep	write_context_separator	exact	write_context_separator
ripgrep	writeContextSeparator	case	write_context_separator
ripgrep	wriconsep	abbr3	write_context_separator
ripgrep	wrcose	abbr2	write_context_separator
ripgrep	wrtcnt	consonants	write_context_separator
ripgrep	write_context_separtaor	typo	write_context_separator
ripgrep	wri*sep	glob	write_context_separator
ripgrep	wriseparator	first+last	write_context_separator
ripgrep	StandardImpl::write_context_separator	qualified	write_context_separator
ripgrep	into_word	exact	into_word
ripgrep	intoWord	case	into_word
ripgrep	intwor	abbr3	into_word
ripgrep	inwo	abbr2	into_word
ripgrep	intwrd	consonants	into_word
ripgrep	nito_word	typo	into_word
ripgrep	int*wor	glob	into_word
ripgrep	intword	first+last	into_word
ripgrep	ConfiguredHIR::into_word	qualified	into_word
ripgrep	UNC_PREFIX	exact	UNC_PREFIX
ripgrep	uncPrefix	case	UNC_PREFIX
ripgrep	uncpre	abbr3	UNC_PREFIX
ripgrep	unpr	abbr2	UNC_PREFIX
ripgrep	uncprf	consonants	UNC_PREFIX
ripgrep	NUC_PREFIX	typo	UNC_PREFIX
ripgrep	unc*pre	glob	UNC_PREFIX
ripgrep	uncprefix	first+last	UNC_PREFIX
ripgrep	writeln	exact	writeln
ripgrep	wrtln	consonants	writeln
ripgrep	wrietln	typo	writeln
ripgrep	flags	exact	flags
ripgrep	flgs	consonants	flags
ripgrep	falgs	typo	flags
ripgrep	write_prelude	exact	write_prelude
ripgrep	writePrelude	case	write_prelude
ripgrep	wripre	abbr3	write_prelude
ripgrep	wrpr	abbr2	write_prelude
ripgrep	wrtprl	consonants	write_prelude
ripgrep	rwite_prelude	typo	write_prelude
ripgrep	wri*pre	glob	write_prelude
ripgrep	wriprelude	first+last	write_prelude
ripgrep	StandardImpl::write_prelude	qualified	write_prelude
ripgrep	is_match_at	exact	is_match_at
ripgrep	isMatchAt	case	is_match_at
ripgrep	ismatat	abbr3	is_match_at
ripgrep	ismaat	abbr2	is_match_at
ripgrep	ismtch	consonants	is_match_at
ripgrep	is_matc_hat	typo	is_match_at
ripgrep	is*at	glob	is_match_at
ripgrep	isat	first+last	is_match_at
ripgrep	Matcher::is_match_at	qualified	is_match_at
ripgrep	Work	exact	Work
ripgrep	count	exact	count
ripgrep	cnt	consonants	count
ripgrep	cuont	typo	count
ripgrep	CounterWriter::count	qualified	count
ripgrep	WalkParallel	exact	WalkParallel
ripgrep	walk_parallel	case	WalkParallel
ripgrep	walpar	abbr3	WalkParallel
ripgrep	wapa	abbr2	WalkParallel
ripgrep	wlkprl	consonants	WalkParallel
ripgrep	WalPkarallel	typo	WalkParallel
ripgrep	wal*par	glob	WalkParallel
ripgrep	walparallel	first+last	WalkParallel
ripgrep	offset	exact	offset
ripgrep	offst	consonants	offset
ripgrep	fofset	typo	offset
ripgrep	Match::offset	qualified	offset
ripgrep	TesterConfig	exact	TesterConfig
ripgrep	tester_config	case	TesterConfig
ripgrep	tescon	abbr3	TesterConfig
ripgrep	teco	abbr2	TesterConfig
ripgrep	tstrcn	consonants	TesterConfig
ripgrep	TesterConfgi	typo	TesterConfig
ripgrep	tes*con	glob	TesterConfig
ripgrep	tesconfig	first+last	TesterConfig
ripgrep	write_path_line	exact	write_path_line
ripgrep	writePathLine	case	write_path_line
ripgrep	wripatlin	abbr3	write_path_line
ripgrep	wrpali	abbr2	write_path_line
ripgrep	wrtpth	consonants	write_path_line
ripgrep	write_pat_hline	typo	write_path_line
ripgrep	wri*lin	glob	write_path_line
ripgrep	wriline	first+last	write_path_line
ripgrep	SummarySink::write_path_line	qualified	write_path_line
ripgrep	full	exact	full
ripgrep	ByteSet::full	qualified	full
ripgrep	binary_detection_implicit	exact	binary_detection_implicit
ripgrep	binaryDetectionImplicit	case	binary_detection_implicit
ripgrep	bindetimp	abbr3	binary_detection_implicit
ripgrep	bideim	abbr2	binary_detection_implicit
ripgrep	bnrydt	consonants	binary_detection_implicit
ripgrep	bniary_detection_implicit	typo	binary_detection_implicit
ripgrep	bin*imp	glob	binary_detection_implicit
ripgrep	binimplicit	first+last	binary_detection_implicit
ripgrep	SearchWorkerBuilder::binary_detection_implicit	qualified	binary_detection_implicit
ripgrep	visit_str	exact	visit_str
ripgrep	visitStr	case	visit_str
ripgrep	visstr	abbr3	visit_str
ripgrep	vist	abbr2	visit_str
ripgrep	vststr	consonants	visit_str
ripgrep	viist_str	typo	visit_str
ripgrep	vis*str	glob	visit_str
ripgrep	visstr	first+last	visit_str
ripgrep	GlobVisitor::visit_str	qualified	visit_str
ripgrep	file_name	exact	file_name
ripgrep	fileName	case	file_name
ripgrep	filnam	abbr3	file_name
ripgrep	fina	abbr2	file_name
ripgrep	flnm	consonants	file_name
ripgrep	ifle_name	typo	file_name
ripgrep	fil*nam	glob	file_name
ripgrep	filname	first+last	file_name
ripgrep	DirEntryInner::file_name	qualified	file_name
ripgrep	stats	exact	stats
ripgrep	stts	consonants	stats
ripgrep	tsats	typo	stats
ripgrep	SummarySink::stats	qualified	stats
ripgrep	is_none	exact	is_none
ripgrep	isNone	case	is_none
ripgrep	isnon	abbr3	is_none
ripgrep	isno	abbr2	is_none
ripgrep	isnn	consonants	is_none
ripgrep	si_none	typo	is_none
ripgrep	is*non	glob	is_none
ripgrep	isnone	first+last	is_none
ripgrep	Match::is_none	qualified	is_none
ripgrep	min_literal_len	exact	min_literal_len
ripgrep	minLiteralLen	case	min_literal_len
ripgrep	minlitlen	abbr3	min_literal_len
ripgrep	milile	abbr2	min_literal_len
ripgrep	mnltrl	consonants	min_literal_len
ripgrep	min_ilteral_len	typo	min_literal_len
ripgrep	min*len	glob	min_literal_len
ripgrep	minlen	first+last	min_literal_len
ripgrep	TSeq::min_literal_len	qualified	min_literal_len
ripgrep	InnerLiterals	exact	InnerLiterals
ripgrep	inner_literals	case	InnerLiterals
ripgrep	innlit	abbr3	InnerLiterals
ripgrep	inli	abbr2	InnerLiterals
ripgrep	innrlt	consonants	InnerLiterals
ripgrep	InnerLietrals	typo	InnerLiterals
ripgrep	inn*lit	glob	InnerLiterals
ripgrep	innliterals	first+last	InnerLiterals
ripgrep	SliceByLine	exact	SliceByLine
ripgrep	slice_by_line	case	SliceByLine
ripgrep	slibylin	abbr3	SliceByLine
ripgrep	slbyli	abbr2	SliceByLine
ripgrep	slcbyl	consonants	SliceByLine
ripgrep	SliceByLien	typo	SliceByLine
ripgrep	sli*lin	glob	SliceByLine
ripgrep	sliline	first+last	SliceByLine
ripgrep	max_filesize	exact	max_filesize
ripgrep	maxFilesize	case	max_filesize
ripgrep	mafi	abbr2	max_filesize
ripgrep	mxflsz	consonants	max_filesize
ripgrep	max_iflesize	typo	max_filesize
ripgrep	max*fil	glob	max_filesize
ripgrep	WalkBuilder::max_filesize	qualified	max_filesize
ripgrep	process	exact	process
ripgrep	pro	abbr3	process
ripgrep	prcss	consonants	process
ripgrep	rpocess	typo	process
ripgrep	sync	exact	sync
ripgrep	StderrReader::sync	qualified	sync
ripgrep	build_global	exact	build_global
ripgrep	buildGlobal	case	build_global
ripgrep	buiglo	abbr3	build_global
ripgrep	bugl	abbr2	build_global
ripgrep	bldglb	consonants	build_global
ripgrep	build_gloabl	typo	build_global
ripgrep	bui*glo	glob	build_global
ripgrep	buiglobal	first+last	build_global
ripgrep	GitignoreBuilder::build_global	qualified	build_global
ripgrep	MAX_LOOK_AHEAD	exact	MAX_LOOK_AHEAD
ripgrep	maxLookAhead	case	MAX_LOOK_AHEAD
ripgrep	maxlooahe	abbr3	MAX_LOOK_AHEAD
ripgrep	maloah	abbr2	MAX_LOOK_AHEAD
ripgrep	mxlkhd	consonants	MAX_LOOK_AHEAD
ripgrep	MAX_LOOK_AEHAD	typo	MAX_LOOK_AHEAD
ripgrep	max*ahe	glob	MAX_LOOK_AHEAD
ripgrep	maxahead	first+last	MAX_LOOK_AHEAD
ripgrep	remove_roff	exact	remove_roff
ripgrep	removeRoff	case	remove_roff
ripgrep	remrof	abbr3	remove_roff
ripgrep	rero	abbr2	remove_roff
ripgrep	rmvrff	consonants	remove_roff
ripgrep	remove_orff	typo	remove_roff
ripgrep	rem*rof	glob	remove_roff
ripgrep	remroff	first+last	remove_roff
ripgrep	command	exact	command
ripgrep	cmmnd	consonants	command
ripgrep	cmomand	typo	command
ripgrep	DecompressionMatcher::command	qualified	command
ripgrep	with_path	exact	with_path
ripgrep	withPath	case	with_path
ripgrep	witpat	abbr3	with_path
ripgrep	wipa	abbr2	with_path
ripgrep	wthpth	consonants	with_path
ripgrep	with_ptah	typo	with_path
ripgrep	wit*pat	glob	with_path
ripgrep	witpath	first+last	with_path
ripgrep	Error::with_path	qualified	with_path
ripgrep	powershell	exact	powershell
ripgrep	pow	abbr3	powershell
ripgrep	pwrshl	consonants	powershell
ripgrep	powerhsell	typo	powershell
ripgrep	host	exact	host
ripgrep	HyperlinkEnvironment::host	qualified	host
ripgrep	update	exact	update
ripgrep	updt	consonants	update
ripgrep	udpate	typo	update
ripgrep	PCRE2::update	qualified	update
ripgrep	ignore_message	exact	ignore_message
ripgrep	ignoreMessage	case	ignore_message
ripgrep	ignmes	abbr3	ignore_message
ripgrep	igme	abbr2	ignore_message
ripgrep	ignrms	consonants	ignore_message
ripgrep	ignore_messgae	typo	ignore_message
ripgrep	ign*mes	glob	ignore_message
ripgrep	ignmessage	first+last	ignore_message
ripgrep	sort_by_file_name	exact	sort_by_file_name
ripgrep	sortByFileName	case	sort_by_file_name
ripgrep	sorbyfilnam	abbr3	sort_by_file_name
ripgrep	sobyfina	abbr2	sort_by_file_name
ripgrep	srtbyf	consonants	sort_by_file_name
ripgrep	sort_by_file_anme	typo	sort_by_file_name
ripgrep	sor*nam	glob	sort_by_file_name
ripgrep	sorname	first+last	sort_by_file_name
ripgrep	WalkBuilder::sort_by_file_name	qualified	sort_by_file_name
ripgrep	non_matching	exact	non_matching
ripgrep	nonMatching	case	non_matching
ripgrep	nonmat	abbr3	non_matching
ripgrep	noma	abbr2	non_matching
ripgrep	nnmtch	consonants	non_matching
ripgrep	non_mathcing	typo	non_matching
ripgrep	non*mat	glob	non_matching
ripgrep	nonmatching	first+last	non_matching
ripgrep	SpecValue	exact	SpecValue
ripgrep	spec_value	case	SpecValue
ripgrep	speval	abbr3	SpecValue
ripgrep	spva	abbr2	SpecValue
ripgrep	spcvl	consonants	SpecValue
ripgrep	SepcValue	typo	SpecValue
ripgrep	spe*val	glob	SpecValue
ripgrep	spevalue	first+last	SpecValue
ripgrep	byte	exact	byte
ripgrep	LineTerminator::byte	qualified	byte
ripgrep	before_context_by_line	exact	before_context_by_line
ripgrep	beforeContextByLine	case	before_context_by_line
ripgrep	befconbylin	abbr3	before_context_by_line
ripgrep	becobyli	abbr2	before_context_by_line
ripgrep	bfrcnt	consonants	before_context_by_line
ripgrep	before_cotnext_by_line	typo	before_context_by_line
ripgrep	bef*lin	glob	before_context_by_line
ripgrep	befline	first+last	before_context_by_line
ripgrep	Core::before_context_by_line	qualified	before_context_by_line
ripgrep	line_anchor_start	exact	line_anchor_start
ripgrep	lineAnchorStart	case	line_anchor_start
ripgrep	linancsta	abbr3	line_anchor_start
ripgrep	lianst	abbr2	line_anchor_start
ripgrep	lnnchr	consonants	line_anchor_start
ripgrep	ilne_anchor_start	typo	line_anchor_start
ripgrep	lin*sta	glob	line_anchor_start
ripgrep	linstart	first+last	line_anchor_start
ripgrep	ConfiguredHIR::line_anchor_start	qualified	line_anchor_start
ripgrep	hir	exact	hir
ripgrep	ConfiguredHIR::hir	qualified	hir
ripgrep	strip	exact	strip
ripgrep	strp	consonants	strip
ripgrep	stirp	typo	strip
ripgrep	Gitignore::strip	qualified	strip
ripgrep	ignore	exact	ignore
ripgrep	ignr	consonants	ignore
ripgrep	ingore	typo	ignore
ripgrep	IgnoreBuilder::ignore	qualified	ignore
ripgrep	error	exact	error
ripgrep	errr	consonants	error
ripgrep	erorr	typo	error
ripgrep	DirEntry::error	qualified	error
ripgrep	line_number	exact	line_number
ripgrep	lineNumber	case	line_number
ripgrep	linnum	abbr3	line_number
ripgrep	linu	abbr2	line_number
ripgrep	lnnmbr	consonants	line_number
ripgrep	line_unmber	typo	line_number
ripgrep	lin*num	glob	line_number
ripgrep	linnumber	first+last	line_number
ripgrep	SinkContext::line_number	qualified	line_number
ripgrep	ConfiguredHIR	exact	ConfiguredHIR
ripgrep	configured_hir	case	ConfiguredHIR
ripgrep	conhir	abbr3	ConfiguredHIR
ripgrep	cohi	abbr2	ConfiguredHIR
ripgrep	cnfgrd	consonants	ConfiguredHIR
ripgrep	ConifguredHIR	typo	ConfiguredHIR
ripgrep	con*hir	glob	ConfiguredHIR
ripgrep	conhir	first+last	ConfiguredHIR
ripgrep	global	exact	global
ripgrep	glbl	consonants	global
ripgrep	glboal	typo	global
ripgrep	Gitignore::global	qualified	global
ripgrep	add_bytes_searched	exact	add_bytes_searched
ripgrep	addBytesSearched	case	add_bytes_searched
ripgrep	addbytsea	abbr3	add_bytes_searched
ripgrep	adbyse	abbr2	add_bytes_searched
ripgrep	addbyt	consonants	add_bytes_searched
ripgrep	add_bytes_seacrhed	typo	add_bytes_searched
ripgrep	add*sea	glob	add_bytes_searched
ripgrep	addsearched	first+last	add_bytes_searched
ripgrep	Stats::add_bytes_searched	qualified	add_bytes_searched
ripgrep	render_custom_markup	exact	render_custom_markup
ripgrep	renderCustomMarkup	case	render_custom_markup
ripgrep	rencusmar	abbr3	render_custom_markup
ripgrep	recuma	abbr2	render_custom_markup
ripgrep	rndrcs	consonants	render_custom_markup
ripgrep	render_custom_marukp	typo	render_custom_markup
ripgrep	ren*mar	glob	render_custom_markup
ripgrep	renmarkup	first+last	render_custom_markup
ripgrep	set_line_term	exact	set_line_term
ripgrep	setLineTerm	case	set_line_term
ripgrep	setlinter	abbr3	set_line_term
ripgrep	selite	abbr2	set_line_term
ripgrep	stlntr	consonants	set_line_term
ripgrep	set_lin_eterm	typo	set_line_term
ripgrep	set*ter	glob	set_line_term
ripgrep	setterm	first+last	set_line_term
ripgrep	RegexMatcher::set_line_term	qualified	set_line_term
ripgrep	expected_slice_no_line_number	exact	expected_slice_no_line_number
ripgrep	expectedSliceNoLineNumber	case	expected_slice_no_line_number
ripgrep	expslinolinnum	abbr3	expected_slice_no_line_number
ripgrep	exslnolinu	abbr2	expected_slice_no_line_number
ripgrep	expctd	consonants	expected_slice_no_line_number
ripgrep	exepcted_slice_no_line_number	typo	expected_slice_no_line_number
ripgrep	exp*num	glob	expected_slice_no_line_number
ripgrep	expnumber	first+last	expected_slice_no_line_number
ripgrep	SearcherTester::expected_slice_no_line_number	qualified	expected_slice_no_line_number
ripgrep	extract_untagged	exact	extract_untagged
ripgrep	extractUntagged	case	extract_untagged
ripgrep	extunt	abbr3	extract_untagged
ripgrep	exun	abbr2	extract_untagged
ripgrep	extrct	consonants	extract_untagged
ripgrep	etxract_untagged	typo	extract_untagged
ripgrep	ext*unt	glob	extract_untagged
ripgrep	extuntagged	first+last	extract_untagged
ripgrep	Extractor::extract_untagged	qualified	extract_untagged
ripgrep	new_regex_set	exact	new_regex_set
ripgrep	newRegexSet	case	new_regex_set
ripgrep	newregset	abbr3	new_regex_set
ripgrep	nerese	abbr2	new_regex_set
ripgrep	nwrgxs	consonants	new_regex_set
ripgrep	ne_wregex_set	typo	new_regex_set
ripgrep	new*set	glob	new_regex_set
ripgrep	newset	first+last	new_regex_set
ripgrep	SearchResult	exact	SearchResult
ripgrep	search_result	case	SearchResult
ripgrep	seares	abbr3	SearchResult
ripgrep	sere	abbr2	SearchResult
ripgrep	srchrs	consonants	SearchResult
ripgrep	SerachResult	typo	SearchResult
ripgrep	sea*res	glob	SearchResult
ripgrep	searesult	first+last	SearchResult
ripgrep	detect_binary	exact	detect_binary
ripgrep	detectBinary	case	detect_binary
ripgrep	detbin	abbr3	detect_binary
ripgrep	debi	abbr2	detect_binary
ripgrep	dtctbn	consonants	detect_binary
ripgrep	detect_bniary	typo	detect_binary
ripgrep	det*bin	glob	detect_binary
ripgrep	detbinary	first+last	detect_binary
ripgrep	Core::detect_binary	qualified	detect_binary
ripgrep	is_ignore	exact	is_ignore
ripgrep	isIgnore	case	is_ignore
ripgrep	isign	abbr3	is_ignore
ripgrep	isig	abbr2	is_ignore
ripgrep	isgnr	consonants	is_ignore
ripgrep	is_ingore	typo	is_ignore
ripgrep	is*ign	glob	is_ignore
ripgrep	isignore	first+last	is_ignore
ripgrep	Match::is_ignore	qualified	is_ignore
ripgrep	pattern_from_os	exact	pattern_from_os
ripgrep	patternFromOs	case	pattern_from_os
ripgrep	patfroos	abbr3	pattern_from_os
ripgrep	pafros	abbr2	pattern_from_os
ripgrep	pttrnf	consonants	pattern_from_os
ripgrep	pattern_frmo_os	typo	pattern_from_os
ripgrep	pat*os	glob	pattern_from_os
ripgrep	patos	first+last	pattern_from_os
ripgrep	searches_with_match	exact	searches_with_match
ripgrep	searchesWithMatch	case	searches_with_match
ripgrep	seawitmat	abbr3	searches_with_match
ripgrep	sewima	abbr2	searches_with_match
ripgrep	srchsw	consonants	searches_with_match
ripgrep	searches_with_macth	typo	searches_with_match
ripgrep	sea*mat	glob	searches_with_match
ripgrep	seamatch	first+last	searches_with_match
ripgrep	Stats::searches_with_match	qualified	searches_with_match
ripgrep	num_ignores	exact	num_ignores
ripgrep	numIgnores	case	num_ignores
ripgrep	numign	abbr3	num_ignores
ripgrep	nuig	abbr2	num_ignores
ripgrep	nmgnrs	consonants	num_ignores
ripgrep	num_ingores	typo	num_ignores
ripgrep	num*ign	glob	num_ignores
ripgrep	numignores	first+last	num_ignores
ripgrep	Override::num_ignores	qualified	num_ignores
ripgrep	regex	exact	regex
ripgrep	rgx	consonants	regex
ripgrep	reegx	typo	regex
ripgrep	Error::regex	qualified	regex
ripgrep	doc_long	exact	doc_long
ripgrep	docLong	case	doc_long
ripgrep	doclon	abbr3	doc_long
ripgrep	dolo	abbr2	doc_long
ripgrep	dclng	consonants	doc_long
ripgrep	do_clong	typo	doc_long
ripgrep	doc*lon	glob	doc_long
ripgrep	doclong	first+last	doc_long
ripgrep	GlobCaseInsensitive::doc_long	qualified	doc_long
ripgrep	HyperlinkConfig	exact	HyperlinkConfig
ripgrep	hyperlink_config	case	HyperlinkConfig
ripgrep	hypcon	abbr3	HyperlinkConfig
ripgrep	hyco	abbr2	HyperlinkConfig
ripgrep	hyprln	consonants	HyperlinkConfig
ripgrep	HyperlinkConfgi	typo	HyperlinkConfig
ripgrep	hyp*con	glob	HyperlinkConfig
ripgrep	hypconfig	first+last	HyperlinkConfig
ripgrep	flush	exact	flush
ripgrep	flsh	consonants	flush
ripgrep	fluhs	typo	flush
ripgrep	CounterWriter::flush	qualified	flush
ripgrep	new_regex	exact	new_regex
ripgrep	newRegex	case	new_regex
ripgrep	newreg	abbr3	new_regex
ripgrep	nere	abbr2	new_regex
ripgrep	nwrgx	consonants	new_regex
ripgrep	nwe_regex	typo	new_regex
ripgrep	new*reg	glob	new_regex
ripgrep	newregex	first+last	new_regex
ripgrep	ignore_messages	exact	ignore_messages
ripgrep	ignoreMessages	case	ignore_messages
ripgrep	ignmes	abbr3	ignore_messages
ripgrep	igme	abbr2	ignore_messages
ripgrep	ignrms	consonants	ignore_messages
ripgrep	ignor_emessages	typo	ignore_messages
ripgrep	ign*mes	glob	ignore_messages
ripgrep	ignmessages	first+last	ignore_messages
ripgrep	KitchenSink	exact	KitchenSink
ripgrep	kitchen_sink	case	KitchenSink
ripgrep	kitsin	abbr3	KitchenSink
ripgrep	kisi	abbr2	KitchenSink
ripgrep	ktchns	consonants	KitchenSink
ripgrep	iKtchenSink	typo	KitchenSink
ripgrep	kit*sin	glob	KitchenSink
ripgrep	kitsink	first+last	KitchenSink
ripgrep	send_quit	exact	send_quit
ripgrep	sendQuit	case	send_quit
ripgrep	senqui	abbr3	send_quit
ripgrep	sequ	abbr2	send_quit
ripgrep	sndqt	consonants	send_quit
ripgrep	send_qiut	typo	send_quit
ripgrep	sen*qui	glob	send_quit
ripgrep	senquit	first+last	send_quit
ripgrep	Worker::send_quit	qualified	send_quit
ripgrep	Ref	exact	Ref
ripgrep	interpolate_to	exact	interpolate_to
ripgrep	interpolateTo	case	interpolate_to
ripgrep	intto	abbr3	interpolate_to
ripgrep	intrpl	consonants	interpolate_to
ripgrep	interploate_to	typo	interpolate_to
ripgrep	int*to	glob	interpolate_to
ripgrep	intto	first+last	interpolate_to
ripgrep	Part::interpolate_to	qualified	interpolate_to
ripgrep	steal	exact	steal
ripgrep	stl	consonants	steal
ripgrep	setal	typo	steal
ripgrep	Stack::steal	qualified	steal
ripgrep	disable_utf_check	exact	disable_utf_check
ripgrep	disableUtfCheck	case	disable_utf_check
ripgrep	disutfche	abbr3	disable_utf_check
ripgrep	diutch	abbr2	disable_utf_check
ripgrep	dsbltf	consonants	disable_utf_check
ripgrep	disbale_utf_check	typo	disable_utf_check
ripgrep	dis*che	glob	disable_utf_check
ripgrep	discheck	first+last	disable_utf_check
ripgrep	RegexMatcherBuilder::disable_utf_check	qualified	disable_utf_check
ripgrep	has_uppercase_literal	exact	has_uppercase_literal
ripgrep	hasUppercaseLiteral	case	has_uppercase_literal
ripgrep	hasupplit	abbr3	has_uppercase_literal
ripgrep	haupli	abbr2	has_uppercase_literal
ripgrep	hspprc	consonants	has_uppercase_literal
ripgrep	ha_suppercase_literal	typo	has_uppercase_literal
ripgrep	has*lit	glob	has_uppercase_literal
ripgrep	hasliteral	first+last	has_uppercase_literal
ripgrep	read	exact	read
ripgrep	CommandReader::read	qualified	read
ripgrep	CommandReader	exact	CommandReader
ripgrep	command_reader	case	CommandReader
ripgrep	comrea	abbr3	CommandReader
ripgrep	cmmndr	consonants	CommandReader
ripgrep	CommandReaedr	typo	CommandReader
ripgrep	com*rea	glob	CommandReader
ripgrep	comreader	first+last	CommandReader
ripgrep	generic	exact	generic
ripgrep	gnrc	consonants	generic
ripgrep	egneric	typo	generic
ripgrep	Error::generic	qualified	generic
ripgrep	DecompressionCommand	exact	DecompressionCommand
ripgrep	decompression_command	case	DecompressionCommand
ripgrep	deccom	abbr3	DecompressionCommand
ripgrep	dcmprs	consonants	DecompressionCommand
ripgrep	DecompressioCnommand	typo	DecompressionCommand
ripgrep	dec*com	glob	DecompressionCommand
ripgrep	deccommand	first+last	DecompressionCommand
ripgrep	bytes_range_in_buffer	exact	bytes_range_in_buffer
ripgrep	bytesRangeInBuffer	case	bytes_range_in_buffer
ripgrep	bytraninbuf	abbr3	bytes_range_in_buffer
ripgrep	byrainbu	abbr2	bytes_range_in_buffer
ripgrep	bytsrn	consonants	bytes_range_in_buffer
ripgrep	bytes_raneg_in_buffer	typo	bytes_range_in_buffer
ripgrep	byt*buf	glob	bytes_range_in_buffer
ripgrep	bytbuffer	first+last	bytes_range_in_buffer
ripgrep	SinkMatch::bytes_range_in_buffer	qualified	bytes_range_in_buffer
ripgrep	patterns_from_path	exact	patterns_from_path
ripgrep	patternsFromPath	case	patterns_from_path
ripgrep	patfropat	abbr3	patterns_from_path
ripgrep	pafrpa	abbr2	patterns_from_path
ripgrep	pttrns	consonants	patterns_from_path
ripgrep	patterns_from_ptah	typo	patterns_from_path
ripgrep	pat*pat	glob	patterns_from_path
ripgrep	patpath	first+last	patterns_from_path
ripgrep	matched_path_or_any_parents	exact	matched_path_or_any_parents
ripgrep	matchedPathOrAnyParents	case	matched_path_or_any_parents
ripgrep	matpatoranypar	abbr3	matched_path_or_any_parents
ripgrep	mapaoranpa	abbr2	matched_path_or_any_parents
ripgrep	mtchdp	consonants	matched_path_or_any_parents
ripgrep	matched_apth_or_any_parents	typo	matched_path_or_any_parents
ripgrep	mat*par	glob	matched_path_or_any_parents
ripgrep	matparents	first+last	matched_path_or_any_parents
ripgrep	Gitignore::matched_path_or_any_parents	qualified	matched_path_or_any_parents
ripgrep	literals	exact	literals
ripgrep	ltrls	consonants	literals
ripgrep	literasl	typo	literals
ripgrep	TSeq::literals	qualified	literals
ripgrep	jit	exact	jit
ripgrep	RegexMatcherBuilder::jit	qualified	jit
ripgrep	error_config	exact	error_config
ripgrep	errorConfig	case	error_config
ripgrep	errcon	abbr3	error_config
ripgrep	erco	abbr2	error_config
ripgrep	errrcn	consonants	error_config
ripgrep	reror_config	typo	error_config
ripgrep	err*con	glob	error_config
ripgrep	errconfig	first+last	error_config
ripgrep	SinkError::error_config	qualified	error_config
ripgrep	multi_line_with_matcher	exact	multi_line_with_matcher
ripgrep	multiLineWithMatcher	case	multi_line_with_matcher
ripgrep	mullinwitmat	abbr3	multi_line_with_matcher
ripgrep	muliwima	abbr2	multi_line_with_matcher
ripgrep	mltlnw	consonants	multi_line_with_matcher
ripgrep	mutli_line_with_matcher	typo	multi_line_with_matcher
ripgrep	mul*mat	glob	multi_line_with_matcher
ripgrep	mulmatcher	first+last	multi_line_with_matcher
ripgrep	Searcher::multi_line_with_matcher	qualified	multi_line_with_matcher
ripgrep	RequiredExtensionStrategyBuilder	exact	RequiredExtensionStrategyBuilder
ripgrep	required_extension_strategy_builder	case	RequiredExtensionStrategyBuilder
ripgrep	reqextstrbui	abbr3	RequiredExtensionStrategyBuilder
ripgrep	reexstbu	abbr2	RequiredExtensionStrategyBuilder
ripgrep	rqrdxt	consonants	RequiredExtensionStrategyBuilder
ripgrep	ReqiuredExtensionStrategyBuilder	typo	RequiredExtensionStrategyBuilder
ripgrep	req*bui	glob	RequiredExtensionStrategyBuilder
ripgrep	reqbuilder	first+last	RequiredExtensionStrategyBuilder
ripgrep	Replacer	exact	Replacer
ripgrep	rplcr	consonants	Replacer
ripgrep	Replacre	typo	Replacer
ripgrep	human	exact	human
ripgrep	hmn	consonants	human
ripgrep	uhman	typo	human
ripgrep	Walk	exact	Walk
ripgrep	Begin	exact	Begin
ripgrep	bgn	consonants	Begin
ripgrep	Bgein	typo	Begin
ripgrep	search_slice	exact	search_slice
ripgrep	searchSlice	case	search_slice
ripgrep	seasli	abbr3	search_slice
ripgrep	sesl	abbr2	search_slice
ripgrep	srchsl	consonants	search_slice
ripgrep	seacrh_slice	typo	search_slice
ripgrep	sea*sli	glob	search_slice
ripgrep	seaslice	first+last	search_slice
ripgrep	TesterConfig::search_slice	qualified	search_slice
ripgrep	Stats	exact	Stats
ripgrep	stts	consonants	Stats
ripgrep	Satts	typo	Stats
ripgrep	is_exact	exact	is_exact
ripgrep	isExact	case	is_exact
ripgrep	isexa	abbr3	is_exact
ripgrep	isex	abbr2	is_exact
ripgrep	isxct	consonants	is_exact
ripgrep	si_exact	typo	is_exact
ripgrep	is*exa	glob	is_exact
ripgrep	isexact	first+last	is_exact
ripgrep	TSeq::is_exact	qualified	is_exact
ripgrep	standard	exact	standard
ripgrep	stndrd	consonants	standard
ripgrep	satndard	typo	standard
ripgrep	WalkState	exact	WalkState
ripgrep	walk_state	case	WalkState
ripgrep	walsta	abbr3	WalkState
ripgrep	wast	abbr2	WalkState
ripgrep	wlkstt	consonants	WalkState
ripgrep	WalSktate	typo	WalkState
ripgrep	wal*sta	glob	WalkState
ripgrep	walstate	first+last	WalkState
ripgrep	expected_slice_with_line_number	exact	expected_slice_with_line_number
ripgrep	expectedSliceWithLineNumber	case	expected_slice_with_line_number
ripgrep	expsliwitlinnum	abbr3	expected_slice_with_line_number
ripgrep	exslwilinu	abbr2	expected_slice_with_line_number
ripgrep	expctd	consonants	expected_slice_with_line_number
ripgrep	expecetd_slice_with_line_number	typo	expected_slice_with_line_number
ripgrep	exp*num	glob	expected_slice_with_line_number
ripgrep	expnumber	first+last	expected_slice_with_line_number
ripgrep	SearcherTester::expected_slice_with_line_number	qualified	expected_slice_with_line_number
ripgrep	index_mut	exact	index_mut
ripgrep	indexMut	case	index_mut
ripgrep	indmut	abbr3	index_mut
ripgrep	inmu	abbr2	index_mut
ripgrep	indxmt	consonants	index_mut
ripgrep	index_umt	typo	index_mut
ripgrep	ind*mut	glob	index_mut
ripgrep	indmut	first+last	index_mut
ripgrep	[u8]::index_mut	qualified	index_mut
ripgrep	core	exact	core
ripgrep	iter	exact	iter
ripgrep	debug	exact	debug
ripgrep	dbg	consonants	debug
ripgrep	deubg	typo	debug
ripgrep	try_associate	exact	try_associate
ripgrep	tryAssociate	case	try_associate
ripgrep	tryass	abbr3	try_associate
ripgrep	tras	abbr2	try_associate
ripgrep	tryssc	consonants	try_associate
ripgrep	try_assocaite	typo	try_associate
ripgrep	try*ass	glob	try_associate
ripgrep	tryassociate	first+last	try_associate
ripgrep	DecompressionMatcherBuilder::try_associate	qualified	try_associate
ripgrep	as_hyperlink	exact	as_hyperlink
ripgrep	asHyperlink	case	as_hyperlink
ripgrep	ashyp	abbr3	as_hyperlink
ripgrep	ashy	abbr2	as_hyperlink
ripgrep	ashypr	consonants	as_hyperlink
ripgrep	as_hypelrink	typo	as_hyperlink
ripgrep	as*hyp	glob	as_hyperlink
ripgrep	ashyperlink	first+last	as_hyperlink
ripgrep	PrinterPath::as_hyperlink	qualified	as_hyperlink
ripgrep	new_line_matcher	exact	new_line_matcher
ripgrep	newLineMatcher	case	new_line_matcher
ripgrep	newlinmat	abbr3	new_line_matcher
ripgrep	nelima	abbr2	new_line_matcher
ripgrep	nwlnmt	consonants	new_line_matcher
ripgrep	nwe_line_matcher	typo	new_line_matcher
ripgrep	new*mat	glob	new_line_matcher
ripgrep	newmatcher	first+last	new_line_matcher
ripgrep	RegexMatcher::new_line_matcher	qualified	new_line_matcher
ripgrep	stderr	exact	stderr
ripgrep	stdrr	consonants	stderr
ripgrep	stedrr	typo	stderr
ripgrep	CommandError::stderr	qualified	stderr
rq	MIGRATION_V18	exact	MIGRATION_V18
rq	migrationV18	case	MIGRATION_V18
rq	migv18	abbr3	MIGRATION_V18
rq	miv18	abbr2	MIGRATION_V18
rq	mgrtnv	consonants	MIGRATION_V18
rq	MIGRATIONV_18	typo	MIGRATION_V18
rq	mig*18	glob	MIGRATION_V18
rq	mig18	first+last	MIGRATION_V18
rq	near_miss_possible	exact	near_miss_possible
rq	nearMissPossible	case	near_miss_possible
rq	neamispos	abbr3	near_miss_possible
rq	nemipo	abbr2	near_miss_possible
rq	nrmssp	consonants	near_miss_possible
rq	nera_miss_possible	typo	near_miss_possible
rq	nea*pos	glob	near_miss_possible
rq	neapossible	first+last	near_miss_possible
rq	under_any	exact	under_any
rq	underAny	case	under_any
rq	undany	abbr3	under_any
rq	unan	abbr2	under_any
rq	undrny	consonants	under_any
rq	undera_ny	typo	under_any
rq	und*any	glob	under_any
rq	undany	first+last	under_any
rq	ENCLOSING_STEP	exact	ENCLOSING_STEP
rq	enclosingStep	case	ENCLOSING_STEP
rq	encste	abbr3	ENCLOSING_STEP
rq	enst	abbr2	ENCLOSING_STEP
rq	enclsn	consonants	ENCLOSING_STEP
rq	ENCLSOING_STEP	typo	ENCLOSING_STEP
rq	enc*ste	glob	ENCLOSING_STEP
rq	encstep	first+last	ENCLOSING_STEP
rq	TEXT	exact	TEXT
rq	MIGRATION_V10	exact	MIGRATION_V10
rq	migrationV10	case	MIGRATION_V10
rq	migv10	abbr3	MIGRATION_V10
rq	miv10	abbr2	MIGRATION_V10
rq	mgrtnv	consonants	MIGRATION_V10
rq	MGIRATION_V10	typo	MIGRATION_V10
rq	mig*10	glob	MIGRATION_V10
rq	mig10	first+last	MIGRATION_V10
rq	is_primary_kind	exact	is_primary_kind
rq	isPrimaryKind	case	is_primary_kind
rq	isprikin	abbr3	is_primary_kind
rq	isprki	abbr2	is_primary_kind
rq	isprmr	consonants	is_primary_kind
rq	isp_rimary_kind	typo	is_primary_kind
rq	is*kin	glob	is_primary_kind
rq	iskind	first+last	is_primary_kind
rq	typescript	exact	typescript
rq	typscr	consonants	typescript
rq	tyepscript	typo	typescript
rq	found	exact	found
rq	fnd	consonants	found
rq	fonud	typo	found
rq	hl_path	exact	hl_path
rq	hlPath	case	hl_path
rq	hlpat	abbr3	hl_path
rq	hlpa	abbr2	hl_path
rq	hlpth	consonants	hl_path
rq	hl_ptah	typo	hl_path
rq	hl*pat	glob	hl_path
rq	hlpath	first+last	hl_path
rq	registry	exact	registry
rq	rgstry	consonants	registry
rq	rgeistry	typo	registry
rq	db_location_from	exact	db_location_from
rq	dbLocationFrom	case	db_location_from
rq	dblocfro	abbr3	db_location_from
rq	dblofr	abbr2	db_location_from
rq	dblctn	consonants	db_location_from
rq	db_locatio_nfrom	typo	db_location_from
rq	db*fro	glob	db_location_from
rq	dbfrom	first+last	db_location_from
rq	SIG_BYTES	exact	SIG_BYTES
rq	sigBytes	case	SIG_BYTES
rq	sigbyt	abbr3	SIG_BYTES
rq	siby	abbr2	SIG_BYTES
rq	sgbyts	consonants	SIG_BYTES
rq	SIG_YBTES	typo	SIG_BYTES
rq	sig*byt	glob	SIG_BYTES
rq	sigbytes	first+last	SIG_BYTES
rq	LANGUAGE	exact	LANGUAGE
rq	lngg	consonants	LANGUAGE
rq	LANGUGAE	typo	LANGUAGE
rq	is_empty	exact	is_empty
rq	isEmpty	case	is_empty
rq	isemp	abbr3	is_empty
rq	isem	abbr2	is_empty
rq	ismpty	consonants	is_empty
rq	is_emtpy	typo	is_empty
rq	is*emp	glob	is_empty
rq	isempty	first+last	is_empty
rq	ActiveFiles::is_empty	qualified	is_empty
rq	CANDIDATE_COLS	exact	CANDIDATE_COLS
rq	candidateCols	case	CANDIDATE_COLS
rq	cancol	abbr3	CANDIDATE_COLS
rq	caco	abbr2	CANDIDATE_COLS
rq	cnddtc	consonants	CANDIDATE_COLS
rq	CANDIDAET_COLS	typo	CANDIDATE_COLS
rq	can*col	glob	CANDIDATE_COLS
rq	cancols	first+last	CANDIDATE_COLS
rq	deref	exact	deref
rq	drf	consonants	deref
rq	deerf	typo	deref
rq	Matches::deref	qualified	deref
rq	extract_with	exact	extract_with
rq	extractWith	case	extract_with
rq	extwit	abbr3	extract_with
rq	exwi	abbr2	extract_with
rq	extrct	consonants	extract_with
rq	extractw_ith	typo	extract_with
rq	ext*wit	glob	extract_with
rq	extwith	first+last	extract_with
rq	parse_anchor	exact	parse_anchor
rq	parseAnchor	case	parse_anchor
rq	paranc	abbr3	parse_anchor
rq	paan	abbr2	parse_anchor
rq	prsnch	consonants	parse_anchor
rq	prase_anchor	typo	parse_anchor
rq	par*anc	glob	parse_anchor
rq	paranchor	first+last	parse_anchor
rq	Alignment	exact	Alignment
rq	algnmn	consonants	Alignment
rq	lAignment	typo	Alignment
rq	serialize_feature_names	exact	serialize_feature_names
rq	serializeFeatureNames	case	serialize_feature_names
rq	serfeanam	abbr3	serialize_feature_names
rq	sefena	abbr2	serialize_feature_names
rq	srlzft	consonants	serialize_feature_names
rq	serializef_eature_names	typo	serialize_feature_names
rq	ser*nam	glob	serialize_feature_names
rq	sernames	first+last	serialize_feature_names
rq	fmt	exact	fmt
rq	RepoIdentity::fmt	qualified	fmt
rq	Typo	exact	Typo
rq	span_in	exact	span_in
rq	spanIn	case	span_in
rq	spain	abbr3	span_in
rq	spin	abbr2	span_in
rq	spnn	consonants	span_in
rq	spna_in	typo	span_in
rq	spa*in	glob	span_in
rq	spain	first+last	span_in
rq	Session	exact	Session
rq	sssn	consonants	Session
rq	Sessoin	typo	Session
rq	open	exact	open
rq	Session::open	qualified	open
rq	LiveScan	exact	LiveScan
rq	live_scan	case	LiveScan
rq	livsca	abbr3	LiveScan
rq	lisc	abbr2	LiveScan
rq	lvscn	consonants	LiveScan
rq	LievScan	typo	LiveScan
rq	liv*sca	glob	LiveScan
rq	livscan	first+last	LiveScan
rq	branch_files_ttl	exact	branch_files_ttl
rq	branchFilesTtl	case	branch_files_ttl
rq	brafilttl	abbr3	branch_files_ttl
rq	brfitt	abbr2	branch_files_ttl
rq	brnchf	consonants	branch_files_ttl
rq	barnch_files_ttl	typo	branch_files_ttl
rq	bra*ttl	glob	branch_files_ttl
rq	brattl	first+last	branch_files_ttl
rq	CANDIDATE_FROM	exact	CANDIDATE_FROM
rq	candidateFrom	case	CANDIDATE_FROM
rq	canfro	abbr3	CANDIDATE_FROM
rq	cafr	abbr2	CANDIDATE_FROM
rq	cnddtf	consonants	CANDIDATE_FROM
rq	CANDDIATE_FROM	typo	CANDIDATE_FROM
rq	can*fro	glob	CANDIDATE_FROM
rq	canfrom	first+last	CANDIDATE_FROM
rq	Boosts	exact	Boosts
rq	bsts	consonants	Boosts
rq	Bosots	typo	Boosts
rq	BranchRefresh	exact	BranchRefresh
rq	branch_refresh	case	BranchRefresh
rq	braref	abbr3	BranchRefresh
rq	brre	abbr2	BranchRefresh
rq	brnchr	consonants	BranchRefresh
rq	BranchRefersh	typo	BranchRefresh
rq	bra*ref	glob	BranchRefresh
rq	brarefresh	first+last	BranchRefresh
rq	record_usage	exact	record_usage
rq	recordUsage	case	record_usage
rq	recusa	abbr3	record_usage
rq	reus	abbr2	record_usage
rq	rcrdsg	consonants	record_usage
rq	recordu_sage	typo	record_usage
rq	rec*usa	glob	record_usage
rq	recusage	first+last	record_usage
rq	maintain_name_index	exact	maintain_name_index
rq	maintainNameIndex	case	maintain_name_index
rq	mainamind	abbr3	maintain_name_index
rq	manain	abbr2	maintain_name_index
rq	mntnnm	consonants	maintain_name_index
rq	amintain_name_index	typo	maintain_name_index
rq	mai*ind	glob	maintain_name_index
rq	maiindex	first+last	maintain_name_index
rq	Store::maintain_name_index	qualified	maintain_name_index
rq	Ascii	exact	Ascii
rq	sAcii	typo	Ascii
rq	db_path	exact	db_path
rq	dbPath	case	db_path
rq	dbpat	abbr3	db_path
rq	dbpa	abbr2	db_path
rq	dbpth	consonants	db_path
rq	db_apth	typo	db_path
rq	db*pat	glob	db_path
rq	dbpath	first+last	db_path
rq	screen_stem	exact	screen_stem
rq	screenStem	case	screen_stem
rq	scrste	abbr3	screen_stem
rq	scst	abbr2	screen_stem
rq	scrnst	consonants	screen_stem
rq	sceren_stem	typo	screen_stem
rq	scr*ste	glob	screen_stem
rq	scrstem	first+last	screen_stem
rq	Probe::screen_stem	qualified	screen_stem
rq	SLOW_BAR	exact	SLOW_BAR
rq	slowBar	case	SLOW_BAR
rq	slobar	abbr3	SLOW_BAR
rq	slba	abbr2	SLOW_BAR
rq	slwbr	consonants	SLOW_BAR
rq	SLOW_ABR	typo	SLOW_BAR
rq	slo*bar	glob	SLOW_BAR
rq	slobar	first+last	SLOW_BAR
rq	ensure_name_index	exact	ensure_name_index
rq	ensureNameIndex	case	ensure_name_index
rq	ensnamind	abbr3	ensure_name_index
rq	ennain	abbr2	ensure_name_index
rq	ensrnm	consonants	ensure_name_index
rq	ensur_ename_index	typo	ensure_name_index
rq	ens*ind	glob	ensure_name_index
rq	ensindex	first+last	ensure_name_index
rq	Store::ensure_name_index	qualified	ensure_name_index
rq	transition_pairs	exact	transition_pairs
rq	transitionPairs	case	transition_pairs
rq	trapai	abbr3	transition_pairs
rq	trpa	abbr2	transition_pairs
rq	trnstn	consonants	transition_pairs
rq	transition_apirs	typo	transition_pairs
rq	tra*pai	glob	transition_pairs
rq	trapairs	first+last	transition_pairs
rq	live	exact	live
rq	SymbolRow::live	qualified	live
rq	Scope	exact	Scope
rq	scp	consonants	Scope
rq	Socpe	typo	Scope
rq	field_text	exact	field_text
rq	fieldText	case	field_text
rq	fietex	abbr3	field_text
rq	fite	abbr2	field_text
rq	fldtxt	consonants	field_text
rq	field_tetx	typo	field_text
rq	fie*tex	glob	field_text
rq	fietext	first+last	field_text
rq	Ctx::field_text	qualified	field_text
rq	walk	exact	walk
rq	member_visibility	exact	member_visibility
rq	memberVisibility	case	member_visibility
rq	memvis	abbr3	member_visibility
rq	mevi	abbr2	member_visibility
rq	mmbrvs	consonants	member_visibility
rq	member_ivsibility	typo	member_visibility
rq	mem*vis	glob	member_visibility
rq	memvisibility	first+last	member_visibility
rq	Source	exact	Source
rq	src	consonants	Source
rq	Sourec	typo	Source
rq	cmd_status	exact	cmd_status
rq	cmdStatus	case	cmd_status
rq	cmdsta	abbr3	cmd_status
rq	cmst	abbr2	cmd_status
rq	cmdstt	consonants	cmd_status
rq	mcd_status	typo	cmd_status
rq	cmd*sta	glob	cmd_status
rq	cmdstatus	first+last	cmd_status
rq	Signature	exact	Signature
rq	sgntr	consonants	Signature
rq	Signatrue	typo	Signature
rq	scan	exact	scan
rq	Store::scan	qualified	scan
rq	SUSPENDED	exact	SUSPENDED
rq	sspndd	consonants	SUSPENDED
rq	SUSPENEDD	typo	SUSPENDED
rq	has_self	exact	has_self
rq	hasSelf	case	has_self
rq	hassel	abbr3	has_self
rq	hase	abbr2	has_self
rq	hsslf	consonants	has_self
rq	ahs_self	typo	has_self
rq	has*sel	glob	has_self
rq	hasself	first+last	has_self
rq	append	exact	append
rq	appnd	consonants	append
rq	appned	typo	append
rq	split_qualified	exact	split_qualified
rq	splitQualified	case	split_qualified
rq	splqua	abbr3	split_qualified
rq	spqu	abbr2	split_qualified
rq	spltql	consonants	split_qualified
rq	spilt_qualified	typo	split_qualified
rq	spl*qua	glob	split_qualified
rq	splqualified	first+last	split_qualified
rq	enable_from	exact	enable_from
rq	enableFrom	case	enable_from
rq	enafro	abbr3	enable_from
rq	enfr	abbr2	enable_from
rq	enblfr	consonants	enable_from
rq	enalbe_from	typo	enable_from
rq	ena*fro	glob	enable_from
rq	enafrom	first+last	enable_from
rq	merge	exact	merge
rq	mrg	consonants	merge
rq	emrge	typo	merge
rq	rebuild_name_index	exact	rebuild_name_index
rq	rebuildNameIndex	case	rebuild_name_index
rq	rebnamind	abbr3	rebuild_name_index
rq	renain	abbr2	rebuild_name_index
rq	rbldnm	consonants	rebuild_name_index
rq	rebuild_nmae_index	typo	rebuild_name_index
rq	reb*ind	glob	rebuild_name_index
rq	rebindex	first+last	rebuild_name_index
rq	Store::rebuild_name_index	qualified	rebuild_name_index
rq	LiveCost	exact	LiveCost
rq	live_cost	case	LiveCost
rq	livcos	abbr3	LiveCost
rq	lico	abbr2	LiveCost
rq	lvcst	consonants	LiveCost
rq	LiveCots	typo	LiveCost
rq	liv*cos	glob	LiveCost
rq	livcost	first+last	LiveCost
rq	Python	exact	Python
rq	pythn	consonants	Python
rq	yPthon	typo	Python
rq	python	exact	python
rq	pythn	consonants	python
rq	pyhton	typo	python
rq	apply_post_filters	exact	apply_post_filters
rq	applyPostFilters	case	apply_post_filters
rq	appposfil	abbr3	apply_post_filters
rq	appofi	abbr2	apply_post_filters
rq	applyp	consonants	apply_post_filters
rq	apply_postf_ilters	typo	apply_post_filters
rq	app*fil	glob	apply_post_filters
rq	appfilters	first+last	apply_post_filters
rq	MIGRATION_V11	exact	MIGRATION_V11
rq	migrationV11	case	MIGRATION_V11
rq	migv11	abbr3	MIGRATION_V11
rq	miv11	abbr2	MIGRATION_V11
rq	mgrtnv	consonants	MIGRATION_V11
rq	MIRGATION_V11	typo	MIGRATION_V11
rq	mig*11	glob	MIGRATION_V11
rq	mig11	first+last	MIGRATION_V11
rq	cli	exact	cli
rq	joiners_eq	exact	joiners_eq
rq	joinersEq	case	joiners_eq
rq	joieq	abbr3	joiners_eq
rq	joeq	abbr2	joiners_eq
rq	jnrsq	consonants	joiners_eq
rq	joiner_seq	typo	joiners_eq
rq	joi*eq	glob	joiners_eq
rq	joieq	first+last	joiners_eq
rq	slow	exact	slow
rq	keys_blob	exact	keys_blob
rq	keysBlob	case	keys_blob
rq	keyblo	abbr3	keys_blob
rq	kebl	abbr2	keys_blob
rq	kysblb	consonants	keys_blob
rq	keysb_lob	typo	keys_blob
rq	key*blo	glob	keys_blob
rq	keyblob	first+last	keys_blob
rq	RepoIdentity	exact	RepoIdentity
rq	repo_identity	case	RepoIdentity
rq	repide	abbr3	RepoIdentity
rq	reid	abbr2	RepoIdentity
rq	rpdntt	consonants	RepoIdentity
rq	ReopIdentity	typo	RepoIdentity
rq	rep*ide	glob	RepoIdentity
rq	repidentity	first+last	RepoIdentity
rq	at_module_level	exact	at_module_level
rq	atModuleLevel	case	at_module_level
rq	atmodlev	abbr3	at_module_level
rq	atmole	abbr2	at_module_level
rq	atmdll	consonants	at_module_level
rq	ta_module_level	typo	at_module_level
rq	at*lev	glob	at_module_level
rq	atlevel	first+last	at_module_level
rq	aligns	exact	aligns
rq	algns	consonants	aligns
rq	aligsn	typo	aligns
rq	Probe::aligns	qualified	aligns
rq	on_path	exact	on_path
rq	onPath	case	on_path
rq	onpat	abbr3	on_path
rq	onpa	abbr2	on_path
rq	onpth	consonants	on_path
rq	on_ptah	typo	on_path
rq	on*pat	glob	on_path
rq	onpath	first+last	on_path
rq	is_tsx	exact	is_tsx
rq	isTsx	case	is_tsx
rq	istsx	abbr3	is_tsx
rq	ists	abbr2	is_tsx
rq	istsx	consonants	is_tsx
rq	i_stsx	typo	is_tsx
rq	is*tsx	glob	is_tsx
rq	istsx	first+last	is_tsx
rq	key	exact	key
rq	detect_from	exact	detect_from
rq	detectFrom	case	detect_from
rq	detfro	abbr3	detect_from
rq	defr	abbr2	detect_from
rq	dtctfr	consonants	detect_from
rq	detect_frmo	typo	detect_from
rq	det*fro	glob	detect_from
rq	detfrom	first+last	detect_from
rq	on_sigint	exact	on_sigint
rq	onSigint	case	on_sigint
rq	onsig	abbr3	on_sigint
rq	onsi	abbr2	on_sigint
rq	onsgnt	consonants	on_sigint
rq	on_sigitn	typo	on_sigint
rq	on*sig	glob	on_sigint
rq	onsigint	first+last	on_sigint
rq	CASE_MATCH	exact	CASE_MATCH
rq	caseMatch	case	CASE_MATCH
rq	casmat	abbr3	CASE_MATCH
rq	cama	abbr2	CASE_MATCH
rq	csmtch	consonants	CASE_MATCH
rq	CAES_MATCH	typo	CASE_MATCH
rq	cas*mat	glob	CASE_MATCH
rq	casmatch	first+last	CASE_MATCH
rq	install_interrupt_handler	exact	install_interrupt_handler
rq	installInterruptHandler	case	install_interrupt_handler
rq	insinthan	abbr3	install_interrupt_handler
rq	ininha	abbr2	install_interrupt_handler
rq	instll	consonants	install_interrupt_handler
rq	install_interrupt_hanlder	typo	install_interrupt_handler
rq	ins*han	glob	install_interrupt_handler
rq	inshandler	first+last	install_interrupt_handler
rq	Store	exact	Store
rq	tSore	typo	Store
rq	dsl_args	exact	dsl_args
rq	dslArgs	case	dsl_args
rq	dsar	abbr2	dsl_args
rq	dslrgs	consonants	dsl_args
rq	dsla_rgs	typo	dsl_args
rq	dsl*arg	glob	dsl_args
rq	emit_symbols	exact	emit_symbols
rq	emitSymbols	case	emit_symbols
rq	emisym	abbr3	emit_symbols
rq	emsy	abbr2	emit_symbols
rq	emtsym	consonants	emit_symbols
rq	emi_tsymbols	typo	emit_symbols
rq	emi*sym	glob	emit_symbols
rq	emisymbols	first+last	emit_symbols
rq	PATH_HEADROOM	exact	PATH_HEADROOM
rq	pathHeadroom	case	PATH_HEADROOM
rq	pathea	abbr3	PATH_HEADROOM
rq	pahe	abbr2	PATH_HEADROOM
rq	pthhdr	consonants	PATH_HEADROOM
rq	PATH_EHADROOM	typo	PATH_HEADROOM
rq	pat*hea	glob	PATH_HEADROOM
rq	patheadroom	first+last	PATH_HEADROOM
rq	constructors	exact	constructors
rq	cnstrc	consonants	constructors
rq	cnostructors	typo	constructors
rq	match_positions	exact	match_positions
rq	matchPositions	case	match_positions
rq	matpos	abbr3	match_positions
rq	mapo	abbr2	match_positions
rq	mtchps	consonants	match_positions
rq	mathc_positions	typo	match_positions
rq	mat*pos	glob	match_positions
rq	matpositions	first+last	match_positions
rq	counters	exact	counters
rq	cntrs	consonants	counters
rq	counetrs	typo	counters
rq	JAVASCRIPT	exact	JAVASCRIPT
rq	jvscrp	consonants	JAVASCRIPT
rq	JAVASCIRPT	typo	JAVASCRIPT
rq	show_top_definition	exact	show_top_definition
rq	showTopDefinition	case	show_top_definition
rq	shotopdef	abbr3	show_top_definition
rq	shtode	abbr2	show_top_definition
rq	shwtpd	consonants	show_top_definition
rq	show_tpo_definition	typo	show_top_definition
rq	sho*def	glob	show_top_definition
rq	shodefinition	first+last	show_top_definition
rq	keyword_kind	exact	keyword_kind
rq	keywordKind	case	keyword_kind
rq	keykin	abbr3	keyword_kind
rq	keki	abbr2	keyword_kind
rq	kywrdk	consonants	keyword_kind
rq	keywordk_ind	typo	keyword_kind
rq	key*kin	glob	keyword_kind
rq	keykind	first+last	keyword_kind
rq	MAX_ENCLOSING	exact	MAX_ENCLOSING
rq	maxEnclosing	case	MAX_ENCLOSING
rq	maxenc	abbr3	MAX_ENCLOSING
rq	maen	abbr2	MAX_ENCLOSING
rq	mxncls	consonants	MAX_ENCLOSING
rq	MXA_ENCLOSING	typo	MAX_ENCLOSING
rq	max*enc	glob	MAX_ENCLOSING
rq	maxenclosing	first+last	MAX_ENCLOSING
rq	OTHER	exact	OTHER
rq	othr	consonants	OTHER
rq	OTHRE	typo	OTHER
rq	launch_editor	exact	launch_editor
rq	launchEditor	case	launch_editor
rq	lauedi	abbr3	launch_editor
rq	laed	abbr2	launch_editor
rq	lnchdt	consonants	launch_editor
rq	launhc_editor	typo	launch_editor
rq	lau*edi	glob	launch_editor
rq	laueditor	first+last	launch_editor
rq	record	exact	record
rq	rcrd	consonants	record
rq	recodr	typo	record
rq	core	exact	core
rq	is_function	exact	is_function
rq	isFunction	case	is_function
rq	isfun	abbr3	is_function
rq	isfu	abbr2	is_function
rq	isfnct	consonants	is_function
rq	is_funciton	typo	is_function
rq	is*fun	glob	is_function
rq	isfunction	first+last	is_function
rq	start	exact	start
rq	strt	consonants	start
rq	tsart	typo	start
rq	Timer::start	qualified	start
rq	hit_root	exact	hit_root
rq	hitRoot	case	hit_root
rq	hitroo	abbr3	hit_root
rq	hiro	abbr2	hit_root
rq	htrt	consonants	hit_root
rq	hit_orot	typo	hit_root
rq	hit*roo	glob	hit_root
rq	hitroot	first+last	hit_root
rq	Cell	exact	Cell
rq	base_type	exact	base_type
rq	baseType	case	base_type
rq	bastyp	abbr3	base_type
rq	baty	abbr2	base_type
rq	bstyp	consonants	base_type
rq	base_tpye	typo	base_type
rq	bas*typ	glob	base_type
rq	bastype	first+last	base_type
rq	open_command	exact	open_command
rq	openCommand	case	open_command
rq	opecom	abbr3	open_command
rq	opco	abbr2	open_command
rq	opncmm	consonants	open_command
rq	openc_ommand	typo	open_command
rq	ope*com	glob	open_command
rq	opecommand	first+last	open_command
rq	normalize_remote	exact	normalize_remote
rq	normalizeRemote	case	normalize_remote
rq	norrem	abbr3	normalize_remote
rq	nore	abbr2	normalize_remote
rq	nrmlzr	consonants	normalize_remote
rq	onrmalize_remote	typo	normalize_remote
rq	nor*rem	glob	normalize_remote
rq	norremote	first+last	normalize_remote
rq	parse_wait	exact	parse_wait
rq	parseWait	case	parse_wait
rq	parwai	abbr3	parse_wait
rq	pawa	abbr2	parse_wait
rq	prswt	consonants	parse_wait
rq	pasre_wait	typo	parse_wait
rq	par*wai	glob	parse_wait
rq	parwait	first+last	parse_wait
rq	PARSERS	exact	PARSERS
rq	prsrs	consonants	PARSERS
rq	PRASERS	typo	PARSERS
rq	PAIR_CODES	exact	PAIR_CODES
rq	pairCodes	case	PAIR_CODES
rq	paicod	abbr3	PAIR_CODES
rq	paco	abbr2	PAIR_CODES
rq	prcds	consonants	PAIR_CODES
rq	PAIR_OCDES	typo	PAIR_CODES
rq	pai*cod	glob	PAIR_CODES
rq	paicodes	first+last	PAIR_CODES
rq	json	exact	json
rq	SearchRecord	exact	SearchRecord
rq	search_record	case	SearchRecord
rq	searec	abbr3	SearchRecord
rq	sere	abbr2	SearchRecord
rq	srchrc	consonants	SearchRecord
rq	SearchRecrod	typo	SearchRecord
rq	sea*rec	glob	SearchRecord
rq	searecord	first+last	SearchRecord
rq	BRANCH_DIR_BOOST	exact	BRANCH_DIR_BOOST
rq	branchDirBoost	case	BRANCH_DIR_BOOST
rq	bradirboo	abbr3	BRANCH_DIR_BOOST
rq	brdibo	abbr2	BRANCH_DIR_BOOST
rq	brnchd	consonants	BRANCH_DIR_BOOST
rq	BRANCH_DIR_BOSOT	typo	BRANCH_DIR_BOOST
rq	bra*boo	glob	BRANCH_DIR_BOOST
rq	braboost	first+last	BRANCH_DIR_BOOST
rq	SAME_FILE_BOOST	exact	SAME_FILE_BOOST
rq	sameFileBoost	case	SAME_FILE_BOOST
rq	samfilboo	abbr3	SAME_FILE_BOOST
rq	safibo	abbr2	SAME_FILE_BOOST
rq	smflbs	consonants	SAME_FILE_BOOST
rq	SAEM_FILE_BOOST	typo	SAME_FILE_BOOST
rq	sam*boo	glob	SAME_FILE_BOOST
rq	samboost	first+last	SAME_FILE_BOOST
rq	main	exact	main
rq	run	exact	run
rq	segments	exact	segments
rq	sgmnts	consonants	segments
rq	semgents	typo	segments
rq	dsl_symbols	exact	dsl_symbols
rq	dslSymbols	case	dsl_symbols
rq	dslsym	abbr3	dsl_symbols
rq	dssy	abbr2	dsl_symbols
rq	dslsym	consonants	dsl_symbols
rq	dsl_sybmols	typo	dsl_symbols
rq	dsl*sym	glob	dsl_symbols
rq	dslsymbols	first+last	dsl_symbols
rq	lang	exact	lang
rq	suspender_alive	exact	suspender_alive
rq	suspenderAlive	case	suspender_alive
rq	susali	abbr3	suspender_alive
rq	sual	abbr2	suspender_alive
rq	sspndr	consonants	suspender_alive
rq	susepnder_alive	typo	suspender_alive
rq	sus*ali	glob	suspender_alive
rq	susalive	first+last	suspender_alive
rq	collapse_declarations	exact	collapse_declarations
rq	collapseDeclarations	case	collapse_declarations
rq	coldec	abbr3	collapse_declarations
rq	code	abbr2	collapse_declarations
rq	cllpsd	consonants	collapse_declarations
rq	collapse_edclarations	typo	collapse_declarations
rq	col*dec	glob	collapse_declarations
rq	coldeclarations	first+last	collapse_declarations
rq	search	exact	search
rq	srch	consonants	search
rq	esarch	typo	search
rq	Scope::search	qualified	search
rq	UsageRow	exact	UsageRow
rq	usage_row	case	UsageRow
rq	usarow	abbr3	UsageRow
rq	usro	abbr2	UsageRow
rq	usgrw	consonants	UsageRow
rq	UsagReow	typo	UsageRow
rq	usa*row	glob	UsageRow
rq	usarow	first+last	UsageRow
rq	note	exact	note
rq	Span::note	qualified	note
rq	Anchor	exact	Anchor
rq	anchr	consonants	Anchor
rq	Anchro	typo	Anchor
rq	declarations	exact	declarations
rq	dclrtn	consonants	declarations
rq	declaraitons	typo	declarations
rq	label	exact	label
rq	lbl	consonants	label
rq	lbael	typo	label
rq	MIGRATION_V16	exact	MIGRATION_V16
rq	migrationV16	case	MIGRATION_V16
rq	migv16	abbr3	MIGRATION_V16
rq	miv16	abbr2	MIGRATION_V16
rq	mgrtnv	consonants	MIGRATION_V16
rq	MGIRATION_V16	typo	MIGRATION_V16
rq	mig*16	glob	MIGRATION_V16
rq	mig16	first+last	MIGRATION_V16
rq	languages	exact	languages
rq	lnggs	consonants	languages
rq	alnguages	typo	languages
rq	SHOW_CONFIDENCE	exact	SHOW_CONFIDENCE
rq	showConfidence	case	SHOW_CONFIDENCE
rq	shocon	abbr3	SHOW_CONFIDENCE
rq	shco	abbr2	SHOW_CONFIDENCE
rq	shwcnf	consonants	SHOW_CONFIDENCE
rq	SOHW_CONFIDENCE	typo	SHOW_CONFIDENCE
rq	sho*con	glob	SHOW_CONFIDENCE
rq	shoconfidence	first+last	SHOW_CONFIDENCE
rq	exit_code	exact	exit_code
rq	exitCode	case	exit_code
rq	exicod	abbr3	exit_code
rq	exco	abbr2	exit_code
rq	extcd	consonants	exit_code
rq	exti_code	typo	exit_code
rq	exi*cod	glob	exit_code
rq	exicode	first+last	exit_code
rq	Failure::exit_code	qualified	exit_code
rq	DEFAULT_LIMIT	exact	DEFAULT_LIMIT
rq	defaultLimit	case	DEFAULT_LIMIT
rq	deflim	abbr3	DEFAULT_LIMIT
rq	deli	abbr2	DEFAULT_LIMIT
rq	dfltlm	consonants	DEFAULT_LIMIT
rq	DEAFULT_LIMIT	typo	DEFAULT_LIMIT
rq	def*lim	glob	DEFAULT_LIMIT
rq	deflimit	first+last	DEFAULT_LIMIT
rq	is_busy	exact	is_busy
rq	isBusy	case	is_busy
rq	isbus	abbr3	is_busy
rq	isbu	abbr2	is_busy
rq	isbsy	consonants	is_busy
rq	is_bsuy	typo	is_busy
rq	is*bus	glob	is_busy
rq	isbusy	first+last	is_busy
rq	constructor_owner	exact	constructor_owner
rq	constructorOwner	case	constructor_owner
rq	conown	abbr3	constructor_owner
rq	coow	abbr2	constructor_owner
rq	cnstrc	consonants	constructor_owner
rq	constrcutor_owner	typo	constructor_owner
rq	con*own	glob	constructor_owner
rq	conowner	first+last	constructor_owner
rq	now_unix	exact	now_unix
rq	nowUnix	case	now_unix
rq	nowuni	abbr3	now_unix
rq	noun	abbr2	now_unix
rq	nwnx	consonants	now_unix
rq	no_wunix	typo	now_unix
rq	now*uni	glob	now_unix
rq	nowunix	first+last	now_unix
rq	spawn_detached_warm	exact	spawn_detached_warm
rq	spawnDetachedWarm	case	spawn_detached_warm
rq	spadetwar	abbr3	spawn_detached_warm
rq	spdewa	abbr2	spawn_detached_warm
rq	spwndt	consonants	spawn_detached_warm
rq	spawn_detahced_warm	typo	spawn_detached_warm
rq	spa*war	glob	spawn_detached_warm
rq	spawarm	first+last	spawn_detached_warm
rq	emit_rows	exact	emit_rows
rq	emitRows	case	emit_rows
rq	emirow	abbr3	emit_rows
rq	emro	abbr2	emit_rows
rq	emtrws	consonants	emit_rows
rq	emitr_ows	typo	emit_rows
rq	emi*row	glob	emit_rows
rq	emirows	first+last	emit_rows
rq	is_constructor	exact	is_constructor
rq	isConstructor	case	is_constructor
rq	iscon	abbr3	is_constructor
rq	isco	abbr2	is_constructor
rq	iscnst	consonants	is_constructor
rq	is_cosntructor	typo	is_constructor
rq	is*con	glob	is_constructor
rq	isconstructor	first+last	is_constructor
rq	compile_glob	exact	compile_glob
rq	compileGlob	case	compile_glob
rq	comglo	abbr3	compile_glob
rq	cogl	abbr2	compile_glob
rq	cmplgl	consonants	compile_glob
rq	compiel_glob	typo	compile_glob
rq	com*glo	glob	compile_glob
rq	comglob	first+last	compile_glob
rq	rank	exact	rank
rq	Probe::rank	qualified	rank
rq	cmd_symbols	exact	cmd_symbols
rq	cmdSymbols	case	cmd_symbols
rq	cmdsym	abbr3	cmd_symbols
rq	cmsy	abbr2	cmd_symbols
rq	cmdsym	consonants	cmd_symbols
rq	cdm_symbols	typo	cmd_symbols
rq	cmd*sym	glob	cmd_symbols
rq	cmdsymbols	first+last	cmd_symbols
rq	ActiveFiles	exact	ActiveFiles
rq	active_files	case	ActiveFiles
rq	actfil	abbr3	ActiveFiles
rq	acfi	abbr2	ActiveFiles
rq	actvfl	consonants	ActiveFiles
rq	ActievFiles	typo	ActiveFiles
rq	act*fil	glob	ActiveFiles
rq	actfiles	first+last	ActiveFiles
rq	clear_progress	exact	clear_progress
rq	clearProgress	case	clear_progress
rq	clepro	abbr3	clear_progress
rq	clpr	abbr2	clear_progress
rq	clrprg	consonants	clear_progress
rq	clera_progress	typo	clear_progress
rq	cle*pro	glob	clear_progress
rq	cleprogress	first+last	clear_progress
rq	glob_positions	exact	glob_positions
rq	globPositions	case	glob_positions
rq	glopos	abbr3	glob_positions
rq	glpo	abbr2	glob_positions
rq	glbpst	consonants	glob_positions
rq	glob_posiitons	typo	glob_positions
rq	glo*pos	glob	glob_positions
rq	glopositions	first+last	glob_positions
rq	since_start	exact	since_start
rq	sinceStart	case	since_start
rq	sinsta	abbr3	since_start
rq	sist	abbr2	since_start
rq	sncstr	consonants	since_start
rq	since_satrt	typo	since_start
rq	sin*sta	glob	since_start
rq	sinstart	first+last	since_start
rq	strip_wildcards	exact	strip_wildcards
rq	stripWildcards	case	strip_wildcards
rq	strwil	abbr3	strip_wildcards
rq	stwi	abbr2	strip_wildcards
rq	strpwl	consonants	strip_wildcards
rq	stirp_wildcards	typo	strip_wildcards
rq	str*wil	glob	strip_wildcards
rq	strwildcards	first+last	strip_wildcards
rq	POLL_INTERVAL	exact	POLL_INTERVAL
rq	pollInterval	case	POLL_INTERVAL
rq	polint	abbr3	POLL_INTERVAL
rq	poin	abbr2	POLL_INTERVAL
rq	pllntr	consonants	POLL_INTERVAL
rq	POLL_INTERAVL	typo	POLL_INTERVAL
rq	pol*int	glob	POLL_INTERVAL
rq	polinterval	first+last	POLL_INTERVAL
rq	PROGRESS_REDRAW	exact	PROGRESS_REDRAW
rq	progressRedraw	case	PROGRESS_REDRAW
rq	prored	abbr3	PROGRESS_REDRAW
rq	prre	abbr2	PROGRESS_REDRAW
rq	prgrss	consonants	PROGRESS_REDRAW
rq	PROGRESS_ERDRAW	typo	PROGRESS_REDRAW
rq	pro*red	glob	PROGRESS_REDRAW
rq	proredraw	first+last	PROGRESS_REDRAW
rq	Keys	exact	Keys
rq	warm_detach_enabled	exact	warm_detach_enabled
rq	warmDetachEnabled	case	warm_detach_enabled
rq	wardetena	abbr3	warm_detach_enabled
rq	wadeen	abbr2	warm_detach_enabled
rq	wrmdtc	consonants	warm_detach_enabled
rq	war_mdetach_enabled	typo	warm_detach_enabled
rq	war*ena	glob	warm_detach_enabled
rq	warenabled	first+last	warm_detach_enabled
rq	CANDIDATE_LIMIT	exact	CANDIDATE_LIMIT
rq	candidateLimit	case	CANDIDATE_LIMIT
rq	canlim	abbr3	CANDIDATE_LIMIT
rq	cali	abbr2	CANDIDATE_LIMIT
rq	cnddtl	consonants	CANDIDATE_LIMIT
rq	CANDIADTE_LIMIT	typo	CANDIDATE_LIMIT
rq	can*lim	glob	CANDIDATE_LIMIT
rq	canlimit	first+last	CANDIDATE_LIMIT
rq	FileSymbols	exact	FileSymbols
rq	file_symbols	case	FileSymbols
rq	filsym	abbr3	FileSymbols
rq	fisy	abbr2	FileSymbols
rq	flsymb	consonants	FileSymbols
rq	iFleSymbols	typo	FileSymbols
rq	fil*sym	glob	FileSymbols
rq	filsymbols	first+last	FileSymbols
rq	Hit	exact	Hit
rq	BRANCH_FILES_TTL_SECS	exact	BRANCH_FILES_TTL_SECS
rq	branchFilesTtlSecs	case	BRANCH_FILES_TTL_SECS
rq	brafilttlsec	abbr3	BRANCH_FILES_TTL_SECS
rq	brfittse	abbr2	BRANCH_FILES_TTL_SECS
rq	brnchf	consonants	BRANCH_FILES_TTL_SECS
rq	BRANCH_FILES_TLT_SECS	typo	BRANCH_FILES_TTL_SECS
rq	bra*sec	glob	BRANCH_FILES_TTL_SECS
rq	brasecs	first+last	BRANCH_FILES_TTL_SECS
rq	from_bytes	exact	from_bytes
rq	fromBytes	case	from_bytes
rq	frobyt	abbr3	from_bytes
rq	frby	abbr2	from_bytes
rq	frmbyt	consonants	from_bytes
rq	form_bytes	typo	from_bytes
rq	fro*byt	glob	from_bytes
rq	frobytes	first+last	from_bytes
rq	Signature::from_bytes	qualified	from_bytes
rq	BRANCH_FILES_TTL_MAX_SECS	exact	BRANCH_FILES_TTL_MAX_SECS
rq	branchFilesTtlMaxSecs	case	BRANCH_FILES_TTL_MAX_SECS
rq	brafilttlmaxsec	abbr3	BRANCH_FILES_TTL_MAX_SECS
rq	brfittmase	abbr2	BRANCH_FILES_TTL_MAX_SECS
rq	brnchf	consonants	BRANCH_FILES_TTL_MAX_SECS
rq	BRANHC_FILES_TTL_MAX_SECS	typo	BRANCH_FILES_TTL_MAX_SECS
rq	bra*sec	glob	BRANCH_FILES_TTL_MAX_SECS
rq	brasecs	first+last	BRANCH_FILES_TTL_MAX_SECS
rq	add_chars	exact	add_chars
rq	addChars	case	add_chars
rq	addcha	abbr3	add_chars
rq	adch	abbr2	add_chars
rq	addchr	consonants	add_chars
rq	add_chasr	typo	add_chars
rq	add*cha	glob	add_chars
rq	addchars	first+last	add_chars
rq	Signature::add_chars	qualified	add_chars
rq	SymbolRow	exact	SymbolRow
rq	symbol_row	case	SymbolRow
rq	symrow	abbr3	SymbolRow
rq	syro	abbr2	SymbolRow
rq	symblr	consonants	SymbolRow
rq	SymboRlow	typo	SymbolRow
rq	sym*row	glob	SymbolRow
rq	symrow	first+last	SymbolRow
rq	worktree_edits	exact	worktree_edits
rq	worktreeEdits	case	worktree_edits
rq	woredi	abbr3	worktree_edits
rq	woed	abbr2	worktree_edits
rq	wrktrd	consonants	worktree_edits
rq	wroktree_edits	typo	worktree_edits
rq	wor*edi	glob	worktree_edits
rq	woredits	first+last	worktree_edits
rq	match_quality	exact	match_quality
rq	matchQuality	case	match_quality
rq	matqua	abbr3	match_quality
rq	maqu	abbr2	match_quality
rq	mtchql	consonants	match_quality
rq	match_quailty	typo	match_quality
rq	mat*qua	glob	match_quality
rq	matquality	first+last	match_quality
rq	draw_progress	exact	draw_progress
rq	drawProgress	case	draw_progress
rq	drapro	abbr3	draw_progress
rq	drpr	abbr2	draw_progress
rq	drwprg	consonants	draw_progress
rq	draw_progerss	typo	draw_progress
rq	dra*pro	glob	draw_progress
rq	draprogress	first+last	draw_progress
trekr	Reader	exact	Reader
trekr	rdr	consonants	Reader
trekr	Reaedr	typo	Reader
trekr	pos	exact	pos
trekr	IO::pos	qualified	pos
trekr	walk	exact	walk
trekr	visit_def_node	exact	visit_def_node
trekr	visitDefNode	case	visit_def_node
trekr	visdefnod	abbr3	visit_def_node
trekr	videno	abbr2	visit_def_node
trekr	vstdfn	consonants	visit_def_node
trekr	visitd_ef_node	typo	visit_def_node
trekr	vis*nod	glob	visit_def_node
trekr	visnode	first+last	visit_def_node
trekr	Walker::visit_def_node	qualified	visit_def_node
trekr	Indexer	exact	Indexer
trekr	indxr	consonants	Indexer
trekr	Inedxer	typo	Indexer
trekr	checkout_for	exact	checkout_for
trekr	checkoutFor	case	checkout_for
trekr	chefor	abbr3	checkout_for
trekr	chfo	abbr2	checkout_for
trekr	chcktf	consonants	checkout_for
trekr	hceckout_for	typo	checkout_for
trekr	che*for	glob	checkout_for
trekr	chefor	first+last	checkout_for
trekr	PROBE	exact	PROBE
trekr	prb	consonants	PROBE
trekr	PRBOE	typo	PROBE
trekr	markdown	exact	markdown
trekr	mrkdwn	consonants	markdown
trekr	mardkown	typo	markdown
trekr	Card::markdown	qualified	markdown
trekr	visit_constant_path_node	exact	visit_constant_path_node
trekr	visitConstantPathNode	case	visit_constant_path_node
trekr	visconpatnod	abbr3	visit_constant_path_node
trekr	vicopano	abbr2	visit_constant_path_node
trekr	vstcns	consonants	visit_constant_path_node
trekr	visit_cnostant_path_node	typo	visit_constant_path_node
trekr	vis*nod	glob	visit_constant_path_node
trekr	visnode	first+last	visit_constant_path_node
trekr	Extractor::visit_constant_path_node	qualified	visit_constant_path_node
trekr	is_hole	exact	is_hole
trekr	isHole	case	is_hole
trekr	ishol	abbr3	is_hole
trekr	isho	abbr2	is_hole
trekr	ishl	consonants	is_hole
trekr	is_hloe	typo	is_hole
trekr	is*hol	glob	is_hole
trekr	ishole	first+last	is_hole
trekr	Located::is_hole	qualified	is_hole
trekr	launch_path	exact	launch_path
trekr	launchPath	case	launch_path
trekr	laupat	abbr3	launch_path
trekr	lapa	abbr2	launch_path
trekr	lnchpt	consonants	launch_path
trekr	luanch_path	typo	launch_path
trekr	lau*pat	glob	launch_path
trekr	laupath	first+last	launch_path
trekr	scan_files	exact	scan_files
trekr	scanFiles	case	scan_files
trekr	scafil	abbr3	scan_files
trekr	scfi	abbr2	scan_files
trekr	scnfls	consonants	scan_files
trekr	scan_filse	typo	scan_files
trekr	sca*fil	glob	scan_files
trekr	scafiles	first+last	scan_files
trekr	forget	exact	forget
trekr	frgt	consonants	forget
trekr	fogret	typo	forget
trekr	visit_optional_keyword_parameter_node	exact	visit_optional_keyword_parameter_node
trekr	visitOptionalKeywordParameterNode	case	visit_optional_keyword_parameter_node
trekr	visoptkeyparnod	abbr3	visit_optional_keyword_parameter_node
trekr	viopkepano	abbr2	visit_optional_keyword_parameter_node
trekr	vstptn	consonants	visit_optional_keyword_parameter_node
trekr	viist_optional_keyword_parameter_node	typo	visit_optional_keyword_parameter_node
trekr	vis*nod	glob	visit_optional_keyword_parameter_node
trekr	visnode	first+last	visit_optional_keyword_parameter_node
trekr	Walker::visit_optional_keyword_parameter_node	qualified	visit_optional_keyword_parameter_node
trekr	add_locals	exact	add_locals
trekr	addLocals	case	add_locals
trekr	addloc	abbr3	add_locals
trekr	adlo	abbr2	add_locals
trekr	addlcl	consonants	add_locals
trekr	ad_dlocals	typo	add_locals
trekr	add*loc	glob	add_locals
trekr	addlocals	first+last	add_locals
trekr	MixinKind	exact	MixinKind
trekr	mixin_kind	case	MixinKind
trekr	mixkin	abbr3	MixinKind
trekr	miki	abbr2	MixinKind
trekr	mxnknd	consonants	MixinKind
trekr	iMxinKind	typo	MixinKind
trekr	mix*kin	glob	MixinKind
trekr	mixkind	first+last	MixinKind
trekr	local_var	exact	local_var
trekr	localVar	case	local_var
trekr	locvar	abbr3	local_var
trekr	lova	abbr2	local_var
trekr	lclvr	consonants	local_var
trekr	local_vra	typo	local_var
trekr	loc*var	glob	local_var
trekr	locvar	first+last	local_var
trekr	Walker::local_var	qualified	local_var
trekr	Cut	exact	Cut
trekr	gather_refs	exact	gather_refs
trekr	gatherRefs	case	gather_refs
trekr	gatref	abbr3	gather_refs
trekr	gare	abbr2	gather_refs
trekr	gthrrf	consonants	gather_refs
trekr	gathre_refs	typo	gather_refs
trekr	gat*ref	glob	gather_refs
trekr	gatrefs	first+last	gather_refs
trekr	indexed	exact	indexed
trekr	indxd	consonants	indexed
trekr	idnexed	typo	indexed
trekr	Session::indexed	qualified	indexed
trekr	refresh_for_query	exact	refresh_for_query
trekr	refreshForQuery	case	refresh_for_query
trekr	refforque	abbr3	refresh_for_query
trekr	refoqu	abbr2	refresh_for_query
trekr	rfrshf	consonants	refresh_for_query
trekr	refersh_for_query	typo	refresh_for_query
trekr	ref*que	glob	refresh_for_query
trekr	refquery	first+last	refresh_for_query
trekr	visit_constant_read_node	exact	visit_constant_read_node
trekr	visitConstantReadNode	case	visit_constant_read_node
trekr	visconreanod	abbr3	visit_constant_read_node
trekr	vicoreno	abbr2	visit_constant_read_node
trekr	vstcns	consonants	visit_constant_read_node
trekr	visit_constant_readn_ode	typo	visit_constant_read_node
trekr	vis*nod	glob	visit_constant_read_node
trekr	visnode	first+last	visit_constant_read_node
trekr	Extractor::visit_constant_read_node	qualified	visit_constant_read_node
trekr	visit_if_node	exact	visit_if_node
trekr	visitIfNode	case	visit_if_node
trekr	visifnod	abbr3	visit_if_node
trekr	viifno	abbr2	visit_if_node
trekr	vstfnd	consonants	visit_if_node
trekr	visiti_f_node	typo	visit_if_node
trekr	vis*nod	glob	visit_if_node
trekr	visnode	first+last	visit_if_node
trekr	Walker::visit_if_node	qualified	visit_if_node
trekr	Anchor	exact	Anchor
trekr	anchr	consonants	Anchor
trekr	nAchor	typo	Anchor
trekr	sweep	exact	sweep
trekr	swp	consonants	sweep
trekr	wseep	typo	sweep
trekr	is_directive_line	exact	is_directive_line
trekr	isDirectiveLine	case	is_directive_line
trekr	isdirlin	abbr3	is_directive_line
trekr	isdili	abbr2	is_directive_line
trekr	isdrct	consonants	is_directive_line
trekr	is_dierctive_line	typo	is_directive_line
trekr	is*lin	glob	is_directive_line
trekr	isline	first+last	is_directive_line
trekr	cmd_bare	exact	cmd_bare
trekr	cmdBare	case	cmd_bare
trekr	cmdbar	abbr3	cmd_bare
trekr	cmba	abbr2	cmd_bare
trekr	cmdbr	consonants	cmd_bare
trekr	cm_dbare	typo	cmd_bare
trekr	cmd*bar	glob	cmd_bare
trekr	cmdbare	first+last	cmd_bare
trekr	type_name	exact	type_name
trekr	typeName	case	type_name
trekr	typnam	abbr3	type_name
trekr	tyna	abbr2	type_name
trekr	typnm	consonants	type_name
trekr	tyep_name	typo	type_name
trekr	typ*nam	glob	type_name
trekr	typname	first+last	type_name
trekr	await_exit	exact	await_exit
trekr	awaitExit	case	await_exit
trekr	awaexi	abbr3	await_exit
trekr	awex	abbr2	await_exit
trekr	awtxt	consonants	await_exit
trekr	awai_texit	typo	await_exit
trekr	awa*exi	glob	await_exit
trekr	awaexit	first+last	await_exit
trekr	reaching_writes	exact	reaching_writes
trekr	reachingWrites	case	reaching_writes
trekr	reawri	abbr3	reaching_writes
trekr	rchngw	consonants	reaching_writes
trekr	reaching_wirtes	typo	reaching_writes
trekr	rea*wri	glob	reaching_writes
trekr	reawrites	first+last	reaching_writes
trekr	Names	exact	Names
trekr	nms	consonants	Names
trekr	Naems	typo	Names
trekr	detail	exact	detail
trekr	dtl	consonants	detail
trekr	detial	typo	detail
trekr	Log::detail	qualified	detail
trekr	DISK_CACHE	exact	DISK_CACHE
trekr	diskCache	case	DISK_CACHE
trekr	discac	abbr3	DISK_CACHE
trekr	dica	abbr2	DISK_CACHE
trekr	dskcch	consonants	DISK_CACHE
trekr	DISK_CAHCE	typo	DISK_CACHE
trekr	dis*cac	glob	DISK_CACHE
trekr	discache	first+last	DISK_CACHE
trekr	Client	exact	Client
trekr	clnt	consonants	Client
trekr	Clinet	typo	Client
trekr	Counted	exact	Counted
trekr	cntd	consonants	Counted
trekr	oCunted	typo	Counted
trekr	saw_file	exact	saw_file
trekr	sawFile	case	saw_file
trekr	sawfil	abbr3	saw_file
trekr	safi	abbr2	saw_file
trekr	swfl	consonants	saw_file
trekr	asw_file	typo	saw_file
trekr	saw*fil	glob	saw_file
trekr	sawfile	first+last	saw_file
trekr	Profile::saw_file	qualified	saw_file
trekr	outline	exact	outline
trekr	otln	consonants	outline
trekr	outilne	typo	outline
trekr	Binding	exact	Binding
trekr	bndng	consonants	Binding
trekr	Bidning	typo	Binding
trekr	found_place	exact	found_place
trekr	foundPlace	case	found_place
trekr	foupla	abbr3	found_place
trekr	fopl	abbr2	found_place
trekr	fndplc	consonants	found_place
trekr	found_lpace	typo	found_place
trekr	fou*pla	glob	found_place
trekr	fouplace	first+last	found_place
trekr	store	exact	store
trekr	sotre	typo	store
trekr	Session::store	qualified	store
trekr	anchored	exact	anchored
trekr	anchrd	consonants	anchored
trekr	nachored	typo	anchored
trekr	implementers_of	exact	implementers_of
trekr	implementersOf	case	implementers_of
trekr	impof	abbr3	implementers_of
trekr	imof	abbr2	implementers_of
trekr	implmn	consonants	implementers_of
trekr	implmeenters_of	typo	implementers_of
trekr	imp*of	glob	implementers_of
trekr	impof	first+last	implementers_of
trekr	unanswered_guess	exact	unanswered_guess
trekr	unansweredGuess	case	unanswered_guess
trekr	unague	abbr3	unanswered_guess
trekr	ungu	abbr2	unanswered_guess
trekr	unnswr	consonants	unanswered_guess
trekr	unanswered_ugess	typo	unanswered_guess
trekr	una*gue	glob	unanswered_guess
trekr	unaguess	first+last	unanswered_guess
trekr	watch_request	exact	watch_request
trekr	watchRequest	case	watch_request
trekr	watreq	abbr3	watch_request
trekr	ware	abbr2	watch_request
trekr	wtchrq	consonants	watch_request
trekr	watch_reuqest	typo	watch_request
trekr	wat*req	glob	watch_request
trekr	watrequest	first+last	watch_request
trekr	offset_of	exact	offset_of
trekr	offsetOf	case	offset_of
trekr	offof	abbr3	offset_of
trekr	ofof	abbr2	offset_of
trekr	offstf	consonants	offset_of
trekr	ofsfet_of	typo	offset_of
trekr	off*of	glob	offset_of
trekr	offof	first+last	offset_of
trekr	apply_edit	exact	apply_edit
trekr	applyEdit	case	apply_edit
trekr	appedi	abbr3	apply_edit
trekr	aped	abbr2	apply_edit
trekr	applyd	consonants	apply_edit
trekr	apply_eidt	typo	apply_edit
trekr	app*edi	glob	apply_edit
trekr	appedit	first+last	apply_edit
trekr	written_at	exact	written_at
trekr	writtenAt	case	written_at
trekr	wriat	abbr3	written_at
trekr	wrat	abbr2	written_at
trekr	wrttnt	consonants	written_at
trekr	rwitten_at	typo	written_at
trekr	wri*at	glob	written_at
trekr	wriat	first+last	written_at
trekr	is_cancelled	exact	is_cancelled
trekr	isCancelled	case	is_cancelled
trekr	iscan	abbr3	is_cancelled
trekr	isca	abbr2	is_cancelled
trekr	iscncl	consonants	is_cancelled
trekr	is_acncelled	typo	is_cancelled
trekr	is*can	glob	is_cancelled
trekr	iscancelled	first+last	is_cancelled
trekr	Inbox::is_cancelled	qualified	is_cancelled
trekr	write_handoff	exact	write_handoff
trekr	writeHandoff	case	write_handoff
trekr	wrihan	abbr3	write_handoff
trekr	wrha	abbr2	write_handoff
trekr	wrthnd	consonants	write_handoff
trekr	write_ahndoff	typo	write_handoff
trekr	wri*han	glob	write_handoff
trekr	wrihandoff	first+last	write_handoff
trekr	parse_paths	exact	parse_paths
trekr	parsePaths	case	parse_paths
trekr	parpat	abbr3	parse_paths
trekr	papa	abbr2	parse_paths
trekr	prspth	consonants	parse_paths
trekr	pasre_paths	typo	parse_paths
trekr	par*pat	glob	parse_paths
trekr	parpaths	first+last	parse_paths
trekr	block_given	exact	block_given
trekr	blockGiven	case	block_given
trekr	blogiv	abbr3	block_given
trekr	blgi	abbr2	block_given
trekr	blckgv	consonants	block_given
trekr	lbock_given	typo	block_given
trekr	blo*giv	glob	block_given
trekr	blogiven	first+last	block_given
trekr	enclosing_def	exact	enclosing_def
trekr	enclosingDef	case	enclosing_def
trekr	encdef	abbr3	enclosing_def
trekr	ende	abbr2	enclosing_def
trekr	enclsn	consonants	enclosing_def
trekr	enclosing_dfe	typo	enclosing_def
trekr	enc*def	glob	enclosing_def
trekr	encdef	first+last	enclosing_def
trekr	bind_alias	exact	bind_alias
trekr	bindAlias	case	bind_alias
trekr	binali	abbr3	bind_alias
trekr	bial	abbr2	bind_alias
trekr	bndls	consonants	bind_alias
trekr	bidn_alias	typo	bind_alias
trekr	bin*ali	glob	bind_alias
trekr	binalias	first+last	bind_alias
trekr	Extractor::bind_alias	qualified	bind_alias
trekr	split	exact	split
trekr	splt	consonants	split
trekr	splti	typo	split
trekr	File::split	qualified	split
trekr	answering_about	exact	answering_about
trekr	answeringAbout	case	answering_about
trekr	ansabo	abbr3	answering_about
trekr	anab	abbr2	answering_about
trekr	answrn	consonants	answering_about
trekr	answering_baout	typo	answering_about
trekr	ans*abo	glob	answering_about
trekr	ansabout	first+last	answering_about
trekr	write	exact	write
trekr	wrt	consonants	write
trekr	wriet	typo	write
trekr	FxHasher::write	qualified	write
trekr	iso8601	exact	iso8601
trekr	iso_8601	case	iso8601
trekr	const_name	exact	const_name
trekr	constName	case	const_name
trekr	connam	abbr3	const_name
trekr	cona	abbr2	const_name
trekr	cnstnm	consonants	const_name
trekr	const_naem	typo	const_name
trekr	con*nam	glob	const_name
trekr	conname	first+last	const_name
trekr	wire	exact	wire
trekr	highlight	exact	highlight
trekr	hghlgh	consonants	highlight
trekr	ihghlight	typo	highlight
trekr	path	exact	path
trekr	Launched::path	qualified	path
trekr	ruby_files	exact	ruby_files
trekr	rubyFiles	case	ruby_files
trekr	rubfil	abbr3	ruby_files
trekr	rufi	abbr2	ruby_files
trekr	rbyfls	consonants	ruby_files
trekr	ruby_ifles	typo	ruby_files
trekr	rub*fil	glob	ruby_files
trekr	rubfiles	first+last	ruby_files
trekr	NONE	exact	NONE
trekr	Tally	exact	Tally
trekr	tlly	consonants	Tally
trekr	Talyl	typo	Tally
trekr	resolve_at	exact	resolve_at
trekr	resolveAt	case	resolve_at
trekr	resat	abbr3	resolve_at
trekr	reat	abbr2	resolve_at
trekr	rslvt	consonants	resolve_at
trekr	resolv_eat	typo	resolve_at
trekr	res*at	glob	resolve_at
trekr	resat	first+last	resolve_at
trekr	Tree::resolve_at	qualified	resolve_at
trekr	typed	exact	typed
trekr	typd	consonants	typed
trekr	tyepd	typo	typed
trekr	convert	exact	convert
trekr	cnvrt	consonants	convert
trekr	cnovert	typo	convert
trekr	Phase	exact	Phase
trekr	phs	consonants	Phase
trekr	Pahse	typo	Phase
trekr	version	exact	version
trekr	vrsn	consonants	version
trekr	evrsion	typo	version
trekr	Document::version	qualified	version
trekr	document_highlight	exact	document_highlight
trekr	documentHighlight	case	document_highlight
trekr	dochig	abbr3	document_highlight
trekr	dohi	abbr2	document_highlight
trekr	dcmnth	consonants	document_highlight
trekr	doucment_highlight	typo	document_highlight
trekr	doc*hig	glob	document_highlight
trekr	dochighlight	first+last	document_highlight
trekr	visit_rescue_modifier_node	exact	visit_rescue_modifier_node
trekr	visitRescueModifierNode	case	visit_rescue_modifier_node
trekr	visresmodnod	abbr3	visit_rescue_modifier_node
trekr	viremono	abbr2	visit_rescue_modifier_node
trekr	vstrsc	consonants	visit_rescue_modifier_node
trekr	viist_rescue_modifier_node	typo	visit_rescue_modifier_node
trekr	vis*nod	glob	visit_rescue_modifier_node
trekr	visnode	first+last	visit_rescue_modifier_node
trekr	Walker::visit_rescue_modifier_node	qualified	visit_rescue_modifier_node
trekr	to_pos	exact	to_pos
trekr	toPos	case	to_pos
trekr	topos	abbr3	to_pos
trekr	topo	abbr2	to_pos
trekr	tps	consonants	to_pos
trekr	top_os	typo	to_pos
trekr	to*pos	glob	to_pos
trekr	topos	first+last	to_pos
trekr	members	exact	members
trekr	mmbrs	consonants	members
trekr	membesr	typo	members
trekr	Data::members	qualified	members
trekr	visit_local_variable_target_node	exact	visit_local_variable_target_node
trekr	visitLocalVariableTargetNode	case	visit_local_variable_target_node
trekr	vislocvartarnod	abbr3	visit_local_variable_target_node
trekr	vilovatano	abbr2	visit_local_variable_target_node
trekr	vstlcl	consonants	visit_local_variable_target_node
trekr	visit_local_vraiable_target_node	typo	visit_local_variable_target_node
trekr	vis*nod	glob	visit_local_variable_target_node
trekr	visnode	first+last	visit_local_variable_target_node
trekr	Walker::visit_local_variable_target_node	qualified	visit_local_variable_target_node
trekr	mixins	exact	mixins
trekr	mxns	consonants	mixins
trekr	mxiins	typo	mixins
trekr	EntryRef::mixins	qualified	mixins
trekr	site_path	exact	site_path
trekr	sitePath	case	site_path
trekr	sitpat	abbr3	site_path
trekr	sipa	abbr2	site_path
trekr	stpth	consonants	site_path
trekr	iste_path	typo	site_path
trekr	sit*pat	glob	site_path
trekr	sitpath	first+last	site_path
trekr	CoreFile::site_path	qualified	site_path
trekr	Under	exact	Under
trekr	undr	consonants	Under
trekr	Undre	typo	Under
trekr	covers	exact	covers
trekr	cvrs	consonants	covers
trekr	cvoers	typo	covers
trekr	Overload::covers	qualified	covers
trekr	comment_block	exact	comment_block
trekr	commentBlock	case	comment_block
trekr	comblo	abbr3	comment_block
trekr	cobl	abbr2	comment_block
trekr	cmmntb	consonants	comment_block
trekr	commentb_lock	typo	comment_block
trekr	com*blo	glob	comment_block
trekr	comblock	first+last	comment_block
trekr	range	exact	range
trekr	rng	consonants	range
trekr	rnage	typo	range
trekr	NameRef::range	qualified	range
trekr	member	exact	member
trekr	mmbr	consonants	member
trekr	emmber	typo	member
trekr	Walker::member	qualified	member
trekr	method_name	exact	method_name
trekr	methodName	case	method_name
trekr	metnam	abbr3	method_name
trekr	mena	abbr2	method_name
trekr	mthdnm	consonants	method_name
trekr	method_naem	typo	method_name
trekr	met*nam	glob	method_name
trekr	metname	first+last	method_name
trekr	generated	exact	generated
trekr	gnrtd	consonants	generated
trekr	generaetd	typo	generated
trekr	ranked	exact	ranked
trekr	rnkd	consonants	ranked
trekr	rankde	typo	ranked
trekr	Described	exact	Described
trekr	dscrbd	consonants	Described
trekr	Desrcibed	typo	Described
trekr	literal_each	exact	literal_each
trekr	literalEach	case	literal_each
trekr	liteac	abbr3	literal_each
trekr	liea	abbr2	literal_each
trekr	ltrlch	consonants	literal_each
trekr	literale_ach	typo	literal_each
trekr	lit*eac	glob	literal_each
trekr	liteach	first+last	literal_each
trekr	call_at	exact	call_at
trekr	callAt	case	call_at
trekr	calat	abbr3	call_at
trekr	caat	abbr2	call_at
trekr	cllt	consonants	call_at
trekr	acll_at	typo	call_at
trekr	cal*at	glob	call_at
trekr	calat	first+last	call_at
trekr	handle_dsl	exact	handle_dsl
trekr	handleDsl	case	handle_dsl
trekr	handsl	abbr3	handle_dsl
trekr	hads	abbr2	handle_dsl
trekr	hndlds	consonants	handle_dsl
trekr	handled_sl	typo	handle_dsl
trekr	han*dsl	glob	handle_dsl
trekr	handsl	first+last	handle_dsl
trekr	Extractor::handle_dsl	qualified	handle_dsl
trekr	here	exact	here
trekr	shares_namespace	exact	shares_namespace
trekr	sharesNamespace	case	shares_namespace
trekr	shanam	abbr3	shares_namespace
trekr	shna	abbr2	shares_namespace
trekr	shrsnm	consonants	shares_namespace
trekr	shares_nmaespace	typo	shares_namespace
trekr	sha*nam	glob	shares_namespace
trekr	shanamespace	first+last	shares_namespace
trekr	Store	exact	Store
trekr	Stoer	typo	Store
trekr	file_of	exact	file_of
trekr	fileOf	case	file_of
trekr	filof	abbr3	file_of
trekr	fiof	abbr2	file_of
trekr	flf	consonants	file_of
trekr	ifle_of	typo	file_of
trekr	fil*of	glob	file_of
trekr	filof	first+last	file_of
trekr	parse	exact	parse
trekr	prs	consonants	parse
trekr	pasre	typo	parse
trekr	Snapshot::parse	qualified	parse
trekr	take_unindexed	exact	take_unindexed
trekr	takeUnindexed	case	take_unindexed
trekr	takuni	abbr3	take_unindexed
trekr	taun	abbr2	take_unindexed
trekr	tknndx	consonants	take_unindexed
trekr	take_uinndexed	typo	take_unindexed
trekr	tak*uni	glob	take_unindexed
trekr	takunindexed	first+last	take_unindexed
trekr	Session::take_unindexed	qualified	take_unindexed
trekr	span	exact	span
trekr	LineIndex::span	qualified	span
trekr	flag	exact	flag
trekr	MIXIN_WORDS	exact	MIXIN_WORDS
trekr	mixinWords	case	MIXIN_WORDS
trekr	mixwor	abbr3	MIXIN_WORDS
trekr	miwo	abbr2	MIXIN_WORDS
trekr	mxnwrd	consonants	MIXIN_WORDS
trekr	MIIXN_WORDS	typo	MIXIN_WORDS
trekr	mix*wor	glob	MIXIN_WORDS
trekr	mixwords	first+last	MIXIN_WORDS
trekr	is_checkout_of	exact	is_checkout_of
trekr	isCheckoutOf	case	is_checkout_of
trekr	ischeof	abbr3	is_checkout_of
trekr	ischof	abbr2	is_checkout_of
trekr	ischck	consonants	is_checkout_of
trekr	is_hceckout_of	typo	is_checkout_of
trekr	is*of	glob	is_checkout_of
trekr	isof	first+last	is_checkout_of
trekr	shared_directories	exact	shared_directories
trekr	sharedDirectories	case	shared_directories
trekr	shadir	abbr3	shared_directories
trekr	shdi	abbr2	shared_directories
trekr	shrddr	consonants	shared_directories
trekr	shared_dircetories	typo	shared_directories
trekr	sha*dir	glob	shared_directories
trekr	shadirectories	first+last	shared_directories
trekr	more	exact	more
trekr	Opens	exact	Opens
trekr	opns	consonants	Opens
trekr	Oepns	typo	Opens
trekr	Site	exact	Site
trekr	normalize	exact	normalize
trekr	nrmlz	consonants	normalize
trekr	normailze	typo	normalize
trekr	variants_of	exact	variants_of
trekr	variantsOf	case	variants_of
trekr	varof	abbr3	variants_of
trekr	vaof	abbr2	variants_of
trekr	vrntsf	consonants	variants_of
trekr	varianst_of	typo	variants_of
trekr	var*of	glob	variants_of
trekr	varof	first+last	variants_of
trekr	Tree::variants_of	qualified	variants_of
trekr	find_git_checkout	exact	find_git_checkout
trekr	findGitCheckout	case	find_git_checkout
trekr	fingitche	abbr3	find_git_checkout
trekr	figich	abbr2	find_git_checkout
trekr	fndgtc	consonants	find_git_checkout
trekr	find_gitc_heckout	typo	find_git_checkout
trekr	fin*che	glob	find_git_checkout
trekr	fincheckout	first+last	find_git_checkout
trekr	locate_query	exact	locate_query
trekr	locateQuery	case	locate_query
trekr	locque	abbr3	locate_query
trekr	loqu	abbr2	locate_query
trekr	lctqry	consonants	locate_query
trekr	locate_queyr	typo	locate_query
trekr	loc*que	glob	locate_query
trekr	locquery	first+last	locate_query
trekr	Session::locate_query	qualified	locate_query
trekr	DEFAULT_LIMIT	exact	DEFAULT_LIMIT
trekr	defaultLimit	case	DEFAULT_LIMIT
trekr	deflim	abbr3	DEFAULT_LIMIT
trekr	dfltlm	consonants	DEFAULT_LIMIT
trekr	DEFAUL_TLIMIT	typo	DEFAULT_LIMIT
trekr	def*lim	glob	DEFAULT_LIMIT
trekr	deflimit	first+last	DEFAULT_LIMIT
trekr	label	exact	label
trekr	lbl	consonants	label
trekr	laebl	typo	label
trekr	Outcome::label	qualified	label
trekr	FILES_CALLING	exact	FILES_CALLING
trekr	filesCalling	case	FILES_CALLING
trekr	filcal	abbr3	FILES_CALLING
trekr	fica	abbr2	FILES_CALLING
trekr	flscll	consonants	FILES_CALLING
trekr	FILES_CALILNG	typo	FILES_CALLING
trekr	fil*cal	glob	FILES_CALLING
trekr	filcalling	first+last	FILES_CALLING
trekr	def	exact	def
trekr	Extractor::def	qualified	def
trekr	target	exact	target
trekr	trgt	consonants	target
trekr	atrget	typo	target
trekr	Encoder::target	qualified	target
trekr	report	exact	report
trekr	rprt	consonants	report
trekr	erport	typo	report
trekr	Phases::report	qualified	report
trekr	read_input	exact	read_input
trekr	readInput	case	read_input
trekr	reainp	abbr3	read_input
trekr	rdnpt	consonants	read_input
trekr	reda_input	typo	read_input
trekr	rea*inp	glob	read_input
trekr	reainput	first+last	read_input
trekr	prose_lines	exact	prose_lines
trekr	proseLines	case	prose_lines
trekr	prolin	abbr3	prose_lines
trekr	prli	abbr2	prose_lines
trekr	prslns	consonants	prose_lines
trekr	prsoe_lines	typo	prose_lines
trekr	pro*lin	glob	prose_lines
trekr	prolines	first+last	prose_lines
trekr	get	exact	get
trekr	Names::get	qualified	get
trekr	same	exact	same
trekr	Vars::same	qualified	same
trekr	Stamp	exact	Stamp
trekr	stmp	consonants	Stamp
trekr	Stmap	typo	Stamp
trekr	Spelling	exact	Spelling
trekr	spllng	consonants	Spelling
trekr	Spellnig	typo	Spelling
trekr	merge_files	exact	merge_files
trekr	mergeFiles	case	merge_files
trekr	merfil	abbr3	merge_files
trekr	mefi	abbr2	merge_files
trekr	mrgfls	consonants	merge_files
trekr	merge_fiels	typo	merge_files
trekr	mer*fil	glob	merge_files
trekr	merfiles	first+last	merge_files
trekr	Profile::merge_files	qualified	merge_files
trekr	associated_class	exact	associated_class
trekr	associatedClass	case	associated_class
trekr	asscla	abbr3	associated_class
trekr	ascl	abbr2	associated_class
trekr	assctd	consonants	associated_class
trekr	associtaed_class	typo	associated_class
trekr	ass*cla	glob	associated_class
trekr	assclass	first+last	associated_class
trekr	Bytes	exact	Bytes
trekr	byts	consonants	Bytes
trekr	Byets	typo	Bytes
trekr	Writer	exact	Writer
trekr	wrtr	consonants	Writer
trekr	Wrtier	typo	Writer
trekr	outcome	exact	outcome
trekr	otcm	consonants	outcome
trekr	uotcome	typo	outcome
trekr	unresolved_behind	exact	unresolved_behind
trekr	unresolvedBehind	case	unresolved_behind
trekr	unrbeh	abbr3	unresolved_behind
trekr	unbe	abbr2	unresolved_behind
trekr	unrslv	consonants	unresolved_behind
trekr	unresolve_dbehind	typo	unresolved_behind
trekr	unr*beh	glob	unresolved_behind
trekr	unrbehind	first+last	unresolved_behind
trekr	block	exact	block
trekr	blck	consonants	block
trekr	bolck	typo	block
trekr	Walker::block	qualified	block
trekr	handle_enum	exact	handle_enum
trekr	handleEnum	case	handle_enum
trekr	hanenu	abbr3	handle_enum
trekr	haen	abbr2	handle_enum
trekr	hndlnm	consonants	handle_enum
trekr	hadnle_enum	typo	handle_enum
trekr	han*enu	glob	handle_enum
trekr	hanenum	first+last	handle_enum
trekr	Extractor::handle_enum	qualified	handle_enum
trekr	names_file	exact	names_file
trekr	namesFile	case	names_file
trekr	namfil	abbr3	names_file
trekr	nafi	abbr2	names_file
trekr	nmsfl	consonants	names_file
trekr	namesf_ile	typo	names_file
trekr	nam*fil	glob	names_file
trekr	namfile	first+last	names_file
trekr	paths::names_file	qualified	names_file
trekr	empty	exact	empty
trekr	empyt	typo	empty
trekr	progress	exact	progress
trekr	prgrss	consonants	progress
trekr	rpogress	typo	progress
trekr	every_element_literal	exact	every_element_literal
trekr	everyElementLiteral	case	every_element_literal
trekr	eveelelit	abbr3	every_element_literal
trekr	evelli	abbr2	every_element_literal
trekr	evrylm	consonants	every_element_literal
trekr	every_elemen_tliteral	typo	every_element_literal
trekr	eve*lit	glob	every_element_literal
trekr	eveliteral	first+last	every_element_literal
trekr	visit_forwarding_super_node	exact	visit_forwarding_super_node
trekr	visitForwardingSuperNode	case	visit_forwarding_super_node
trekr	visforsupnod	abbr3	visit_forwarding_super_node
trekr	vifosuno	abbr2	visit_forwarding_super_node
trekr	vstfrw	consonants	visit_forwarding_super_node
trekr	visit_forwarding_super_noed	typo	visit_forwarding_super_node
trekr	vis*nod	glob	visit_forwarding_super_node
trekr	visnode	first+last	visit_forwarding_super_node
trekr	Extractor::visit_forwarding_super_node	qualified	visit_forwarding_super_node
trekr	cmd_def	exact	cmd_def
trekr	cmdDef	case	cmd_def
trekr	cmddef	abbr3	cmd_def
trekr	cmde	abbr2	cmd_def
trekr	cmddf	consonants	cmd_def
trekr	cdm_def	typo	cmd_def
trekr	cmd*def	glob	cmd_def
trekr	cmddef	first+last	cmd_def
trekr	settle	exact	settle
trekr	sttl	consonants	settle
trekr	setlte	typo	settle
trekr	Inbox::settle	qualified	settle
trekr	tail	exact	tail
trekr	refs	exact	refs
trekr	Store::refs	qualified	refs
trekr	BUCKETS	exact	BUCKETS
trekr	bckts	consonants	BUCKETS
trekr	UBCKETS	typo	BUCKETS
trekr	frame_length	exact	frame_length
trekr	frameLength	case	frame_length
trekr	fralen	abbr3	frame_length
trekr	frle	abbr2	frame_length
trekr	frmlng	consonants	frame_length
trekr	frame_lentgh	typo	frame_length
trekr	fra*len	glob	frame_length
trekr	fralength	first+last	frame_length
trekr	named_for	exact	named_for
trekr	namedFor	case	named_for
trekr	namfor	abbr3	named_for
trekr	nafo	abbr2	named_for
trekr	nmdfr	consonants	named_for
trekr	namde_for	typo	named_for
trekr	nam*for	glob	named_for
trekr	namfor	first+last	named_for
trekr	RETENTION_DAYS	exact	RETENTION_DAYS
trekr	retentionDays	case	RETENTION_DAYS
trekr	retday	abbr3	RETENTION_DAYS
trekr	reda	abbr2	RETENTION_DAYS
trekr	rtntnd	consonants	RETENTION_DAYS
trekr	RETENTIOND_AYS	typo	RETENTION_DAYS
trekr	ret*day	glob	RETENTION_DAYS
trekr	retdays	first+last	RETENTION_DAYS
trekr	new	exact	new
trekr	Document::new	qualified	new
trekr	paths	exact	paths
trekr	pths	consonants	paths
trekr	pahts	typo	paths
trekr	accessor	exact	accessor
trekr	accssr	consonants	accessor
trekr	accsesor	typo	accessor
trekr	in_method_body	exact	in_method_body
trekr	inMethodBody	case	in_method_body
trekr	inmetbod	abbr3	in_method_body
trekr	inmebo	abbr2	in_method_body
trekr	inmthd	consonants	in_method_body
trekr	in_mtehod_body	typo	in_method_body
trekr	in*bod	glob	in_method_body
trekr	inbody	first+last	in_method_body
trekr	Extractor::in_method_body	qualified	in_method_body
trekr	Generated	exact	Generated
trekr	gnrtd	consonants	Generated
trekr	Generatde	typo	Generated
trekr	literal_name	exact	literal_name
trekr	literalName	case	literal_name
trekr	litnam	abbr3	literal_name
trekr	lina	abbr2	literal_name
trekr	ltrlnm	consonants	literal_name
trekr	litearl_name	typo	literal_name
trekr	lit*nam	glob	literal_name
trekr	litname	first+last	literal_name
trekr	feature	exact	feature
trekr	ftr	consonants	feature
trekr	efature	typo	feature
trekr	position	exact	position
trekr	pstn	consonants	position
trekr	positino	typo	position
trekr	LineIndex::position	qualified	position
trekr	parse_status	exact	parse_status
trekr	parseStatus	case	parse_status
trekr	parsta	abbr3	parse_status
trekr	past	abbr2	parse_status
trekr	prsstt	consonants	parse_status
trekr	pars_estatus	typo	parse_status
trekr	par*sta	glob	parse_status
trekr	parstatus	first+last	parse_status
trekr	unread_location	exact	unread_location
trekr	unreadLocation	case	unread_location
trekr	unrloc	abbr3	unread_location
trekr	unrdlc	consonants	unread_location
trekr	nuread_location	typo	unread_location
trekr	unr*loc	glob	unread_location
trekr	unrlocation	first+last	unread_location
trekr	method_at	exact	method_at
trekr	methodAt	case	method_at
trekr	metat	abbr3	method_at
trekr	meat	abbr2	method_at
trekr	mthdt	consonants	method_at
trekr	emthod_at	typo	method_at
trekr	met*at	glob	method_at
trekr	metat	first+last	method_at
